Direct,1,2-May,Ramada,Negombo,AGT2403656,410,2,,820
Direct,2,2-May,Aradhana Food Solutions (Pvt) Ltd,Negombo,INV-44340,410,3,,"1,230"
Direct,3,2-May,Nihal Hotel,Negombo,INV-44344,410,4,,"1,640"
Direct,4,2-May,Jenat Hotel,Negombo,INV-44351,410,6,,"2,460"
Direct,5,2-May,Nimsara Hotel,Negombo,INV-44353,410,1,,410
Direct,6,2-May,Sooriya Cafe & Family Resturant - Badalgama,Negombo,INV-44355,410,1,,410
Direct,7,2-May,Lavonra Catering Service,Negombo,INV-44363,410,5,,"2,050"
Direct,8,2-May,Dinithi Baker’s,Negombo,INV-44371,410,1,,410
Direct,9,2-May,Chamara Hotel,Negombo,INV-44378,410,3,,"1,230"
Direct,10,2-May,SS Beach Cafe,Negombo,INV-44380,410,4,,"1,640"
Direct,11,2-May,Visuda Resturant,Negombo,INV-44383,410,1,,410
Direct,12,2-May,Dinithi Baker’s,Negombo,INV-44385,410,2,,820
Direct,13,2-May,Tharaka chinese restaurent and beer pub,Negombo,INV-44402,410,1,,410
Direct,14,2-May,Wasana Cake,Negombo,INV-44407,410,1,,410
Direct,15,2-May,T & T Food - Dambadeniya,Negombo,INV-44413,410,2,,820
Direct,16,2-May,Asiri Bakers,Negombo,INV-44419,410,2,,820
Direct,17,2-May,One Rice - Giriulla,Negombo,INV-44422,410,5,,"2,050"
Direct,18,2-May,Thunhela Rasahala - Dambadeniya,Negombo,INV-44426,410,1,,410
Direct,19,2-May,CP Caters - Gampaha,Negombo,INV-44428,410,3,,"1,230"
Direct,20,2-May,Land of Kings Winterfell,Negombo,INV-44430,410,5,,"2,050"
Direct,21,2-May,Lead Family Resturant - Nalla,Negombo,INV-44433,410,4,,"1,640"
Direct,22,2-May,Rashanee Chinese Restaurant - Gampaha,Negombo,INV-44435,410,2,,820
Direct,23,2-May,Sundaragma,Negombo,INV-44438,410,4,,"1,640"
Direct,24,2-May,Resheen Hotel and Banquets,Negombo,INV-44440,410,4,,"1,640"
Direct,25,2-May,Pabasara Dine Family Resturant - Udugampola,Negombo,INV-44442,410,2,,820
Direct,26,2-May,Dinuka Hotel,Negombo,INV-44443,410,3,,"1,230"
Direct,27,2-May,Happy Bright Hotel,Negombo,INV-44449,410,2,,820
Direct,28,2-May,Green Rest,Negombo,INV-44451,410,1,,410
Direct,29,2-May,One Bambo Hotel,Negombo,INV-44464,410,2,,820
Direct,30,3-May,Nayomie's Resturant,Negombo,AGT2403676,410,5,,"2,050"
Direct,31,3-May,OHL Restaurant,Negombo,INV-44467,410,1,,410
Direct,32,3-May,LM Luckymo,Negombo,INV-44468,410,2,,820
Direct,33,3-May,Hotel Blooming,Negombo,INV-44472,410,2,,820
Direct,34,3-May,Cafe two 88,Negombo,INV-44473,410,1,,410
Direct,35,3-May,Ranaveera Foods,Negombo,INV-44476,410,1,,410
Direct,36,3-May,Kandy Food Corner,Negombo,INV-44477,410,1,,410
Direct,37,3-May,ALCG Bread & Caterers - Ekala,Negombo,INV-44488,410,1,,410
Direct,38,3-May,Nadeka Hotel Ballapana,Negombo,INV-44491,410,3,,"1,230"
Direct,39,3-May,Yebina Bake House - Ballapana,Negombo,INV-44492,410,1,,410
Direct,40,3-May,New Rest House,Negombo,INV-44493,410,2,,820
Direct,41,3-May,Hot & Cool Restaurant,Negombo,INV-44494,410,1,,410
Direct,42,3-May,Nadeka Hotel Ballapana,Negombo,INV-44498,410,1,,410
Direct,43,3-May,Divashi Sinhala Hotel,Negombo,INV-44500,410,2,,820
Direct,44,3-May,Senanayaka Hotel,Negombo,INV-44503,410,1,,410
Direct,45,3-May,Sameera Bakery,Negombo,INV-44507,410,3,,"1,230"
Direct,46,3-May,Airport City Hotel - Katunayaka,Negombo,INV-44508,410,19,,"7,790"
Direct,47,3-May,Jayalath Traders,Negombo,INV-44510,410,4,,"1,640"
Direct,48,3-May,New Tamarind Tree,Negombo,INV-44519,410,3,,"1,230"
Direct,49,3-May,Madu Manjula,Negombo,INV-44521,410,2,,820
Direct,50,3-May,Kamilka Family Restaurant,Negombo,INV-44522,410,2,,820
Direct,51,3-May,Madara Bakery,Negombo,INV-44526,410,1,,410
Direct,52,3-May,Game Cafe - Ragama,Negombo,INV-44527,410,1,,410
Direct,53,3-May,Sheen Resturant - Ragama,Negombo,INV-44533,410,1,,410
Direct,54,3-May,Filo tex,Negombo,INV-44536,410,1,,410
Direct,55,3-May,Pasindu Caters,Negombo,INV-44546,410,5,,"2,050"
Direct,56,3-May,Pathima Food,Negombo,INV-44548,410,1,,410
Direct,57,3-May,Nethmi Foods,Negombo,INV-44551,410,3,,"1,230"
Direct,58,3-May,Weligampitiya Hotel,Negombo,INV-44557,410,2,,820
Direct,59,3-May,Hot Meal,Negombo,INV-44561,410,1,,410
Direct,60,3-May,Bread Cart Muddaragama,Negombo,INV-44563,410,5,,"2,050"
Direct,61,3-May,Choy's,Negombo,INV-44566,410,2,,820
Direct,62,3-May,Superma Food And Bakers,Negombo,INV-44568,410,25,,"10,250"
Direct,63,3-May,St. Joseph Reception Hall,Negombo,INV-44572,410,6,,"2,460"
Direct,64,3-May,Api Resturant,Negombo,INV-44578,410,2,,820
Direct,65,3-May,Martin Restaurant & Pizza Lab,Negombo,INV-44579,410,2,,820
Direct,66,3-May,TTJ Those,Negombo,INV-44585,410,2,,820
Direct,67,3-May,Srimali Yummy Paradise,Negombo,INV-44587,410,6,,"2,460"
Direct,68,3-May,Rani Beach Resort,Negombo,INV-44589,410,1,,410
Direct,69,3-May,Thora House,Negombo,INV-44591,410,1,,410
Direct,70,3-May,Aradhana Food Solutions (Pvt) Ltd,Negombo,INV-44595,410,2,,820
Direct,71,5-May,Sri Lankan Catering,Negombo,AGT2403685,410,6,,"2,460"
Direct,72,5-May,Nihal Hotel,Negombo,INV-44621,410,1,,410
Direct,73,5-May,Jenat Hotel,Negombo,INV-44631,410,1,,410
Direct,74,5-May,"Divine Retreat Center, Colombo",Negombo,INV-44637,410,1,,410
Direct,75,5-May,Divya Hotel,Negombo,INV-44639,410,1,,410
Direct,76,5-May,Mahaweli Hotel,Negombo,INV-44641,410,3,,"1,230"
Direct,77,5-May,Amoda Ranketh Hotel - Akaragama,Negombo,INV-44642,410,1,,410
Direct,78,5-May,Sooriya Cafe & Family Resturant - Badalgama,Negombo,INV-44646,410,2,,820
Direct,79,5-May,The Emprean Hotel,Negombo,INV-44647,410,2,,820
Direct,80,5-May,Sameera Hotel - Badalgama,Negombo,INV-44652,410,1,,410
Direct,81,5-May,Dinushan Hotel & Fruit Center,Negombo,INV-44653,410,4,,"1,640"
Direct,82,5-May,Airport City Hotel - Katunayaka,Negombo,INV-44658,410,11,,"4,510"
Direct,83,5-May,One Bambo Hotel,Negombo,INV-44659,410,2,,820
Direct,84,5-May,Dinithi Baker’s,Negombo,INV-44665,410,2,,820
Direct,85,5-May,Castle Family,Negombo,INV-44666,410,1,,410
Direct,86,5-May,New Tamarind Tree,Negombo,INV-44667,410,4,,"1,640"
Direct,87,5-May,Rich Table Family Restaurant,Negombo,INV-44673,410,1,,410
Direct,88,5-May,Gemunu Hotel,Negombo,INV-44682,410,2,,820
Direct,89,5-May,Sundaragma,Negombo,INV-44683,410,2,,820
Direct,90,5-May,Pabasara Dine Family Resturant - Udugampola,Negombo,INV-44685,410,1,,410
Direct,91,5-May,Full Moon Restaurant - Makadura,Negombo,INV-44688,410,1,,410
Direct,92,5-May,Cinnamon Resi,Negombo,INV-44689,410,2,,820
Direct,93,5-May,JOINT - Katunayaka,Negombo,INV-44696,410,1,,410
Direct,94,5-May,Saminro Reception Hall - Kadawatha,Negombo,INV-44699,410,10,,"4,100"
Direct,95,5-May,Wethmi Hotel,Negombo,INV-44700,410,1,,410
Direct,96,5-May,Sethsawi Banquet Hall,Negombo,INV-44705,410,3,,"1,230"
Direct,97,5-May,Flavours Resturant,Negombo,INV-44707,410,1,,410
Direct,98,5-May,Chef King - Kurana,Negombo,INV-44710,410,2,,820
Direct,99,5-May,Guruge Hotel - Miriswatta,Negombo,INV-44712,410,1,,410
Direct,100,5-May,Divashi Sinhala Hotel,Negombo,INV-44716,410,1,,410
Direct,101,5-May,Nethmi Foods,Negombo,INV-44720,410,2,,820
Direct,102,5-May,New Tajmahal Hotel,Negombo,INV-44721,410,6,,"2,460"
Direct,103,5-May,Roast Chiken,Negombo,INV-44724,410,6,,"2,460"
Direct,104,5-May,Jayalanka Hotel,Negombo,INV-44725,410,1,,410
Direct,105,5-May,Sethsiri Bakers And Restaurant,Negombo,INV-44730,410,1,,410
Direct,106,5-May,NC Hotel,Negombo,INV-44731,410,3,,"1,230"
Direct,107,5-May,Caya Hotel,Negombo,INV-44732,410,1,,410
Direct,108,5-May,Chef King Cafe & Restaurant - Minuwangoda,Negombo,INV-44748,410,2,,820
Direct,109,5-May,Hotel Mandakini By Land of Kings,Negombo,INV-44749,410,8,,"3,280"
Direct,110,5-May,Aradhana Food Solutions (Pvt) Ltd,Negombo,INV-44752,410,1,,410
Direct,111,6-May,Thora House,Negombo,INV-44756,410,2,,820
Direct,112,6-May,Marshal Bakery,Negombo,INV-44757,410,1,,410
Direct,113,6-May,Sisil Sewana,Negombo,INV-44758,410,1,,410
Direct,114,6-May,Priyashanthi Hotel,Negombo,INV-44759,410,2,,820
Direct,115,6-May,NR Foods,Negombo,INV-44760,410,1,,410
Direct,116,6-May,Zam Zam Hotel,Negombo,INV-44762,410,4,,"1,640"
Direct,117,6-May,Teachers Choice,Negombo,INV-44763,410,10,,"4,100"
Direct,118,6-May,Kochchikade Resturant,Negombo,INV-44764,410,1,,410
Direct,119,6-May,Ocean La Banquets,Negombo,INV-44765,410,3,,"1,230"
Direct,120,6-May,LJ Bakery,Negombo,INV-44766,410,2,,820
Direct,121,6-May,Udaya Bakery,Negombo,INV-44767,410,3,,"1,230"
Direct,122,6-May,Oreeka Hotels - Kandawala,Negombo,INV-44768,410,3,,"1,230"
Direct,123,6-May,Lotus Leaf (Dassanayake Hotel),Negombo,INV-44769,410,7,,"2,870"
Direct,124,7-May,Nayomie's Resturant,Negombo,AGT2403708,410,6,,"2,460"
Direct,125,7-May,Greens Corner - Negombo,Negombo,INV-44779,410,2,,820
Direct,126,7-May,Raheemiya Hotel,Negombo,INV-44782,410,1,,410
Direct,127,7-May,St. Joseph Hotel,Negombo,INV-44783,410,1,,410
Direct,128,7-May,Gami Rasa,Negombo,INV-44784,410,1,,410
Direct,129,7-May,Bombe Sweet Palace,Negombo,INV-44789,410,12,,"4,920"
Direct,130,7-May,Negombo Cafe,Negombo,INV-44792,410,3,,"1,230"
Direct,131,7-May,Ajmeer Hotel,Negombo,INV-44795,410,3,,"1,230"
Direct,132,7-May,Aruna Hotel,Negombo,INV-44796,410,1,,410
Direct,133,7-May,Coronation Restaurant & Bar,Negombo,INV-44798,410,1,,410
Direct,134,7-May,Paradise Hotel,Negombo,INV-44800,410,1,,410
Direct,135,7-May,Sambole Bojun Hala,Negombo,INV-44803,410,2,,820
Direct,136,7-May,New Rest House,Negombo,INV-44813,410,2,,820
Direct,137,7-May,Dinuka Hotel,Negombo,INV-44829,410,4,,"1,640"
Direct,138,7-May,Sunshine restaurant,Negombo,INV-44832,410,4,,"1,640"
Direct,139,7-May,Resheen Hotel and Banquets,Negombo,INV-44835,410,3,,"1,230"
Direct,140,7-May,The West Town,Negombo,INV-44842,410,2,,820
Direct,141,7-May,Jega Food,Negombo,INV-44844,410,1,,410
Direct,142,7-May,Golden Bird Bakers,Negombo,INV-44855,410,15,,"6,150"
Direct,143,7-May,Kandy Food Corner,Negombo,INV-44861,410,1,,410
Direct,144,7-May,Muthu Hotel & Catering Service,Negombo,INV-44869,410,2,,820
Direct,145,7-May,Sameera Bakery,Negombo,INV-44875,410,4,,"1,640"
Direct,146,7-May,Jayalath Traders,Negombo,INV-44879,410,5,,"2,050"
Direct,147,7-May,TTJ Those,Negombo,INV-44880,410,2,,820
Direct,148,7-May,T & T Food - Dambadeniya,Negombo,INV-44884,410,4,,"1,640"
Direct,149,7-May,Madara Bakery,Negombo,INV-44885,410,2,,820
Direct,150,7-May,New Sea Villa,Negombo,INV-44886,410,2,,820
Direct,151,7-May,Thunhela Rasahala - Dambadeniya,Negombo,INV-44889,410,2,,820
Direct,152,7-May,Game Cafe - Ragama,Negombo,INV-44890,410,1,,410
Direct,153,7-May,Roast Chicken - Kadana,Negombo,INV-44899,410,2,,820
Direct,154,7-May,Wasana Cake,Negombo,INV-44901,410,3,,"1,230"
Direct,155,7-May,Cafe Cassendro,Negombo,INV-44906,410,1,,410
Direct,156,7-May,St. Mary's Bakery And Grocery,Negombo,INV-44907,410,3,,"1,230"
Direct,157,7-May,Mr Foodie Grand - Kandana,Negombo,INV-44911,410,1,,410
Direct,158,7-May,Keshan Food (C & L Bakery),Negombo,INV-44912,410,1,,410
Direct,159,7-May,Deshaka Bakers,Negombo,INV-44917,410,2,,820
Direct,160,7-May,Weligampitiya Hotel,Negombo,INV-44926,410,1,,410
Direct,161,7-May,Those Kade - Ja Ela,Negombo,INV-44929,410,1,,410
Direct,162,8-May,Aradhana Food Solutions (Pvt) Ltd,Negombo,INV-44945,410,2,,820
Direct,163,8-May,Thushan Cafe & Juice Bar,Negombo,INV-44950,410,2,,820
Direct,164,8-May,Divashi Sinhala Hotel,Negombo,INV-44951,410,2,,820
Direct,165,8-May,Thilak Senanayaka Bakery,Negombo,INV-44957,410,1,,410
Direct,166,8-May,La La Food Joint,Negombo,INV-44960,410,2,,820
Direct,167,8-May,Singithi Milk Bar & Hotel,Negombo,INV-44969,410,1,,410
Direct,168,8-May,Mayya Family Resturant - Divulapitiya,Negombo,INV-44975,410,2,,820
Direct,169,8-May,Senuri Grand Castello,Negombo,INV-44985,410,15,,"6,150"
Direct,170,8-May,Nadeka Hotel Ballapana,Negombo,INV-44989,410,3,,"1,230"
Direct,171,8-May,New Tamarind Tree,Negombo,INV-45009,410,5,,"2,050"
Direct,172,8-May,Supun Hotel (Kelum Stores),Negombo,INV-45014,410,1,,410
Direct,173,8-May,Oyama Catering,Negombo,INV-45015,410,5,,"2,050"
Direct,174,8-May,Saminro Reception Hall - Kadawatha,Negombo,INV-45016,410,8,,"3,280"
Direct,175,8-May,Nethmi Foods,Negombo,INV-45019,410,1,,410
Direct,176,8-May,Bread Cart Muddaragama,Negombo,INV-45024,410,3,,"1,230"
Direct,177,8-May,Harischandra Hotel,Negombo,INV-45051,410,10,,"4,100"
Direct,178,8-May,Airport City Hotel - Katunayaka,Negombo,INV-45053,410,13,,"5,330"
Direct,179,9-May,Calton Factory Katana,Negombo,AGT2403725,410,12,,"4,920"
Direct,180,9-May,Nihal Hotel,Negombo,INV-45069,410,1,,410
Direct,181,9-May,Raneesha Bakers,Negombo,INV-45075,410,3,,"1,230"
Direct,182,9-May,Jenat Hotel,Negombo,INV-45078,410,5,,"2,050"
Direct,183,9-May,Nimsara Hotel,Negombo,INV-45082,410,1,,410
Direct,184,9-May,Optimum Restaurant,Negombo,INV-45085,410,3,,"1,230"
Direct,185,9-May,La Grande - Banquet Hotel,Negombo,INV-45087,410,2,,820
Direct,186,9-May,N N Food,Negombo,INV-45090,410,1,,410
Direct,187,9-May,TheW Food Corner (Kusal Hotel),Negombo,INV-45093,410,2,,820
Direct,188,9-May,Sooriya Cafe & Family Resturant - Badalgama,Negombo,INV-45095,410,1,,410
Direct,189,9-May,SS Beach Cafe,Negombo,INV-45097,410,1,,410
Direct,190,9-May,Priyashanthi Hotel,Negombo,INV-45105,410,1,,410
Direct,191,9-May,Peach Net - Katunayake,Negombo,INV-45108,410,3,,"1,230"
Direct,192,9-May,Lavonra Catering Service,Negombo,INV-45110,410,16,,"6,560"
Direct,193,9-May,Aruna Hotel,Negombo,INV-45115,410,4,,"1,640"
Direct,194,9-May,Chamara Hotel,Negombo,INV-45120,410,1,,410
Direct,195,9-May,Udaya Bakery,Negombo,INV-45121,410,2,,820
Direct,196,9-May,Dinithi Baker’s,Negombo,INV-45127,410,3,,"1,230"
Direct,197,9-May,Teachers Choice,Negombo,INV-45128,410,2,,820
Direct,198,9-May,Srimali Yummy Paradise,Negombo,INV-45134,410,1,,410
Direct,199,9-May,Ocean La Banquets,Negombo,INV-45135,410,2,,820
Direct,200,9-May,Prasara Washing Plant,Negombo,INV-45143,410,1,,410
Direct,201,9-May,Prasara Washing Plant,Negombo,INV-45147,410,2,,820
Direct,202,9-May,Fresh Bakers - Gampaha,Negombo,INV-45160,410,1,,410
Direct,203,9-May,Aurion Cabans,Negombo,INV-45163,410,1,,410
Direct,204,9-May,Susantha Chinees,Negombo,INV-45166,410,3,,"1,230"
Direct,205,9-May,Dinuka Hotel,Negombo,INV-45170,410,2,,820
Direct,206,9-May,Thora House,Negombo,INV-45173,410,1,,410
Direct,207,9-May,Sandamali Bakers & Hotel,Negombo,INV-45179,410,3,,"1,230"
Direct,208,9-May,Tharaka chinese restaurent and beer pub,Negombo,INV-45181,410,1,,410
Direct,209,9-May,Pabasara Dine Family Resturant - Udugampola,Negombo,INV-45188,410,2,,820
Direct,210,9-May,One Bambo Hotel,Negombo,INV-45189,410,2,,820
Direct,211,10-May,Nayomie's Resturant,Negombo,AGT2403742,410,9,,"3,690"
Direct,212,10-May,Dinithi Baker’s,Negombo,INV-45190,410,3,,"1,230"
Direct,213,10-May,Greens Corner - Negombo,Negombo,INV-45191,410,2,,820
Direct,214,10-May,St. Joseph Hotel,Negombo,INV-45194,410,1,,410
Direct,215,10-May,Gami Rasa,Negombo,INV-45196,410,1,,410
Direct,216,10-May,Onali Foods,Negombo,INV-45197,410,1,,410
Direct,217,10-May,Negombo Cafe,Negombo,INV-45199,410,2,,820
Direct,218,10-May,Full Moon Restaurant - Makadura,Negombo,INV-45203,410,1,,410
Direct,219,10-May,Rizan Tea Corner,Negombo,INV-45205,410,1,,410
Direct,220,10-May,Ajmeer Hotel,Negombo,INV-45206,410,1,,410
Direct,221,10-May,Wethmi Hotel,Negombo,INV-45209,410,1,,410
Direct,222,10-May,St. Joseph Reception Hall,Negombo,INV-45220,410,3,,"1,230"
Direct,223,10-May,One Bambo Hotel,Negombo,INV-45222,410,1,,410
Direct,224,10-May,Sethsawi Banquet Hall,Negombo,INV-45228,410,3,,"1,230"
Direct,225,10-May,Jega Food,Negombo,INV-45231,410,1,,410
Direct,226,10-May,Martin Restaurant & Pizza Lab,Negombo,INV-45236,410,3,,"1,230"
Direct,227,10-May,ALCG Bread & Caterers - Ekala,Negombo,INV-45248,410,1,,410
Direct,228,10-May,New Rest House,Negombo,INV-45249,410,1,,410
Direct,229,10-May,Cafe two 88,Negombo,INV-45254,410,2,,820
Direct,230,10-May,TTJ Those,Negombo,INV-45255,410,2,,820
Direct,231,10-May,Resturant 87,Negombo,INV-45265,410,1,,410
Direct,232,10-May,Hot Meal,Negombo,INV-45268,410,1,,410
Direct,233,10-May,Star Hotel & Cool Spot,Negombo,INV-45271,410,2,,820
Direct,234,10-May,Hot & Cool Restaurant,Negombo,INV-45273,410,1,,410
Direct,235,10-May,New Sea Villa,Negombo,INV-45274,410,2,,820
Direct,236,10-May,New Tajmahal Hotel,Negombo,INV-45277,410,5,,"2,050"
Direct,237,10-May,Sameera Bakery,Negombo,INV-45280,410,2,,820
Direct,238,10-May,NC Hotel,Negombo,INV-45284,410,2,,820
Direct,239,10-May,Toro talk of the town,Negombo,INV-45288,410,4,,"1,640"
Direct,240,10-May,Jayalath Traders,Negombo,INV-45290,410,3,,"1,230"
Direct,241,10-May,Leonardo by Bella Vita Italian restaurant,Negombo,INV-45291,410,6,,"2,460"
Direct,242,10-May,Lead Chinese Food - Giriulla,Negombo,INV-45302,410,1,,410
Direct,243,10-May,St. Mary's Bakery And Grocery,Negombo,INV-45303,410,2,,820
Direct,244,10-May,Tharaka chinese restaurent and beer pub,Negombo,INV-45306,410,1,,410
Direct,245,10-May,Pathima Food,Negombo,INV-45307,410,1,,410
Direct,246,10-May,Wasana Cake,Negombo,INV-45312,410,1,,410
Direct,247,10-May,Thunhela Rasahala - Dambadeniya,Negombo,INV-45317,410,1,,410
Direct,248,10-May,Game Cafe - Ragama,Negombo,INV-45320,410,1,,410
Direct,249,10-May,Roast Chicken - Kadana,Negombo,INV-45322,410,1,,410
Direct,250,10-May,Weligampitiya Hotel,Negombo,INV-45326,410,1,,410
Direct,251,10-May,LM Luckymo,Negombo,INV-45333,410,2,,820
Direct,252,10-May,Lead Family Resturant - Nalla,Negombo,INV-45336,410,10,,"4,100"
Direct,253,10-May,Airport City Hotel - Katunayaka,Negombo,INV-45338,410,12,,"4,920"
Direct,254,10-May,Airport City Hotel - Katunayaka,Negombo,INV-45341,410,4,,"1,640"
Direct,255,10-May,New Tamarind Tree,Negombo,INV-45344,410,5,,"2,050"
Direct,256,10-May,Flavours Resturant,Negombo,INV-45346,410,1,,410
Direct,257,11-May,Pasindu Caters,Negombo,INV-45356,410,4,,"1,640"
Direct,258,11-May,JOINT - Katunayaka,Negombo,INV-45357,410,1,,410
Direct,259,11-May,Dinushan Hotel & Fruit Center,Negombo,INV-45358,410,6,,"2,460"
Direct,260,11-May,Mahaweli Hotel,Negombo,INV-45359,410,3,,"1,230"
Direct,261,11-May,Wijerathna Bakery,Negombo,INV-45363,410,3,,"1,230"
Direct,262,11-May,Gemunu Hotel,Negombo,INV-45365,410,3,,"1,230"
Direct,263,11-May,Gemunu Hotel,Negombo,INV-45366,410,1,,410
Direct,264,11-May,Cinnamon Resi,Negombo,INV-45369,410,1,,410
Direct,265,11-May,Siriduwa Hotel - Seeduwa,Negombo,INV-45370,410,3,,"1,230"
Direct,266,11-May,Chef King - Kurana,Negombo,INV-45373,410,3,,"1,230"
Direct,267,11-May,Aradhana Food Solutions (Pvt) Ltd,Negombo,INV-45375,410,4,,"1,640"
Direct,268,14-May,Nayomie's Resturant,Negombo,AGT2403759,410,8,,"3,280"
Direct,269,14-May,Trust Lanka Suppliers PVT LTD,Negombo,AGT2403761,410,2,,820
Direct,270,14-May,Aradhana Food Solutions (Pvt) Ltd,Negombo,INV-45383,410,3,,"1,230"
Direct,271,14-May,Greens Corner - Negombo,Negombo,INV-45387,410,2,,820
Direct,272,14-May,Ranjith Hotel,Negombo,INV-45390,410,1,,410
Direct,273,14-May,OHL Restaurant,Negombo,INV-45392,410,1,,410
Direct,274,14-May,St. Joseph Hotel,Negombo,INV-45393,410,1,,410
Direct,275,14-May,Jayabima Hotel,Negombo,INV-45396,410,2,,820
Direct,276,14-May,Raheemiya Hotel,Negombo,INV-45397,410,1,,410
Direct,277,14-May,Real Bombay Sweets,Negombo,INV-45399,410,1,,410
Direct,278,14-May,Ajmeer Hotel,Negombo,INV-45404,410,3,,"1,230"
Direct,279,14-May,Sambole Bojun Hala,Negombo,INV-45407,410,2,,820
Direct,280,14-May,Martin Restaurant & Pizza Lab,Negombo,INV-45423,410,4,,"1,640"
Direct,281,14-May,AYOWA GRAND Hotel,Negombo,INV-45426,410,1,,410
Direct,282,14-May,Nadeka Hotel Ballapana,Negombo,INV-45431,410,4,,"1,640"
Direct,283,14-May,Rani Beach Resort,Negombo,INV-45436,410,1,,410
Direct,284,14-May,Fish & Chips,Negombo,INV-45440,410,1,,410
Direct,285,14-May,Bread Cart Muddaragama,Negombo,INV-45441,410,15,,"6,150"
Direct,286,14-May,Big Nana Biriyani House,Negombo,INV-45446,410,2,,820
Direct,287,14-May,Saminro Reception Hall - Kadawatha,Negombo,INV-45447,410,12,,"4,920"
Direct,288,14-May,New Rest House,Negombo,INV-45448,410,1,,410
Direct,289,14-May,Thushara Bake House,Negombo,INV-45453,410,2,,820
Direct,290,14-May,Thora House,Negombo,INV-45460,410,2,,820
Direct,291,14-May,Happy Bright Hotel,Negombo,INV-45469,410,2,,820
Direct,292,14-May,Sundaragma,Negombo,INV-45477,410,2,,820
Direct,293,14-May,Land of Kings Winterfell,Negombo,INV-45479,410,2,,820
Direct,294,14-May,Yebina Bake House - Ballapana,Negombo,INV-45481,410,1,,410
Direct,295,14-May,Nadeka Hotel Ballapana,Negombo,INV-45484,410,2,,820
Direct,296,14-May,K & K Country Resorts,Negombo,INV-45485,410,1,,410
Direct,297,14-May,CP Caters - Gampaha,Negombo,INV-45490,410,6,,"2,460"
Direct,298,14-May,Fresh Bakers - Gampaha,Negombo,INV-45497,410,1,,410
Direct,299,14-May,Fresh Bakers - Gampaha,Negombo,INV-45498,410,1,,410
Direct,300,15-May,Keells Food Product Ekala,Negombo,AGT2403775,410,1,,410
Direct,301,15-May,Ramada,Negombo,AGT2403784,410,1,,410
Direct,302,15-May,Nihal Hotel,Negombo,INV-45502,410,4,,"1,640"
Direct,303,15-May,Jenat Hotel,Negombo,INV-45503,410,4,,"1,640"
Direct,304,15-May,Dinushi Catering,Negombo,INV-45504,410,3,,"1,230"
Direct,305,15-May,Praneetha Rasa Bojun - Kurana,Negombo,INV-45505,410,1,,410
Direct,306,15-May,Divya Hotel,Negombo,INV-45509,410,1,,410
Direct,307,15-May,Roast Chiken,Negombo,INV-45511,410,2,,820
Direct,308,15-May,Aruna Hotel,Negombo,INV-45512,410,1,,410
Direct,309,15-May,Sameera Hotel - Badalgama,Negombo,INV-45516,410,3,,"1,230"
Direct,310,15-May,Nethmi Foods,Negombo,INV-45517,410,1,,410
Direct,311,15-May,Chamara Hotel,Negombo,INV-45520,410,3,,"1,230"
Direct,312,15-May,Visuda Resturant,Negombo,INV-45530,410,1,,410
Direct,313,15-May,Pasindu Caters,Negombo,INV-45550,410,1,,410
Direct,314,15-May,Srimali Yummy Paradise,Negombo,INV-45553,410,4,,"1,640"
Direct,315,15-May,Flavours Resturant,Negombo,INV-45555,410,1,,410
Direct,316,15-May,Dinuka Hotel,Negombo,INV-45559,410,4,,"1,640"
Direct,317,15-May,Resheen Hotel and Banquets,Negombo,INV-45565,410,4,,"1,640"
Direct,318,15-May,Kings Kitchen Family Restaurant,Negombo,INV-45570,410,3,,"1,230"
Direct,319,15-May,One Bambo Hotel,Negombo,INV-45576,410,3,,"1,230"
Direct,320,15-May,Golden Bird Bakers,Negombo,INV-45577,410,11,,"4,510"
Direct,321,15-May,Machan - Ekala,Negombo,INV-45578,410,2,,820
Direct,322,15-May,Lead Family Resturant - Nalla,Negombo,INV-45583,410,1,,410
Direct,323,15-May,ALCG Bread & Caterers - Ekala,Negombo,INV-45590,410,1,,410
Direct,324,15-May,JOINT - Katunayaka,Negombo,INV-45592,410,2,,820
Direct,325,15-May,Wijerathna Bakery,Negombo,INV-45596,410,3,,"1,230"
Direct,326,15-May,Castle Family,Negombo,INV-45597,410,1,,410
Direct,327,15-May,Kandy Food Corner,Negombo,INV-45599,410,2,,820
Direct,328,15-May,Cafe two 88,Negombo,INV-45604,410,1,,410
Direct,329,15-May,Tharaka chinese restaurent and beer pub,Negombo,INV-45611,410,1,,410
Direct,330,15-May,Thissera Bakery,Negombo,INV-45618,410,1,,410
Direct,331,15-May,Jayalath Traders,Negombo,INV-45622,410,3,,"1,230"
Direct,332,15-May,Madu Manjula,Negombo,INV-45634,410,2,,820
Direct,333,15-May,Madara Bakery,Negombo,INV-45635,410,2,,820
Direct,334,15-May,Cabba's Kitchen - Kandana,Negombo,INV-45639,410,2,,820
Direct,335,15-May,Prasanna Bakery,Negombo,INV-45642,410,2,,820
Direct,336,15-May,St. Mary's Bakery And Grocery,Negombo,INV-45645,410,2,,820
Direct,337,15-May,Keshan Food (C & L Bakery),Negombo,INV-45647,410,1,,410
Direct,338,15-May,Weligampitiya Hotel,Negombo,INV-45648,410,2,,820
Direct,339,15-May,Airport City Hotel - Katunayaka,Negombo,INV-45650,410,30,,"12,300"
Direct,340,15-May,LM Luckymo,Negombo,INV-45651,410,2,,820
Direct,341,15-May,Teachers Choice,Negombo,INV-45659,410,8,,"3,280"
Direct,1,16-May,Divya Hotel,Negombo,INV-45662,410,1,,410
Direct,2,16-May,Nimsara Hotel,Negombo,INV-45663,410,1,,410
Direct,3,16-May,Dinithi Baker’s,Negombo,INV-45666,410,3,,"1,230"
Direct,4,16-May,Light House,Negombo,INV-45667,410,2,,820
Direct,5,16-May,Aradhana Food Solutions (Pvt) Ltd,Negombo,INV-45668,410,2,,820
Direct,6,16-May,Rich Table Family Restaurant,Negombo,INV-45670,410,2,,820
Direct,7,16-May,Marshal Bakery,Negombo,INV-45672,410,1,,410
Direct,8,16-May,Sumith Hotel,Negombo,INV-45674,410,2,,820
Direct,9,16-May,Full Moon Restaurant - Makadura,Negombo,INV-45675,410,2,,820
Direct,10,16-May,Priyashanthi Hotel,Negombo,INV-45676,410,2,,820
Direct,11,16-May,NR Foods,Negombo,INV-45678,410,2,,820
Direct,12,16-May,Zam Zam Hotel,Negombo,INV-45683,410,5,,"2,050"
Direct,13,16-May,Negombo Hotel,Negombo,INV-45686,410,2,,820
Direct,14,16-May,Udaya Bakery,Negombo,INV-45694,410,3,,"1,230"
Direct,15,16-May,Wethmi Hotel,Negombo,INV-45699,410,2,,820
Direct,16,16-May,LJ Bakery,Negombo,INV-45700,410,1,,410
Direct,17,16-May,Ocean La Banquets,Negombo,INV-45721,410,2,,820
Direct,18,16-May,Ocean La Banquets,Negombo,INV-45723,410,2,,820
Direct,19,16-May,Sethsawi Banquet Hall,Negombo,INV-45725,410,3,,"1,230"
Direct,20,16-May,Ranowell Hotel,Negombo,INV-45736,410,2,,820
Direct,21,16-May,Jayalanka Hotel,Negombo,INV-45737,410,1,,410
Direct,22,16-May,NC Hotel,Negombo,INV-45739,410,3,,"1,230"
Direct,23,16-May,Chamathka Family Resturant - Kuliyapitiya,Negombo,INV-45745,410,2,,820
Direct,24,16-May,New Tajmahal Hotel,Negombo,INV-45759,410,6,,"2,460"
Direct,25,16-May,Star Hotel & Cool Spot,Negombo,INV-45767,410,3,,"1,230"
Direct,26,16-May,Induruwa Caters,Negombo,INV-45771,410,13,,"5,330"
Direct,27,16-May,Achala Hotel,Negombo,INV-45776,410,1,,410
Direct,28,16-May,Lotus Leaf (Dassanayake Hotel),Negombo,INV-45782,410,8,,"3,280"
Direct,29,16-May,Optimum Restaurant,Negombo,INV-45789,410,1,,410
Direct,30,16-May,Deshaka Bakers,Negombo,INV-45799,410,2,,820
Direct,31,16-May,Renolika Hotel,Negombo,INV-45803,410,3,,"1,230"
Direct,32,16-May,Tharaka chinese restaurent and beer pub,Negombo,INV-45804,410,1,,410
Direct,33,16-May,Wasana Cake,Negombo,INV-45814,410,2,,820
Direct,34,16-May,Athiliya,Negombo,INV-45819,410,3,,"1,230"
Direct,35,16-May,Athiliya,Negombo,INV-45820,410,1,,410
Direct,36,16-May,Lead Family Resturant - Nalla,Negombo,INV-45824,410,4,,"1,640"
Direct,37,17-May,Nayomie's Resturant,Negombo,AGT2403797,410,7,,"2,870"
Direct,38,17-May,Greens Corner - Negombo,Negombo,INV-45833,410,2,,820
Direct,39,17-May,Ranjith Hotel,Negombo,INV-45834,410,1,,410
Direct,40,17-May,Ravindu Hotel,Negombo,INV-45835,410,1,,410
Direct,41,17-May,St. Joseph Hotel,Negombo,INV-45837,410,1,,410
Direct,42,17-May,Negombo Cafe,Negombo,INV-45839,410,2,,820
Direct,43,17-May,Rizan Tea Corner,Negombo,INV-45841,410,1,,410
Direct,44,17-May,Ajmeer Hotel,Negombo,INV-45842,410,3,,"1,230"
Direct,45,17-May,Bombe Sweet Palace,Negombo,INV-45846,410,9,,"3,690"
Direct,46,17-May,St. Joseph Reception Hall,Negombo,INV-45851,410,4,,"1,640"
Direct,47,17-May,Thushan Cafe & Juice Bar,Negombo,INV-45855,410,1,,410
Direct,48,17-May,Hotel Blooming,Negombo,INV-45857,410,3,,"1,230"
Direct,49,17-May,Ranaveera Foods,Negombo,INV-45864,410,1,,410
Direct,50,17-May,Singithi Milk Bar & Hotel,Negombo,INV-45867,410,2,,820
Direct,51,17-May,The West Town,Negombo,INV-45868,410,4,,"1,640"
Direct,52,17-May,Gami Rasa,Negombo,INV-45874,410,1,,410
Direct,53,17-May,Senuri Grand Castello,Negombo,INV-45877,410,15,,"6,150"
Direct,54,17-May,TTJ Those,Negombo,INV-45882,410,3,,"1,230"
Direct,55,17-May,New Sea Villa,Negombo,INV-45901,410,2,,820
Direct,56,17-May,Api Resturant,Negombo,INV-45903,410,4,,"1,640"
Direct,57,17-May,Cafe Cassendro,Negombo,INV-45905,410,1,,410
Direct,58,17-May,SS Beach Cafe,Negombo,INV-45906,410,1,,410
Direct,59,17-May,Bread Cart Muddaragama,Negombo,INV-45910,410,3,,"1,230"
Direct,60,17-May,Nadeka Hotel Ballapana,Negombo,INV-45918,410,1,,410
Direct,61,17-May,Yebina Bake House - Ballapana,Negombo,INV-45919,410,1,,410
Direct,62,17-May,Senanayaka Hotel,Negombo,INV-45924,410,2,,820
Direct,63,17-May,Saminro Reception Hall - Kadawatha,Negombo,INV-45930,410,10,,"4,100"
Direct,64,17-May,Milanro Foods,Negombo,INV-45932,410,11,,"4,510"
Direct,65,17-May,Coronation Restaurant & Bar,Negombo,INV-45940,410,1,,410
Direct,66,17-May,Leonardo by Bella Vita Italian restaurant,Negombo,INV-45947,410,7,,"2,870"
Direct,67,17-May,New Tamarind Tree,Negombo,INV-45957,410,5,,"2,050"
Direct,68,17-May,Divashi Sinhala Hotel,Negombo,INV-45962,410,2,,820
Direct,69,17-May,Aradhana Food Solutions (Pvt) Ltd,Negombo,INV-45967,410,2,,820
Direct,70,17-May,Light House,Negombo,INV-45971,410,1,,410
Direct,71,19-May,Calton Factory Katana,Negombo,AGT2403807,410,10,,"4,100"
Direct,72,19-May,Damro Factory - Loluwagoda,Negombo,AGT2403812,410,2,,820
Direct,73,19-May,Spar Seeduwa,Negombo,AGT2403817,410,1,,410
Direct,74,19-May,Aradhana Food Solutions (Pvt) Ltd,Negombo,INV-45988,410,2,,820
Direct,75,19-May,Roast Chiken,Negombo,INV-45994,410,2,,820
Direct,76,19-May,Nihal Hotel,Negombo,INV-46002,410,3,,"1,230"
Direct,77,19-May,Jenat Hotel,Negombo,INV-46007,410,4,,"1,640"
Direct,78,19-May,Divya Hotel,Negombo,INV-46012,410,1,,410
Direct,79,19-May,Amoda Ranketh Hotel - Akaragama,Negombo,INV-46017,410,1,,410
Direct,80,19-May,Gemunu Hotel,Negombo,INV-46018,410,2,,820
Direct,81,19-May,Sooriya Cafe & Family Resturant - Badalgama,Negombo,INV-46021,410,1,,410
Direct,82,19-May,Lavonra Catering Service,Negombo,INV-46027,410,10,,"4,100"
Direct,83,19-May,Aruna Hotel,Negombo,INV-46035,410,1,,410
Direct,84,19-May,Dinithi Baker’s,Negombo,INV-46052,410,1,,410
Direct,85,19-May,Chef King Cafe & Restaurant - Minuwangoda,Negombo,INV-46059,410,2,,820
Direct,86,19-May,Srimali Yummy Paradise,Negombo,INV-46060,410,3,,"1,230"
Direct,87,19-May,Wijerathna Bakery,Negombo,INV-46061,410,2,,820
Direct,88,19-May,Dinushan Hotel & Fruit Center,Negombo,INV-46068,410,4,,"1,640"
Direct,89,19-May,Sunshine restaurant,Negombo,INV-46078,410,4,,"1,640"
Direct,90,19-May,Resheen Hotel and Banquets,Negombo,INV-46081,410,3,,"1,230"
Direct,91,19-May,Kings Kitchen Family Restaurant,Negombo,INV-46084,410,1,,410
Direct,92,19-May,Airport City Hotel - Katunayaka,Negombo,INV-46085,410,28,,"11,480"
Direct,93,19-May,Sandamali Bakers & Hotel,Negombo,INV-46096,410,2,,820
Direct,94,19-May,Muthu Hotel & Catering Service,Negombo,INV-46104,410,2,,820
Direct,95,19-May,New Tamarind Tree,Negombo,INV-46111,410,2,,820
Direct,96,19-May,Cinnamon Resi,Negombo,INV-46114,410,2,,820
Direct,97,19-May,Siriduwa Hotel - Seeduwa,Negombo,INV-46115,410,1,,410
Direct,98,20-May,Nimsara Hotel,Negombo,INV-46132,410,1,,410
Direct,99,20-May,Thora House,Negombo,INV-46135,410,3,,"1,230"
Direct,100,20-May,Red Box Negombo,Negombo,INV-46138,410,1,,410
Direct,101,20-May,Rich Table Family Restaurant,Negombo,INV-46139,410,1,,410
Direct,102,20-May,NR Foods,Negombo,INV-46149,410,1,,410
Direct,103,20-May,La Queens Banquet,Negombo,INV-46150,410,1,,410
Direct,104,20-May,Full Moon Restaurant - Makadura,Negombo,INV-46151,410,2,,820
Direct,105,20-May,Ammeehulla Resturant,Negombo,INV-46159,410,1,,410
Direct,106,20-May,Zam Zam Hotel,Negombo,INV-46162,410,4,,"1,640"
Direct,107,20-May,Udaya Bakery,Negombo,INV-46169,410,3,,"1,230"
Direct,108,20-May,LJ Bakery,Negombo,INV-46174,410,1,,410
Direct,109,20-May,Golden Bird Bakers,Negombo,INV-46177,410,9,,"3,690"
Direct,110,20-May,Sethsawi Banquet Hall,Negombo,INV-46178,410,3,,"1,230"
Direct,111,20-May,Kandy Foods,Negombo,INV-46183,410,1,,410
Direct,112,20-May,Ocean La Banquets,Negombo,INV-46185,410,1,,410
Direct,113,20-May,Samudra Hotel (Abishek),Negombo,INV-46188,410,1,,410
Direct,114,20-May,Star Hotel & Cool Spot,Negombo,INV-46191,410,3,,"1,230"
Direct,115,20-May,Teachers Choice,Negombo,INV-46201,410,11,,"4,510"
Direct,116,20-May,New Tajmahal Hotel,Negombo,INV-46203,410,5,,"2,050"
Direct,117,20-May,Suranga Caters,Negombo,INV-46208,410,5,,"2,050"
Direct,118,20-May,Aurion Cabans,Negombo,INV-46212,410,1,,410
Direct,119,20-May,Asiri Bakers,Negombo,INV-46213,410,6,,"2,460"
Direct,120,20-May,Isuru Caters Pvt Ltd (Leopards) - Gampaha,Negombo,INV-46223,410,3,,"1,230"
Direct,121,20-May,Caya Hotel,Negombo,INV-46228,410,1,,410
Direct,122,20-May,Nugara Hotel,Negombo,INV-46229,410,4,,"1,640"
Direct,123,20-May,Pabasara Dine Family Resturant - Udugampola,Negombo,INV-46235,410,3,,"1,230"
Direct,124,20-May,Sisil Sewana,Negombo,INV-46239,410,1,,410
Direct,125,20-May,Sabith Cafe,Negombo,INV-46240,410,1,,410
Direct,126,20-May,Saminro Reception Hall - Kadawatha,Negombo,INV-46243,410,5,,"2,050"
Direct,127,20-May,Wasana Cake,Negombo,INV-46255,410,5,,"2,050"
Direct,128,20-May,Jayalath Traders,Negombo,INV-46256,410,2,,820
Direct,129,20-May,Thunhela Rasahala - Dambadeniya,Negombo,INV-46258,410,1,,410
Direct,130,20-May,Flavours Resturant,Negombo,INV-46259,410,1,,410
Direct,131,20-May,Nethmi Foods,Negombo,INV-46261,410,2,,820
Direct,132,21-May,Nayomie's Resturant,Negombo,AGT2403834,410,6,,"2,460"
Direct,133,21-May,Greens Corner - Negombo,Negombo,INV-46266,410,3,,"1,230"
Direct,134,21-May,St. Joseph Hotel,Negombo,INV-46268,410,1,,410
Direct,135,21-May,Onali Foods,Negombo,INV-46269,410,1,,410
Direct,136,21-May,Negombo Cafe,Negombo,INV-46271,410,3,,"1,230"
Direct,137,21-May,Rizan Tea Corner,Negombo,INV-46272,410,1,,410
Direct,138,21-May,Ajmeer Hotel,Negombo,INV-46273,410,1,,410
Direct,139,21-May,St. Joseph Reception Hall,Negombo,INV-46278,410,5,,"2,050"
Direct,140,21-May,Hotel Blooming,Negombo,INV-46293,410,1,,410
Direct,141,21-May,Martin Restaurant & Pizza Lab,Negombo,INV-46298,410,2,,820
Direct,142,21-May,Choy's,Negombo,INV-46309,410,2,,820
Direct,143,21-May,New Rest House,Negombo,INV-46313,410,1,,410
Direct,144,21-May,Hotel Mandakini By Land of Kings,Negombo,INV-46318,410,3,,"1,230"
Direct,145,21-May,The Grill Master,Negombo,INV-46321,410,2,,820
Direct,146,21-May,Bread Cart Muddaragama,Negombo,INV-46330,410,5,,"2,050"
Direct,147,21-May,Oyama Catering,Negombo,INV-46345,410,2,,820
Direct,148,21-May,Peach Net - Katunayake,Negombo,INV-46348,410,3,,"1,230"
Direct,149,21-May,One Bambo Hotel,Negombo,INV-46355,410,1,,410
Direct,150,21-May,Fish & Chips,Negombo,INV-46357,410,1,,410
Direct,151,21-May,Castle Family,Negombo,INV-46359,410,1,,410
Direct,152,21-May,Kandy Food Corner,Negombo,INV-46364,410,1,,410
Direct,153,21-May,Cafe two 88,Negombo,INV-46374,410,2,,820
Direct,154,21-May,Nadeka Hotel Ballapana,Negombo,INV-46384,410,1,,410
Direct,155,21-May,Those Kade - Ja Ela,Negombo,INV-46387,410,1,,410
Direct,156,21-May,Sameera Bakery,Negombo,INV-46392,410,5,,"2,050"
Direct,157,21-May,Yebina Bake House - Ballapana,Negombo,INV-46394,410,1,,410
Direct,158,21-May,Thissera Bakery,Negombo,INV-46396,410,2,,820
Direct,159,21-May,K & K Country Resorts,Negombo,INV-46398,410,1,,410
Direct,160,21-May,Jayalath Traders,Negombo,INV-46399,410,2,,820
Direct,161,21-May,Mathara Bath Kade - Ja Ela,Negombo,INV-46400,410,1,,410
Direct,162,21-May,Senanayaka Hotel,Negombo,INV-46401,410,1,,410
Direct,163,21-May,St. Mary's Bakery And Grocery,Negombo,INV-46407,410,3,,"1,230"
Direct,164,21-May,Kamilka Family Restaurant,Negombo,INV-46408,410,2,,820
Direct,165,21-May,Madara Bakery,Negombo,INV-46409,410,2,,820
Direct,166,21-May,Game Cafe - Ragama,Negombo,INV-46411,410,1,,410
Direct,167,21-May,Saffron Resturant - Welisara,Negombo,INV-46412,410,1,,410
Direct,168,21-May,Roast Chicken - Kadana,Negombo,INV-46417,410,3,,"1,230"
Direct,169,21-May,Cabba's Kitchen - Kandana,Negombo,INV-46418,410,2,,820
Direct,170,21-May,Weligampitiya Hotel,Negombo,INV-46421,410,2,,820
Direct,171,22-May,Ramada,Negombo,AGT2403848,410,3,,"1,230"
Direct,172,22-May,Light House,Negombo,INV-46423,410,2,,820
Direct,173,22-May,Aradhana Food Solutions (Pvt) Ltd,Negombo,INV-46424,410,2,,820
Direct,174,22-May,Pasindu Caters,Negombo,INV-46427,410,5,,"2,050"
Direct,175,22-May,Dinushan Hotel & Fruit Center,Negombo,INV-46431,410,4,,"1,640"
Direct,176,22-May,Mahaweli Hotel,Negombo,INV-46436,410,1,,410
Direct,177,22-May,LM Luckymo,Negombo,INV-46441,410,4,,"1,640"
Direct,178,22-May,Nihal Hotel,Negombo,INV-46444,410,3,,"1,230"
Direct,179,22-May,Jenat Hotel,Negombo,INV-46446,410,3,,"1,230"
Direct,180,22-May,One Bambo Hotel,Negombo,INV-46451,410,3,,"1,230"
Direct,181,22-May,Sampath Hotel,Negombo,INV-46454,410,1,,410
Direct,182,22-May,Cool Feel Hotel,Negombo,INV-46455,410,3,,"1,230"
Direct,183,22-May,Stars Hotel -Makevita,Negombo,INV-46460,410,4,,"1,640"
Direct,184,22-May,Visuda Resturant,Negombo,INV-46463,410,1,,410
Direct,185,22-May,Chef King Cafe & Restaurant - Minuwangoda,Negombo,INV-46465,410,2,,820
Direct,186,22-May,Happy Bright Hotel,Negombo,INV-46469,410,2,,820
Direct,187,22-May,Sundaragma,Negombo,INV-46476,410,3,,"1,230"
Direct,188,22-May,Srimali Yummy Paradise,Negombo,INV-46477,410,2,,820
Direct,189,22-May,Susantha Chinees,Negombo,INV-46481,410,3,,"1,230"
Direct,190,22-May,Maithree Hotel,Negombo,INV-46483,410,2,,820
Direct,191,22-May,Dinuka Hotel,Negombo,INV-46485,410,5,,"2,050"
Direct,192,22-May,CP Caters - Gampaha,Negombo,INV-46486,410,4,,"1,640"
Direct,193,22-May,Resheen Hotel and Banquets,Negombo,INV-46490,410,4,,"1,640"
Direct,194,22-May,Airport City Hotel - Katunayaka,Negombo,INV-46491,410,17,,"6,970"
Direct,195,22-May,Kings Kitchen Family Restaurant,Negombo,INV-46492,410,2,,820
Direct,196,22-May,Lead Family Resturant - Nalla,Negombo,INV-46499,410,5,,"2,050"
Direct,197,22-May,Asiri Bakers,Negombo,INV-46502,410,1,,410
Direct,198,22-May,Gemunu Hotel,Negombo,INV-46503,410,1,,410
Direct,199,22-May,Lead Family Resturant - Nalla,Negombo,INV-46504,410,2,,820
Direct,200,22-May,Tharaka chinese restaurent and beer pub,Negombo,INV-46508,410,1,,410
Direct,201,22-May,Flavours Resturant,Negombo,INV-46511,410,3,,"1,230"
Direct,202,22-May,Chef King - Kurana,Negombo,INV-46533,410,3,,"1,230"
Direct,203,22-May,Nethmi Foods,Negombo,INV-46536,410,2,,820
Direct,204,22-May,Roast Chiken,Negombo,INV-46537,410,1,,410
Direct,205,23-May,Priyashanthi Hotel,Negombo,INV-46546,410,1,,410
Direct,206,23-May,NR Foods,Negombo,INV-46547,410,1,,410
Direct,207,23-May,Zam Zam Hotel,Negombo,INV-46548,410,2,,820
Direct,208,23-May,Gemi Gedara,Negombo,INV-46549,410,1,,410
Direct,209,23-May,Udaya Bakery,Negombo,INV-46550,410,1,,410
Direct,210,23-May,LJ Bakery,Negombo,INV-46552,410,1,,410
Direct,211,23-May,Ocean La Banquets,Negombo,INV-46568,410,2,,820
Direct,212,23-May,Dinithi Baker’s,Negombo,INV-46571,410,5,,"2,050"
Direct,213,23-May,Rich Table Family Restaurant,Negombo,INV-46578,410,1,,410
Direct,214,23-May,Prasara Washing Plant,Negombo,INV-46579,410,3,,"1,230"
Direct,215,23-May,Full Moon Restaurant - Makadura,Negombo,INV-46581,410,1,,410
Direct,216,23-May,Teachers Choice,Negombo,INV-46589,410,5,,"2,050"
Direct,217,23-May,Gihan Bakers - Makadura,Negombo,INV-46590,410,1,,410
Direct,218,23-May,Wethmi Hotel,Negombo,INV-46601,410,2,,820
Direct,219,23-May,Star Hotel & Cool Spot,Negombo,INV-46605,410,1,,410
Direct,220,23-May,New Tajmahal Hotel,Negombo,INV-46609,410,4,,"1,640"
Direct,221,23-May,Lotus Leaf (Dassanayake Hotel),Negombo,INV-46611,410,8,,"3,280"
Direct,222,23-May,Jayalanka Hotel,Negombo,INV-46613,410,1,,410
Direct,223,23-May,N N Food,Negombo,INV-46622,410,1,,410
Direct,224,23-May,Sethsawi Banquet Hall,Negombo,INV-46623,410,3,,"1,230"
Direct,225,23-May,Choy's,Negombo,INV-46629,410,2,,820
Direct,226,23-May,Aradhana Food Solutions (Pvt) Ltd,Negombo,INV-46639,410,2,,820
Direct,227,23-May,Tharaka chinese restaurent and beer pub,Negombo,INV-46645,410,1,,410
Direct,228,23-May,New Tamarind Tree,Negombo,INV-46652,410,11,,"4,510"
Direct,229,24-May,Nayomie's Resturant,Negombo,AGT2403870,410,7,,"2,870"
Direct,230,24-May,Greens Corner - Negombo,Negombo,INV-46653,410,2,,820
Direct,231,24-May,St. Joseph Hotel,Negombo,INV-46656,410,1,,410
Direct,232,24-May,Jayabima Hotel,Negombo,INV-46657,410,1,,410
Direct,233,24-May,Gami Rasa,Negombo,INV-46658,410,1,,410
Direct,234,24-May,Hotel Blooming,Negombo,INV-46659,410,2,,820
Direct,235,24-May,Rizan Tea Corner,Negombo,INV-46660,410,1,,410
Direct,236,24-May,Ajmeer Hotel,Negombo,INV-46662,410,2,,820
Direct,237,24-May,Thilak Senanayaka Bakery,Negombo,INV-46663,410,1,,410
Direct,238,24-May,Paradise Hotel,Negombo,INV-46664,410,3,,"1,230"
Direct,239,24-May,Thilak Senanayaka Bakery,Negombo,INV-46666,410,1,,410
Direct,240,24-May,New Rest House,Negombo,INV-46672,410,2,,820
Direct,241,24-May,Senuri Grand Castello,Negombo,INV-46681,410,8,,"3,280"
Direct,242,24-May,The West Town,Negombo,INV-46692,410,4,,"1,640"
Direct,243,24-May,Jega Food,Negombo,INV-46695,410,1,,410
Direct,244,24-May,Nadeka Hotel Ballapana,Negombo,INV-46700,410,1,,410
Direct,245,24-May,Coronation Restaurant & Bar,Negombo,INV-46706,410,1,,410
Direct,246,24-May,Thora House,Negombo,INV-46715,410,1,,410
Direct,247,24-May,Saminro Reception Hall - Kadawatha,Negombo,INV-46716,410,12,,"4,920"
Direct,248,24-May,Bread Cart Muddaragama,Negombo,INV-46754,410,6,,"2,460"
Direct,249,24-May,Aradhana Food Solutions (Pvt) Ltd,Negombo,INV-46761,410,1,,410
Direct,250,24-May,Yebina Bake House - Ballapana,Negombo,INV-46766,410,1,,410
Direct,251,24-May,Senanayaka Hotel,Negombo,INV-46770,410,1,,410
Direct,252,24-May,TTJ Those,Negombo,INV-46777,410,3,,"1,230"
Direct,253,24-May,Royal Family Hub,Negombo,INV-46781,410,1,,410
Direct,254,24-May,New Sea Villa,Negombo,INV-46784,410,3,,"1,230"
Direct,255,24-May,Leonardo by Bella Vita Italian restaurant,Negombo,INV-46793,410,5,,"2,050"
Direct,256,24-May,Moya Resturant,Negombo,INV-46795,410,1,,410
Direct,257,26-May,Nihal Hotel,Negombo,INV-46818,410,3,,"1,230"
Direct,258,26-May,Sameera Hotel - Badalgama,Negombo,INV-46823,410,1,,410
Direct,259,26-May,Mahaweli Hotel,Negombo,INV-46827,410,1,,410
Direct,260,26-May,Jenat Hotel,Negombo,INV-46828,410,6,,"2,460"
Direct,261,26-May,Wijerathna Bakery,Negombo,INV-46830,410,4,,"1,640"
Direct,262,26-May,Divya Hotel,Negombo,INV-46838,410,1,,410
Direct,263,26-May,Amoda Ranketh Hotel - Akaragama,Negombo,INV-46841,410,1,,410
Direct,264,26-May,TheW Food Corner (Kusal Hotel),Negombo,INV-46845,410,1,,410
Direct,265,26-May,Lavonra Catering Service,Negombo,INV-46851,410,10,,"4,100"
Direct,266,26-May,Aruna Hotel,Negombo,INV-46853,410,2,,820
Direct,267,26-May,Dinushan Hotel & Fruit Center,Negombo,INV-46873,410,6,,"2,460"
Direct,268,26-May,Caya Hotel,Negombo,INV-46874,410,1,,410
Direct,269,26-May,Visuda Resturant,Negombo,INV-46876,410,1,,410
Direct,270,26-May,Airport City Hotel - Katunayaka,Negombo,INV-46878,410,21,,"8,610"
Direct,271,26-May,Guruge Hotel - Miriswatta,Negombo,INV-46879,410,1,,410
Direct,272,26-May,Flavours Resturant,Negombo,INV-46881,410,2,,820
Direct,273,26-May,Asiri Bakers,Negombo,INV-46883,410,1,,410
Direct,274,26-May,Rashanee Chinese Restaurant - Gampaha,Negombo,INV-46886,410,2,,820
Direct,275,26-May,Sundaragma,Negombo,INV-46889,410,3,,"1,230"
Direct,276,26-May,Pabasara Dine Family Resturant - Udugampola,Negombo,INV-46890,410,2,,820
Direct,277,26-May,Dinuka Hotel,Negombo,INV-46893,410,2,,820
Direct,278,26-May,Sunshine restaurant,Negombo,INV-46894,410,5,,"2,050"
Direct,279,26-May,Resheen Hotel and Banquets,Negombo,INV-46896,410,2,,820
Direct,280,26-May,Resheen Hotel and Banquets,Negombo,INV-46897,410,1,,410
Direct,281,26-May,Cool Feel Hotel,Negombo,INV-46898,410,1,,410
Direct,282,26-May,Lead Family Resturant - Nalla,Negombo,INV-46899,410,3,,"1,230"
Direct,283,26-May,New Tamarind Tree,Negombo,INV-46901,410,2,,820
Direct,284,26-May,One Bambo Hotel,Negombo,INV-46902,410,1,,410
Direct,285,26-May,Lagoon Deck,Negombo,INV-46908,410,2,,820
Direct,286,26-May,Muthu Hotel & Catering Service,Negombo,INV-46911,410,2,,820
Direct,287,26-May,Divashi Sinhala Hotel,Negombo,INV-46913,410,1,,410
Direct,288,26-May,Nethmi Foods,Negombo,INV-46914,410,2,,820
Direct,289,26-May,Martin Restaurant & Pizza Lab,Negombo,INV-46916,410,5,,"2,050"
Direct,290,26-May,Srimali Yummy Paradise,Negombo,INV-46918,410,4,,"1,640"
Direct,291,26-May,Jayalath Traders,Negombo,INV-46920,410,5,,"2,050"
Direct,292,27-May,Calton Factory Katana,Negombo,AGT2403894,410,7,,"2,870"
Direct,293,27-May,Bombe Sweet Palace,Negombo,INV-46928,410,12,,"4,920"
Direct,294,27-May,Candenlla Foods,Negombo,INV-46931,410,3,,"1,230"
Direct,295,27-May,LM Luckymo,Negombo,INV-46933,410,4,,"1,640"
Direct,296,27-May,Hot & Cool Restaurant,Negombo,INV-46936,410,1,,410
Direct,297,27-May,Cafe two 88,Negombo,INV-46937,410,2,,820
Direct,298,27-May,Rich Table Family Restaurant,Negombo,INV-46938,410,1,,410
Direct,299,27-May,Kandy Food Corner,Negombo,INV-46939,410,3,,"1,230"
Direct,300,27-May,Full Moon Restaurant - Makadura,Negombo,INV-46949,410,2,,820
Direct,301,27-May,Castle Family,Negombo,INV-46950,410,1,,410
Direct,302,27-May,Light House,Negombo,INV-46952,410,1,,410
Direct,303,27-May,Aradhana Food Solutions (Pvt) Ltd,Negombo,INV-46957,410,3,,"1,230"
Direct,304,27-May,Red Box Negombo,Negombo,INV-46960,410,2,,820
Direct,305,27-May,Golden Bird Bakers,Negombo,INV-46971,410,14,,"5,740"
Direct,306,27-May,Zam Zam Hotel,Negombo,INV-46976,410,2,,820
Direct,307,27-May,Jayalanka Hotel,Negombo,INV-46977,410,1,,410
Direct,308,27-May,NC Hotel,Negombo,INV-46980,410,3,,"1,230"
Direct,309,27-May,Oven Fresh Bakery & Cafe,Negombo,INV-46983,410,1,,410
Direct,310,27-May,Those Kade - Ja Ela,Negombo,INV-46985,410,1,,410
Direct,311,27-May,Udaya Bakery,Negombo,INV-46990,410,5,,"2,050"
Direct,312,27-May,Teachers Choice,Negombo,INV-46996,410,4,,"1,640"
Direct,313,27-May,Sameera Bakery,Negombo,INV-46999,410,8,,"3,280"
Direct,314,27-May,Thissera Bakery,Negombo,INV-47002,410,2,,820
Direct,315,27-May,Ocean La Banquets,Negombo,INV-47003,410,2,,820
Direct,316,27-May,Samudra Hotel (Abishek),Negombo,INV-47005,410,1,,410
Direct,317,27-May,Star Hotel & Cool Spot,Negombo,INV-47006,410,2,,820
Direct,318,27-May,St. Mary's Bakery And Grocery,Negombo,INV-47008,410,3,,"1,230"
Direct,319,27-May,Pathima Food,Negombo,INV-47012,410,2,,820
Direct,320,27-May,Aurion Cabans,Negombo,INV-47013,410,1,,410
Direct,321,27-May,Wethmi Hotel,Negombo,INV-47014,410,2,,820
Direct,322,27-May,Madu Manjula,Negombo,INV-47016,410,3,,"1,230"
Direct,323,27-May,Madara Bakery,Negombo,INV-47018,410,1,,410
Direct,324,27-May,Chinthaka Hotel,Negombo,INV-47020,410,5,,"2,050"
Direct,325,27-May,Sheen Resturant - Ragama,Negombo,INV-47022,410,1,,410
Direct,326,27-May,Deshaka Bakers,Negombo,INV-47024,410,1,,410
Direct,327,27-May,Roast Chicken - Kadana,Negombo,INV-47027,410,2,,820
Direct,328,27-May,Wasana Cake,Negombo,INV-47028,410,2,,820
Direct,329,27-May,Cabba's Kitchen - Kandana,Negombo,INV-47030,410,2,,820
Direct,330,27-May,Prasanna Bakery,Negombo,INV-47031,410,2,,820
Direct,331,27-May,Thunhela Rasahala - Dambadeniya,Negombo,INV-47032,410,2,,820
Direct,332,27-May,Weligampitiya Hotel,Negombo,INV-47033,410,1,,410
Direct,333,27-May,Lead Family Resturant - Nalla,Negombo,INV-47036,410,1,,410
Direct,334,27-May,Hot Meal,Negombo,INV-47037,410,2,,820
Direct,335,28-May,Nayomie's Resturant,Negombo,AGT2403908,410,10,,"4,100"
Direct,336,28-May,Arie Lagoon,Negombo,AGT2403910,410,1,,410
Direct,337,28-May,Greens Corner - Negombo,Negombo,INV-47041,410,3,,"1,230"
Direct,338,28-May,Ranjith Hotel,Negombo,INV-47043,410,1,,410
Direct,339,28-May,Raheemiya Hotel,Negombo,INV-47045,410,1,,410
Direct,340,28-May,Gami Rasa,Negombo,INV-47046,410,1,,410
Direct,341,28-May,Rizan Tea Corner,Negombo,INV-47049,410,1,,410
Direct,342,28-May,St. Joseph Reception Hall,Negombo,INV-47058,410,8,,"3,280"
Direct,343,28-May,Thushan Cafe & Juice Bar,Negombo,INV-47076,410,1,,410
Direct,344,28-May,The West Town,Negombo,INV-47082,410,1,,410
Direct,345,28-May,New Rest House,Negombo,INV-47083,410,2,,820
Direct,346,28-May,TTJ Those,Negombo,INV-47085,410,2,,820
Direct,347,28-May,Ammeehulla Resturant,Negombo,INV-47097,410,1,,410
Direct,348,28-May,Cafe Cassendro,Negombo,INV-47104,410,1,,410
Direct,349,28-May,Cafe Cassendro,Negombo,INV-47105,410,1,,410
Direct,350,28-May,Ranaveera Foods,Negombo,INV-47121,410,1,,410
Direct,351,28-May,Mayya Family Resturant - Divulapitiya,Negombo,INV-47137,410,1,,410
Direct,352,28-May,Hotel Mandakini By Land of Kings,Negombo,INV-47145,410,5,,"2,050"
Direct,353,28-May,Bread Cart Muddaragama,Negombo,INV-47164,410,8,,"3,280"
Direct,354,28-May,Oyama Catering,Negombo,INV-47172,410,4,,"1,640"
Direct,355,28-May,Nadeka Hotel Ballapana,Negombo,INV-47177,410,4,,"1,640"
Direct,356,28-May,Nadeka Hotel Ballapana,Negombo,INV-47178,410,2,,820
Direct,357,29-May,Trust Lanka Suppliers PVT LTD,Negombo,AGT2403926,410,3,,"1,230"
Direct,358,29-May,Light House,Negombo,INV-47183,410,1,,410
Direct,359,29-May,Aradhana Food Solutions (Pvt) Ltd,Negombo,INV-47184,410,2,,820
Direct,360,29-May,Barista Hotel,Negombo,INV-47188,410,2,,820
Direct,361,29-May,Chef King - Kurana,Negombo,INV-47206,410,2,,820
Direct,362,29-May,One Bambo Hotel,Negombo,INV-47207,410,2,,820
Direct,363,29-May,Pasindu Caters,Negombo,INV-47223,410,1,,410
Direct,364,29-May,Nihal Hotel,Negombo,INV-47229,410,2,,820
Direct,365,29-May,Jenat Hotel,Negombo,INV-47233,410,1,,410
Direct,366,29-May,Divya Hotel,Negombo,INV-47236,410,1,,410
Direct,367,29-May,Sooriya Cafe & Family Resturant - Badalgama,Negombo,INV-47241,410,2,,820
Direct,368,29-May,Aruna Hotel,Negombo,INV-47243,410,2,,820
Direct,369,29-May,Sameera Hotel - Badalgama,Negombo,INV-47245,410,2,,820
Direct,370,29-May,Fresh Bakers - Gampaha,Negombo,INV-47248,410,1,,410
Direct,371,29-May,Dinushan Hotel & Fruit Center,Negombo,INV-47249,410,4,,"1,640"
Direct,372,29-May,Chamara Hotel,Negombo,INV-47252,410,3,,"1,230"
Direct,373,29-May,Srimali Yummy Paradise,Negombo,INV-47256,410,3,,"1,230"
Direct,374,29-May,Mahaweli Hotel,Negombo,INV-47260,410,1,,410
Direct,375,29-May,Wijerathna Bakery,Negombo,INV-47261,410,1,,410
Direct,376,29-May,Chef King Cafe & Restaurant - Minuwangoda,Negombo,INV-47262,410,2,,820
Direct,377,29-May,Asiri Bakers,Negombo,INV-47265,410,3,,"1,230"
Direct,378,29-May,Caya Hotel,Negombo,INV-47268,410,1,,410
Direct,379,29-May,Dinuka Hotel,Negombo,INV-47271,410,2,,820
Direct,380,29-May,Resheen Hotel and Banquets,Negombo,INV-47276,410,1,,410
Direct,381,29-May,CP Caters - Gampaha,Negombo,INV-47277,410,4,,"1,640"
Direct,382,29-May,Kings Kitchen Family Restaurant,Negombo,INV-47285,410,3,,"1,230"
Direct,383,29-May,Nimal Rathna Bojun Hala,Negombo,INV-47286,410,1,,410
Direct,384,29-May,Sundaragma,Negombo,INV-47291,410,2,,820
Direct,385,29-May,Pabasara Dine Family Resturant - Udugampola,Negombo,INV-47292,410,1,,410
Direct,386,29-May,Lead Family Resturant - Nalla,Negombo,INV-47293,410,3,,"1,230"
Direct,387,29-May,Harischandra Hotel,Negombo,INV-47296,410,1,,410
Direct,388,29-May,Airport City Hotel - Katunayaka,Negombo,INV-47301,410,26,,"10,660"
Direct,389,29-May,Thushara Bake House,Negombo,INV-47303,410,2,,820
Direct,390,29-May,Saminro Reception Hall - Kadawatha,Negombo,INV-47304,410,8,,"3,280"
Direct,391,29-May,Happy Bright Hotel,Negombo,INV-47309,410,2,,820
Direct,392,29-May,Cool Feel Hotel,Negombo,INV-47311,410,2,,820
Direct,393,29-May,Roast Chiken,Negombo,INV-47314,410,4,,"1,640"
Direct,394,29-May,Divashi Sinhala Hotel,Negombo,INV-47316,410,1,,410
Direct,395,29-May,Harischandra Hotel,Negombo,INV-47317,410,8,,"3,280"
Direct,396,29-May,New Tamarind Tree,Negombo,INV-47321,410,4,,"1,640"
Direct,397,29-May,Cinnamon Resi,Negombo,INV-47324,410,2,,820
Direct,398,29-May,Flavours Resturant,Negombo,INV-47326,410,1,,410
Direct,399,29-May,Nethmi Foods,Negombo,INV-47327,410,1,,410
Direct,400,30-May,Priyashanthi Hotel,Negombo,INV-47328,410,1,,410
Direct,401,30-May,NR Foods,Negombo,INV-47329,410,1,,410
Direct,402,30-May,Zam Zam Hotel,Negombo,INV-47330,410,3,,"1,230"
Direct,403,30-May,Negombo Hotel,Negombo,INV-47331,410,3,,"1,230"
Direct,404,30-May,Gemi Gedara,Negombo,INV-47332,410,1,,410
Direct,405,30-May,LJ Bakery,Negombo,INV-47334,410,1,,410
Direct,406,30-May,Ocean La Banquets,Negombo,INV-47339,410,1,,410
Direct,407,30-May,Teachers Choice,Negombo,INV-47352,410,4,,"1,640"
Direct,408,30-May,Cafe two 88,Negombo,INV-47365,410,2,,820
Direct,409,30-May,Hot & Cool Restaurant,Negombo,INV-47367,410,1,,410
Direct,410,30-May,Those Kade - Ja Ela,Negombo,INV-47368,410,1,,410
Direct,411,30-May,SS Beach Cafe,Negombo,INV-47374,410,3,,"1,230"
Direct,412,30-May,Jayalath Traders,Negombo,INV-47380,410,1,,410
Direct,413,30-May,Mathara Bath Kade - Ja Ela,Negombo,INV-47382,410,1,,410
Direct,414,30-May,Madu Manjula,Negombo,INV-47387,410,2,,820
Direct,415,30-May,Nugara Hotel,Negombo,INV-47389,410,3,,"1,230"
Direct,416,30-May,Kamilka Family Restaurant,Negombo,INV-47396,410,4,,"1,640"
Direct,417,30-May,Madara Bakery,Negombo,INV-47403,410,1,,410
Direct,418,30-May,Lotus Leaf (Dassanayake Hotel),Negombo,INV-47409,410,6,,"2,460"
Direct,419,30-May,Oreeka Hotels - Kandawala,Negombo,INV-47413,410,3,,"1,230"
Direct,420,30-May,Game Cafe - Ragama,Negombo,INV-47418,410,1,,410
Direct,421,30-May,Saffron Resturant - Welisara,Negombo,INV-47420,410,1,,410
Direct,422,30-May,N N Food,Negombo,INV-47424,410,1,,410
Direct,423,30-May,Roast Chicken - Kadana,Negombo,INV-47428,410,1,,410
Direct,424,30-May,Thora House,Negombo,INV-47435,410,1,,410
Direct,425,30-May,St. Mary's Bakery And Grocery,Negombo,INV-47436,410,2,,820
Direct,426,30-May,The Grill Master,Negombo,INV-47440,410,1,,410
Direct,427,30-May,Weligampitiya Hotel,Negombo,INV-47443,410,1,,410
Direct,428,31-May,Aradhana Food Solutions (Pvt) Ltd,Negombo,AGDPL-127485,410,2,,820
Direct,429,31-May,Nayomie's Resturant,Negombo,AGT2403942,410,6,,"2,460"
Direct,430,31-May,Greens Corner - Negombo,Negombo,INV-47459,410,3,,"1,230"
Direct,431,31-May,St. Joseph Hotel,Negombo,INV-47460,410,1,,410
Direct,432,31-May,Gami Rasa,Negombo,INV-47461,410,1,,410
Direct,433,31-May,Negombo Cafe,Negombo,INV-47462,410,3,,"1,230"
Direct,434,31-May,Ajmeer Hotel,Negombo,INV-47463,410,3,,"1,230"
Direct,435,31-May,Marshal Bakery,Negombo,INV-47465,410,2,,820
Direct,436,31-May,Paradise Hotel,Negombo,INV-47466,410,1,,410
Direct,437,31-May,Dinithi Baker’s,Negombo,INV-47487,410,4,,"1,640"
Direct,438,31-May,Rich Table Family Restaurant,Negombo,INV-47490,410,1,,410
Direct,439,31-May,New Rest House,Negombo,INV-47493,410,1,,410
Direct,440,31-May,Full Moon Restaurant - Makadura,Negombo,INV-47494,410,2,,820
Direct,441,31-May,Thora Bidi,Negombo,INV-47502,410,28,,"11,480"
Direct,442,31-May,TTJ Those,Negombo,INV-47516,410,3,,"1,230"
Direct,443,31-May,Sethsawi Banquet Hall,Negombo,INV-47526,410,3,,"1,230"
Direct,444,31-May,Kandy Foods,Negombo,INV-47532,410,1,,410
Direct,445,31-May,Star Hotel & Cool Spot,Negombo,INV-47540,410,3,,"1,230"
Direct,446,31-May,Royal Family Hub,Negombo,INV-47543,410,1,,410
Direct,447,31-May,Rani Beach Resort,Negombo,INV-47545,410,1,,410
Direct,448,31-May,Leonardo by Bella Vita Italian restaurant,Negombo,INV-47548,410,2,,820
Direct,449,31-May,NC Hotel,Negombo,INV-47553,410,2,,820
Direct,450,31-May,New Tajmahal Hotel,Negombo,INV-47564,410,8,,"3,280"
Direct,451,31-May,Senuri Grand Castello,Negombo,INV-47580,410,16,,"6,560"
Direct,452,31-May,Deshaka Bakers,Negombo,INV-47590,410,2,,820
Direct,453,31-May,Wasana Cake,Negombo,INV-47593,410,2,,820
Direct,454,31-May,Lavonra Catering Service,Negombo,INV-47613,410,2,,820
Direct,455,31-May,Milanro Foods,Negombo,INV-47614,410,5,,"2,050"
Direct,456,31-May,Superma Food And Bakers,Negombo,INV-47615,410,21,,"8,610"
Direct,457,31-May,Bread Cart Muddaragama,Negombo,INV-47620,410,12,,"4,920"
Direct,458,31-May,Airport City Hotel - Katunayaka,Negombo,INV-47622,410,16,,"6,560"
Direct,459,31-May,Aradhana Food Solutions (Pvt) Ltd,Negombo,INV-47625,410,2,,820
Direct,1,2-Jun,Light House,Negombo,INV-47626,410,1,,410
Direct,2,2-Jun,Aradhana Food Solutions (Pvt) Ltd,Negombo,INV-47627,410,1,,410
Direct,3,2-Jun,Pasindu Caters,Negombo,INV-47644,410,4,,"1,640"
Direct,4,2-Jun,Nihal Hotel,Negombo,INV-47646,410,4,,"1,640"
Direct,5,2-Jun,Jenat Hotel (I.S Distributor  / K.G.M),Negombo,INV-47651,410,4,,"1,640"
Direct,6,2-Jun,Gemunu Hotel,Negombo,INV-47652,410,1,,410
Direct,7,2-Jun,Divya Hotel,Negombo,INV-47655,410,1,,410
Direct,8,2-Jun,Amoda Ranketh Hotel - Akaragama,Negombo,INV-47656,410,1,,410
Direct,9,2-Jun,Sooriya Cafe & Family Resturant - Badalgama,Negombo,INV-47657,410,2,,820
Direct,10,2-Jun,Dinushan Hotel & Fruit Center,Negombo,INV-47659,410,8,,"3,280"
Direct,11,2-Jun,Aruna Hotel,Negombo,INV-47660,410,1,,410
Direct,12,2-Jun,Aruna Hotel,Negombo,INV-47661,410,1,,410
Direct,13,2-Jun,Sameera Hotel - Badalgama (Kema Kade),Negombo,INV-47662,410,1,,410
Direct,14,2-Jun,Wijerathna Bakery,Negombo,INV-47672,410,1,,410
Direct,15,2-Jun,Chef King Cafe & Restaurant - Minuwangoda,Negombo,INV-47674,410,2,,820
Direct,16,2-Jun,Isuru Caters Pvt Ltd (Leopards) - Gampaha,Negombo,INV-47679,410,4,,"1,640"
Direct,17,2-Jun,Srimali Yummy Paradise,Negombo,INV-47680,410,5,,"2,050"
Direct,18,2-Jun,Asiri Bakers,Negombo,INV-47705,410,1,,410
Direct,19,2-Jun,New Tamarind Tree,Negombo,INV-47706,410,5,,"2,050"
Direct,20,2-Jun,Land of Kings Winterfell,Negombo,INV-47710,410,2,,820
Direct,21,2-Jun,Airport City Hotel - Katunayaka,Negombo,INV-47715,410,13,,"5,330"
Direct,22,2-Jun,Muthu Hotel & Catering Service,Negombo,INV-47716,410,3,,"1,230"
Direct,23,2-Jun,Sundaragma,Negombo,INV-47721,410,3,,"1,230"
Direct,24,2-Jun,Nethmi Foods,Negombo,INV-47722,410,1,,410
Direct,25,2-Jun,Pabasara Dine Family Resturant - Udugampola,Negombo,INV-47725,410,1,,410
Direct,26,2-Jun,Lead Family Resturant - Nalla,Negombo,INV-47729,410,8,,"3,280"
Direct,27,2-Jun,Resheen Hotel and Banquets,Negombo,INV-47736,410,4,,"1,640"
Direct,28,2-Jun,Sunshine restaurant,Negombo,INV-47737,410,3,,"1,230"
Direct,29,2-Jun,Dinuka Hotel,Negombo,INV-47739,410,3,,"1,230"
Direct,30,2-Jun,The Grill Master,Negombo,INV-47741,410,1,,410
Direct,31,2-Jun,Divashi Sinhala Hotel,Negombo,INV-47742,410,1,,410
Direct,32,2-Jun,Castle Family (Nirosh Resturant),Negombo,INV-47746,410,1,,410
Direct,33,2-Jun,Machan - Ekala,Negombo,INV-47754,410,1,,410
Direct,34,3-Jun,VETGROWTORY of Vetgrow (PVT) Ltd.,Negombo,AGT2403971,410,1,,410
Direct,35,3-Jun,Ramada,Negombo,AGT2403978,410,1,,410
Direct,36,3-Jun,Priyashanthi Hotel,Negombo,INV-47759,410,2,,820
Direct,37,3-Jun,Udaya Bakery,Negombo,INV-47760,410,4,,"1,640"
Direct,38,3-Jun,LJ Bakery,Negombo,INV-47761,410,1,,410
Direct,39,3-Jun,Ocean La Banquets (Kochchi Family Resturant),Negombo,INV-47765,410,5,,"2,050"
Direct,40,3-Jun,Prasara Washing Plant,Negombo,INV-47772,410,2,,820
Direct,41,3-Jun,LM Luckymo,Negombo,INV-47775,410,4,,"1,640"
Direct,42,3-Jun,Kanchana Food Center,Negombo,INV-47777,410,5,,"2,050"
Direct,43,3-Jun,Cafe two 88,Negombo,INV-47782,410,1,,410
Direct,44,3-Jun,Dinithi Baker’s,Negombo,INV-47790,410,3,,"1,230"
Direct,45,3-Jun,Kandy Food Corner,Negombo,INV-47792,410,1,,410
Direct,46,3-Jun,Teachers Choice,Negombo,INV-47796,410,6,,"2,460"
Direct,47,3-Jun,La Queens Banquet,Negombo,INV-47798,410,1,,410
Direct,48,3-Jun,Rich Table Family Restaurant,Negombo,INV-47801,410,1,,410
Direct,49,3-Jun,One Bambo Hotel (D.U.C.Weerasinghe),Negombo,INV-47803,410,1,,410
Direct,50,3-Jun,Full Moon Restaurant - Makadura,Negombo,INV-47807,410,1,,410
Direct,51,3-Jun,Sameera Bakery,Negombo,INV-47822,410,7,,"2,870"
Direct,52,3-Jun,Wethmi Hotel,Negombo,INV-47823,410,2,,820
Direct,53,3-Jun,Chef King - Kurana,Negombo,INV-47824,410,2,,820
Direct,54,3-Jun,Thissera Bakery,Negombo,INV-47826,410,3,,"1,230"
Direct,55,3-Jun,Athiliya,Negombo,INV-47828,410,1,,410
Direct,56,3-Jun,Jayalath Traders,Negombo,INV-47834,410,4,,"1,640"
Direct,57,3-Jun,Thora House,Negombo,INV-47835,410,2,,820
Direct,58,3-Jun,Star Hotel & Cool Spot,Negombo,INV-47840,410,2,,820
Direct,59,3-Jun,New Tajmahal Hotel,Negombo,INV-47841,410,3,,"1,230"
Direct,60,3-Jun,Jayalanka Hotel,Negombo,INV-47847,410,1,,410
Direct,61,3-Jun,St. Mary's Bakery And Grocery,Negombo,INV-47851,410,3,,"1,230"
Direct,62,3-Jun,Golden Bird Bakers,Negombo,INV-47852,410,13,,"5,330"
Direct,63,3-Jun,Sethsawi Banquet Hall,Negombo,INV-47856,410,2,,820
Direct,64,3-Jun,Sethsawi Banquet Hall,Negombo,INV-47860,410,1,,410
Direct,65,3-Jun,Madara Bakery,Negombo,INV-47861,410,2,,820
Direct,66,3-Jun,Game Cafe - Ragama,Negombo,INV-47865,410,1,,410
Direct,67,3-Jun,Saffron Resturant - Welisara,Negombo,INV-47869,410,1,,410
Direct,68,3-Jun,Aurion Cabans,Negombo,INV-47872,410,1,,410
Direct,69,3-Jun,Roast Chicken - Kadana (Verona Resturant),Negombo,INV-47877,410,1,,410
Direct,70,3-Jun,Cabba's Kitchen - Kandana,Negombo,INV-47878,410,2,,820
Direct,71,3-Jun,Deshaka Bakers,Negombo,INV-47882,410,1,,410
Direct,72,3-Jun,Chinthaka Hotel,Negombo,INV-47884,410,5,,"2,050"
Direct,73,3-Jun,Tharaka chinese restaurent and beer pub (Rice Kade),Negombo,INV-47886,410,1,,410
Direct,74,3-Jun,Weligampitiya Hotel,Negombo,INV-47889,410,2,,820
Direct,75,3-Jun,Lotus Leaf (Dassanayake Hotel),Negombo,INV-47892,410,6,,"2,460"
Direct,76,3-Jun,Janatha Hotel,Negombo,INV-47893,410,2,,820
Direct,77,3-Jun,Achala Hotel,Negombo,INV-47897,410,1,,410
Direct,78,3-Jun,Aradhana Food Solutions (Pvt) Ltd,Negombo,INV-47905,410,1,,410
Direct,79,3-Jun,Wasana Cake,Negombo,INV-47907,410,2,,820
Direct,80,3-Jun,One Rice - Giriulla,Negombo,INV-47910,410,5,,"2,050"
Direct,81,3-Jun,T & T Food - Dambadeniya,Negombo,INV-47912,410,8,,"3,280"
Direct,82,3-Jun,Thunhela Rasahala - Dambadeniya,Negombo,INV-47917,410,1,,410
Direct,83,4-Jun,Nayomie's Resturant,Negombo,AGT2403980,410,8,,"3,280"
Direct,84,4-Jun,Arie Lagoon,Negombo,AGT2403984,410,2,,820
Direct,85,4-Jun,Greens Corner - Negombo (Nafan Hotel) (Nafan Hotel),Negombo,INV-47918,410,2,,820
Direct,86,4-Jun,Raheemiya Hotel,Negombo,INV-47920,410,1,,410
Direct,87,4-Jun,St. Joseph Hotel,Negombo,INV-47921,410,1,,410
Direct,88,4-Jun,Sisil Sewana,Negombo,INV-47922,410,1,,410
Direct,89,4-Jun,Sabith Cafe,Negombo,INV-47923,410,1,,410
Direct,90,4-Jun,New Negombo Cafe,Negombo,INV-47924,410,2,,820
Direct,91,4-Jun,Rizan Tea Corner,Negombo,INV-47925,410,1,,410
Direct,92,4-Jun,Ajmeer Hotel,Negombo,INV-47926,410,1,,410
Direct,93,4-Jun,Ajmeer Hotel,Negombo,INV-47927,410,1,,410
Direct,94,4-Jun,Gami Rasa,Negombo,INV-47933,410,1,,410
Direct,95,4-Jun,Bombe Sweet Palace,Negombo,INV-47936,410,6,,"2,460"
Direct,96,4-Jun,OHL Restaurant,Negombo,INV-47941,410,1,,410
Direct,97,4-Jun,Jayabima Hotel,Negombo,INV-47943,410,1,,410
Direct,98,4-Jun,St. Joseph Reception Hall,Negombo,INV-47947,410,2,,820
Direct,99,4-Jun,Hotel Blooming,Negombo,INV-47948,410,4,,"1,640"
Direct,100,4-Jun,Ranaveera Foods,Negombo,INV-47956,410,1,,410
Direct,101,4-Jun,Singithi Milk Bar & Hotel,Negombo,INV-47961,410,1,,410
Direct,102,4-Jun,Mandakini Club House,Negombo,INV-47964,410,1,,410
Direct,103,4-Jun,Martin Restaurant & Pizza Lab,Negombo,INV-47976,410,2,,820
Direct,104,4-Jun,Nadeka Hotel Ballapana,Negombo,INV-47978,410,6,,"2,460"
Direct,105,4-Jun,The West Town,Negombo,INV-47981,410,2,,820
Direct,106,4-Jun,Yebina Bake House - Ballapana,Negombo,INV-47982,410,2,,820
Direct,107,4-Jun,Bread Cart Muddaragama,Negombo,INV-47993,410,4,,"1,640"
Direct,108,4-Jun,Brix Resturant & Cafe,Negombo,INV-48003,410,3,,"1,230"
Direct,109,4-Jun,TTJ Those,Negombo,INV-48030,410,3,,"1,230"
Direct,110,4-Jun,Royal Family Hub,Negombo,INV-48034,410,1,,410
Direct,111,4-Jun,K & K Country Resorts,Negombo,INV-48035,410,1,,410
Direct,112,4-Jun,New Sea Villa,Negombo,INV-48037,410,2,,820
Direct,113,4-Jun,Leonardo by Bella Vita Italian restaurant,Negombo,INV-48039,410,5,,"2,050"
Direct,114,4-Jun,New Rest House,Negombo,INV-48042,410,1,,410
Direct,115,4-Jun,New Rest House,Negombo,INV-48044,410,1,,410
Direct,116,4-Jun,Flavours Resturant,Negombo,INV-48046,410,1,,410
Direct,117,4-Jun,Airport City Hotel - Katunayaka,Negombo,INV-48051,410,17,,"6,970"
Direct,118,5-Jun,Calton Factory Katana,Negombo,AGT2403989,410,11,,"4,510"
Direct,119,5-Jun,Aradhana Food Solutions (Pvt) Ltd,Negombo,INV-48052,410,2,,820
Direct,120,5-Jun,Pasindu Caters,Negombo,INV-48056,410,3,,"1,230"
Direct,121,5-Jun,Mahaweli Hotel,Negombo,INV-48063,410,1,,410
Direct,122,5-Jun,Wijerathna Bakery,Negombo,INV-48066,410,1,,410
Direct,123,5-Jun,Wijerathna Bakery,Negombo,INV-48068,410,1,,410
Direct,124,5-Jun,Nihal Hotel,Negombo,INV-48070,410,1,,410
Direct,125,5-Jun,Tango Bake House,Negombo,INV-48075,410,5,,"2,050"
Direct,126,5-Jun,Jenat Hotel (I.S Distributor  / K.G.M),Negombo,INV-48077,410,5,,"2,050"
Direct,127,5-Jun,Nimsara Hotel,Negombo,INV-48083,410,1,,410
Direct,128,5-Jun,Saminro Reception Hall - Kadawatha,Negombo,INV-48085,410,12,,"4,920"
Direct,129,5-Jun,La Grande - Banquet Hotel,Negombo,INV-48087,410,1,,410
Direct,130,5-Jun,Chamara Hotel,Negombo,INV-48098,410,3,,"1,230"
Direct,131,5-Jun,Visuda Resturant,Negombo,INV-48102,410,1,,410
Direct,132,5-Jun,Nimal Rathna Bojun Hala,Negombo,INV-48104,410,1,,410
Direct,133,5-Jun,Land of Kings Winterfell,Negombo,INV-48106,410,5,,"2,050"
Direct,134,5-Jun,Srimali Yummy Paradise,Negombo,INV-48108,410,1,,410
Direct,135,5-Jun,Sandali Bakery,Negombo,INV-48110,410,2,,820
Direct,136,5-Jun,Dinuka Hotel,Negombo,INV-48111,410,1,,410
Direct,137,5-Jun,New Tamarind Tree,Negombo,INV-48112,410,3,,"1,230"
Direct,138,5-Jun,Resheen Hotel and Banquets,Negombo,INV-48115,410,4,,"1,640"
Direct,139,5-Jun,Isuru Caters Pvt Ltd (Leopards) - Gampaha,Negombo,INV-48117,410,4,,"1,640"
Direct,140,5-Jun,Cinnamon Resi (Zigma Distributor),Negombo,INV-48118,410,1,,410
Direct,141,5-Jun,Kings Kitchen Family Restaurant,Negombo,INV-48120,410,1,,410
Direct,142,5-Jun,Asiri Bakers,Negombo,INV-48121,410,1,,410
Direct,143,5-Jun,Gemunu Hotel,Negombo,INV-48124,410,2,,820
Direct,144,5-Jun,Sandamali Bakers & Hotel,Negombo,INV-48129,410,4,,"1,640"
Direct,145,5-Jun,Ranka Take Away Food Cabin,Negombo,INV-48142,410,1,,410
Direct,146,5-Jun,Srimali Yummy Paradise,Negombo,INV-48147,410,2,,820
Direct,147,5-Jun,Fresh Bakers - Gampaha,Negombo,INV-48148,410,1,,410
Direct,148,5-Jun,Fresh Bakers - Gampaha,Negombo,INV-48151,410,1,,410
Direct,149,5-Jun,Nethmi Foods,Negombo,INV-48152,410,2,,820
Direct,150,5-Jun,Roast Chicken - Kadana (Verona Resturant) ,Negombo,INV-48154,410,2,,820
Direct,151,5-Jun,Rashanee Chinese Restaurant - Gampaha,Negombo,INV-48158,410,1,,410
Direct,152,5-Jun,Sundaragma,Negombo,INV-48162,410,2,,820
Direct,153,5-Jun,Pabasara Dine Family Resturant - Udugampola,Negombo,INV-48165,410,1,,410
Direct,154,5-Jun,Happy Bright Hotel,Negombo,INV-48166,410,3,,"1,230"
Direct,155,5-Jun,One Bambo Hotel (D.U.C.Weerasinghe),Negombo,INV-48167,410,4,,"1,640"
Direct,156,6-Jun,Keells Food Product Ekala,Negombo,AGT2404005,410,1,,410
Direct,157,6-Jun,Priyashanthi Hotel,Negombo,INV-48169,410,1,,410
Direct,158,6-Jun,Zam Zam Hotel,Negombo,INV-48170,410,5,,"2,050"
Direct,159,6-Jun,Gemi Gedara,Negombo,INV-48171,410,1,,410
Direct,160,6-Jun,Udaya Bakery,Negombo,INV-48172,410,2,,820
Direct,161,6-Jun,LJ Bakery,Negombo,INV-48173,410,2,,820
Direct,162,6-Jun,Kochchikade Resturant,Negombo,INV-48175,410,1,,410
Direct,163,6-Jun,Cafe two 88,Negombo,INV-48181,410,1,,410
Direct,164,6-Jun,ALCG Bread & Caterers - Ekala,Negombo,INV-48184,410,1,,410
Direct,165,6-Jun,Rich Table Family Restaurant,Negombo,INV-48188,410,2,,820
Direct,166,6-Jun,Full Moon Restaurant - Makadura,Negombo,INV-48189,410,2,,820
Direct,167,6-Jun,Teachers Choice,Negombo,INV-48191,410,5,,"2,050"
Direct,168,6-Jun,Gihan Bakers - Makadura,Negombo,INV-48193,410,2,,820
Direct,169,6-Jun,Hattiya - Kattuwa,Negombo,INV-48195,410,1,,410
Direct,170,6-Jun,Those Kade - Ja Ela (Dosai Kade) - Ja Ela,Negombo,INV-48197,410,1,,410
Direct,171,6-Jun,Wethmi Hotel,Negombo,INV-48198,410,1,,410
Direct,172,6-Jun,Sameera Bakery,Negombo,INV-48201,410,5,,"2,050"
Direct,173,6-Jun,Jayalath Traders,Negombo,INV-48204,410,2,,820
Direct,174,6-Jun,Samudra Hotel (Abishek),Negombo,INV-48205,410,1,,410
Direct,175,6-Jun,New Tajmahal Hotel,Negombo,INV-48206,410,2,,820
Direct,176,6-Jun,Jayalanka Hotel,Negombo,INV-48207,410,1,,410
Direct,177,6-Jun,Madu Manjula,Negombo,INV-48209,410,2,,820
Direct,178,6-Jun,Madara Bakery,Negombo,INV-48210,410,1,,410
Direct,179,6-Jun,Game Cafe - Ragama,Negombo,INV-48212,410,1,,410
Direct,180,6-Jun,Sheen Resturant - Ragama,Negombo,INV-48213,410,1,,410
Direct,181,6-Jun,Roast Chicken - Kadana (Verona Resturant),Negombo,INV-48217,410,3,,"1,230"
Direct,182,6-Jun,NC Hotel,Negombo,INV-48218,410,2,,820
Direct,183,6-Jun,NR Foods,Negombo,INV-48220,410,1,,410
Direct,184,6-Jun,St. Mary's Bakery And Grocery,Negombo,INV-48222,410,2,,820
Direct,185,6-Jun,Keshan Food (C & L Bakery),Negombo,INV-48224,410,1,,410
Direct,186,6-Jun,Suranga Caters,Negombo,INV-48225,410,4,,"1,640"
Direct,187,6-Jun,Renolika Hotel,Negombo,INV-48227,410,1,,410
Direct,188,6-Jun,Lotus Leaf (Dassanayake Hotel),Negombo,INV-48230,410,2,,820
Direct,189,6-Jun,Optimum Restaurant,Negombo,INV-48231,410,1,,410
Direct,190,6-Jun,Pathima Food,Negombo,INV-48234,410,2,,820
Direct,191,6-Jun,Peach Net - Katunayake,Negombo,INV-48236,410,2,,820
Direct,192,6-Jun,Weligampitiya Hotel,Negombo,INV-48238,410,1,,410
Direct,193,6-Jun,Janatha Hotel,Negombo,INV-48239,410,2,,820
Direct,194,6-Jun,Hot & Cool Restaurant,Negombo,INV-48242,410,1,,410
Direct,195,6-Jun,Resturant 87,Negombo,INV-48244,410,1,,410
Direct,196,6-Jun,Hot Meal,Negombo,INV-48245,410,1,,410
Direct,197,6-Jun,LM Luckymo,Negombo,INV-48246,410,3,,"1,230"
Direct,198,6-Jun,Wasana Cake,Negombo,INV-48247,410,13,,"5,330"
Direct,199,6-Jun,Thunhela Rasahala - Dambadeniya,Negombo,INV-48249,410,1,,410
Direct,200,6-Jun,T & T Food - Dambadeniya,Negombo,INV-48250,410,1,,410
Direct,201,7-Jun,Nayomie's Resturant,Negombo,AGT2404016,410,9,,"3,690"
Direct,202,7-Jun,Greens Corner - Negombo (Nafan Hotel),Negombo,INV-48255,410,2,,820
Direct,203,7-Jun,Ranjith Hotel,Negombo,INV-48256,410,1,,410
Direct,204,7-Jun,Tharaka Bath Kade,Negombo,INV-48257,410,1,,410
Direct,205,7-Jun,St. Joseph Hotel,Negombo,INV-48258,410,1,,410
Direct,206,7-Jun,Rizan Tea Corner,Negombo,INV-48259,410,1,,410
Direct,207,7-Jun,Thushan Cafe & Juice Bar,Negombo,INV-48260,410,2,,820
Direct,208,7-Jun,TTJ Those,Negombo,INV-48261,410,3,,"1,230"
Direct,209,7-Jun,Ranaveera Foods,Negombo,INV-48267,410,1,,410
Direct,210,7-Jun,St. Joseph Reception Hall,Negombo,INV-48271,410,5,,"2,050"
Direct,211,7-Jun,Senuri Grand Castello,Negombo,INV-48274,410,9,,"3,690"
Direct,212,7-Jun,Nadeka Hotel Ballapana,Negombo,INV-48285,410,1,,410
Direct,213,7-Jun,The West Town,Negombo,INV-48288,410,1,,410
Direct,214,7-Jun,Senanayaka Hotel,Negombo,INV-48290,410,2,,820
Direct,215,7-Jun,Senanayaka Hotel,Negombo,INV-48291,410,1,,410
Direct,216,7-Jun,Jega Food,Negombo,INV-48293,410,1,,410
Direct,217,7-Jun,Aradhana Food Solutions (Pvt) Ltd,Negombo,INV-48305,410,3,,"1,230"
Direct,218,7-Jun,Martin Restaurant & Pizza Lab,Negombo,INV-48312,410,3,,"1,230"
Direct,219,7-Jun,New Rest House,Negombo,INV-48318,410,1,,410
Direct,220,7-Jun,SS Beach Cafe,Negombo,INV-48323,410,3,,"1,230"
Direct,221,7-Jun,Cafe Cassendro,Negombo,INV-48342,410,1,,410
Direct,222,7-Jun,Fish & Chips,Negombo,INV-48347,410,1,,410
Direct,223,7-Jun,Bread Cart Muddaragama,Negombo,INV-48356,410,5,,"2,050"
Direct,224,7-Jun,Airport City Hotel - Katunayaka,Negombo,INV-48377,410,16,,"6,560"
Direct,225,7-Jun,New Tamarind Tree,Negombo,INV-48389,410,2,,820
Direct,226,7-Jun,Flavours Resturant,Negombo,INV-48393,410,1,,410
Direct,227,7-Jun,Nethmi Foods,Negombo,INV-48395,410,4,,"1,640"
Direct,228,9-Jun,Spar negombo,Negombo,AGT2404024,410,2,,820
Direct,229,9-Jun,Aradhana Food Solutions (Pvt) Ltd,Negombo,INV-48396,410,2,,820
Direct,230,9-Jun,Pasindu Caters,Negombo,INV-48398,410,2,,820
Direct,231,9-Jun,Nihal Hotel,Negombo,INV-48403,410,5,,"2,050"
Direct,232,9-Jun,Raneesha Bakers,Negombo,INV-48405,410,3,,"1,230"
Direct,233,9-Jun,N N Food (Pranee Vehicle),Negombo,INV-48406,410,2,,820
Direct,234,9-Jun,Jenat Hotel (I.S Distributor  / K.G.M),Negombo,INV-48408,410,1,,410
Direct,235,9-Jun,Land of Kings Winterfell,Negombo,INV-48410,410,5,,"2,050"
Direct,236,9-Jun,"Divine Retreat Center, Colombo",Negombo,INV-48411,410,1,,410
Direct,237,9-Jun,Divya Hotel,Negombo,INV-48412,410,1,,410
Direct,238,9-Jun,Isuru Caters Pvt Ltd (Leopards) - Gampaha,Negombo,INV-48414,410,4,,"1,640"
Direct,239,9-Jun,Amoda Ranketh Hotel - Akaragama,Negombo,INV-48415,410,1,,410
Direct,240,9-Jun,La Grande - Banquet Hotel,Negombo,INV-48416,410,1,,410
Direct,241,9-Jun,Asiri Bakers,Negombo,INV-48417,410,5,,"2,050"
Direct,242,9-Jun,TheW Food Corner (Kusal Hotel / Roshan Food Corner),Negombo,INV-48418,410,2,,820
Direct,243,9-Jun,Sooriya Cafe & Family Resturant - Badalgama,Negombo,INV-48419,410,2,,820
Direct,244,9-Jun,Aruna Hotel,Negombo,INV-48420,410,2,,820
Direct,245,9-Jun,Chef King - Kurana,Negombo,INV-48425,410,2,,820
Direct,246,9-Jun,Ranka Take Away Food Cabin,Negombo,INV-48426,410,1,,410
Direct,247,9-Jun,Rathnayaka Hotel,Negombo,INV-48430,410,1,,410
Direct,248,9-Jun,Mahaweli Hotel,Negombo,INV-48434,410,2,,820
Direct,249,9-Jun,Srimali Yummy Paradise,Negombo,INV-48436,410,4,,"1,640"
Direct,250,9-Jun,Wijerathna Bakery,Negombo,INV-48437,410,1,,410
Direct,251,9-Jun,Chef King Cafe & Restaurant - Minuwangoda,Negombo,INV-48439,410,2,,820
Direct,252,9-Jun,CP Caters - Gampaha,Negombo,INV-48440,410,4,,"1,640"
Direct,253,9-Jun,Dinuka Hotel,Negombo,INV-48444,410,2,,820
Direct,254,9-Jun,Sunshine restaurant,Negombo,INV-48445,410,4,,"1,640"
Direct,255,9-Jun,Sundaragma,Negombo,INV-48446,410,4,,"1,640"
Direct,256,9-Jun,Sa Sha Mojo Indiano (Pvt) Ltd,Negombo,INV-48447,410,3,,"1,230"
Direct,257,9-Jun,Resheen Hotel and Banquets,Negombo,INV-48448,410,2,,820
Direct,258,9-Jun,Pabasara Dine Family Resturant - Udugampola,Negombo,INV-48449,410,1,,410
Direct,259,9-Jun,Happy Bright Hotel,Negombo,INV-48451,410,1,,410
Direct,260,9-Jun,Lead Family Resturant - Nalla,Negombo,INV-48452,410,1,,410
Direct,261,9-Jun,Green Rest,Negombo,INV-48456,410,1,,410
Direct,262,9-Jun,Cool Feel Hotel,Negombo,INV-48457,410,1,,410
Direct,263,9-Jun,One Bambo Hotel (D.U.C.Weerasinghe),Negombo,INV-48459,410,2,,820
Direct,264,9-Jun,Cinnamon Resi (Zigma Distributor),Negombo,INV-48460,410,1,,410
Direct,265,9-Jun,Gemunu Hotel,Negombo,INV-48461,410,3,,"1,230"
Direct,266,9-Jun,Divashi Sinhala Hotel,Negombo,INV-48465,410,1,,410
Direct,267,9-Jun,Nethmi Foods,Negombo,INV-48466,410,1,,410
Direct,268,9-Jun,Jayalath Traders,Negombo,INV-48468,410,4,,"1,640"
Direct,269,9-Jun,Dolphin Hotel,Negombo,INV-48471,410,1,,410
Direct,270,9-Jun,Oven Fresh Bakery & Cafe,Negombo,INV-48475,410,1,,410
Direct,271,11-Jun,Nayomie's Resturant,Negombo,AGT2404043,410,5,,"2,050"
Direct,272,11-Jun,Arie Lagoon,Negombo,AGT2404046,410,2,,820
Direct,273,11-Jun,Greens Corner - Negombo (Nafan Hotel),Negombo,INV-48476,410,2,,820
Direct,274,11-Jun,Raheemiya Hotel,Negombo,INV-48477,410,1,,410
Direct,275,11-Jun,Gami Rasa,Negombo,INV-48478,410,1,,410
Direct,276,11-Jun,Ajmeer Hotel,Negombo,INV-48482,410,2,,820
Direct,277,11-Jun,Cafe two 88,Negombo,INV-48483,410,1,,410
Direct,278,11-Jun,Dinithi Baker’s,Negombo,INV-48484,410,6,,"2,460"
Direct,279,11-Jun,TTJ Those,Negombo,INV-48487,410,1,,410
Direct,280,11-Jun,Kandy Food Corner,Negombo,INV-48488,410,2,,820
Direct,281,11-Jun,Rich Table Family Restaurant,Negombo,INV-48489,410,1,,410
Direct,282,11-Jun,St. Joseph Reception Hall,Negombo,INV-48491,410,9,,"3,690"
Direct,283,11-Jun,Sethsawi Banquet Hall,Negombo,INV-48493,410,5,,"2,050"
Direct,284,11-Jun,Martin Restaurant & Pizza Lab,Negombo,INV-48495,410,1,,410
Direct,285,11-Jun,The West Town,Negombo,INV-48503,410,1,,410
Direct,286,11-Jun,New Tajmahal Hotel,Negombo,INV-48504,410,4,,"1,640"
Direct,287,11-Jun,ALCG Bread & Caterers - Ekala,Negombo,INV-48505,410,1,,410
Direct,288,11-Jun,Castle Family (Nirosh Resturant),Negombo,INV-48507,410,1,,410
Direct,289,11-Jun,Hot & Cool Restaurant,Negombo,INV-48508,410,1,,410
Direct,290,11-Jun,Those Kade - Ja Ela (Dosai Kade) - Ja Ela,Negombo,INV-48509,410,2,,820
Direct,291,11-Jun,Sameera Bakery,Negombo,INV-48510,410,2,,820
Direct,292,11-Jun,Sameera Bakery,Negombo,INV-48511,410,1,,410
Direct,293,11-Jun,Thissera Bakery,Negombo,INV-48512,410,3,,"1,230"
Direct,294,11-Jun,Thora House,Negombo,INV-48515,410,2,,820
Direct,295,11-Jun,Keshan Food (C & L Bakery),Negombo,INV-48516,410,1,,410
Direct,296,11-Jun,Big Nana Biriyani House,Negombo,INV-48518,410,1,,410
Direct,297,11-Jun,St. Mary's Bakery And Grocery,Negombo,INV-48519,410,1,,410
Direct,298,11-Jun,Deshaka Bakers,Negombo,INV-48521,410,3,,"1,230"
Direct,299,11-Jun,Pathima Food,Negombo,INV-48522,410,2,,820
Direct,300,11-Jun,Moya Resturant,Negombo,INV-48523,410,1,,410
Direct,301,11-Jun,Kamilka Family Restaurant,Negombo,INV-48524,410,2,,820
Direct,302,11-Jun,Madara Bakery,Negombo,INV-48525,410,2,,820
Direct,303,11-Jun,New Sea Villa,Negombo,INV-48528,410,1,,410
Direct,304,11-Jun,New Sea Villa,Negombo,INV-48529,410,1,,410
Direct,305,11-Jun,Cabba's Kitchen - Kandana,Negombo,INV-48533,410,2,,820
Direct,306,11-Jun,Peach Net - Katunayake,Negombo,INV-48536,410,1,,410
Direct,307,11-Jun,Weligampitiya Hotel,Negombo,INV-48540,410,1,,410
Direct,308,11-Jun,Janatha Hotel,Negombo,INV-48543,410,2,,820
Direct,309,12-Jun,Trust Lanka Suppliers PVT LTD,Negombo,AGT2404063,410,1,,410
Direct,310,12-Jun,Aradhana Food Solutions (Pvt) Ltd,Negombo,INV-48548,410,3,,"1,230"
Direct,311,12-Jun,Pasindu Caters,Negombo,INV-48549,410,5,,"2,050"
Direct,312,12-Jun,Airport City Hotel - Katunayaka,Negombo,INV-48550,410,25,,"10,250"
Direct,313,12-Jun,Supun Hotel (Kelum Stores),Negombo,INV-48553,410,1,,410
Direct,314,12-Jun,OHL Restaurant,Negombo,INV-48557,410,1,,410
Direct,315,12-Jun,Wijerathna Bakery,Negombo,INV-48558,410,2,,820
Direct,316,12-Jun,Isuru Caters Pvt Ltd (Leopards) - Gampaha,Negombo,INV-48560,410,3,,"1,230"
Direct,317,12-Jun,Asiri Bakers,Negombo,INV-48561,410,1,,410
Direct,318,12-Jun,Golden Bird Bakers,Negombo,INV-48568,410,17,,"6,970"
Direct,319,12-Jun,Mandakini Club House,Negombo,INV-48569,410,1,,410
Direct,320,12-Jun,Chef King Cafe & Restaurant - Minuwangoda,Negombo,INV-48572,410,1,,410
Direct,321,12-Jun,Nimal Rathna Bojun Hala,Negombo,INV-48576,410,1,,410
Direct,322,12-Jun,New Tamarind Tree,Negombo,INV-48583,410,5,,"2,050"
Direct,323,12-Jun,Caya Hotel,Negombo,INV-48585,410,1,,410
Direct,324,12-Jun,Sundaragma,Negombo,INV-48587,410,1,,410
Direct,325,12-Jun,Bread Cart Muddaragama,Negombo,INV-48589,410,5,,"2,050"
Direct,326,12-Jun,Saminro Reception Hall - Kadawatha,Negombo,INV-48593,410,9,,"3,690"
Direct,327,12-Jun,Happy Bright Hotel,Negombo,INV-48612,410,1,,410
Direct,328,12-Jun,Cool Feel Hotel,Negombo,INV-48614,410,1,,410
Direct,329,12-Jun,Nadeka Hotel Ballapana,Negombo,INV-48615,410,1,,410
Direct,330,12-Jun,Yebina Bake House - Ballapana,Negombo,INV-48616,410,1,,410
Direct,331,12-Jun,One Bambo Hotel (D.U.C.Weerasinghe),Negombo,INV-48617,410,3,,"1,230"
Direct,332,12-Jun,Brix Resturant & Cafe,Negombo,INV-48619,410,2,,820
Direct,333,12-Jun,Hot Meal,Negombo,INV-48621,410,1,,410
Direct,334,12-Jun,Teachers Choice,Negombo,INV-48622,410,12,,"4,920"
Direct,335,12-Jun,Roast Chicken - Kadana (Verona Resturant) ,Negombo,INV-48625,410,2,,820
Direct,336,12-Jun,Divashi Sinhala Hotel,Negombo,INV-48626,410,1,,410
Direct,337,12-Jun,Senanayaka Hotel,Negombo,INV-48627,410,1,,410
Direct,338,12-Jun,Harischandra Hotel - Averiwatta,Negombo,INV-48628,410,10,,"4,100"
Direct,339,12-Jun,Cinnamon Resi (Zigma Distributor),Negombo,INV-48630,410,1,,410
Direct,340,12-Jun,Nethmi Foods,Negombo,INV-48634,410,1,,410
Direct,341,13-Jun,Calton Factory Katana,Negombo,AGT2404067,410,7,,"2,870"
Direct,342,13-Jun,Candenlla Foods,Negombo,INV-48636,410,1,,410
Direct,343,13-Jun,Light House,Negombo,INV-48637,410,2,,820
Direct,344,13-Jun,Marshal Bakery,Negombo,INV-48638,410,1,,410
Direct,345,13-Jun,LM Luckymo,Negombo,INV-48640,410,3,,"1,230"
Direct,346,13-Jun,Cafe two 88,Negombo,INV-48642,410,1,,410
Direct,347,13-Jun,Priyashanthi Hotel,Negombo,INV-48643,410,2,,820
Direct,348,13-Jun,Nihal Hotel,Negombo,INV-48644,410,2,,820
Direct,349,13-Jun,Kandy Food Corner,Negombo,INV-48645,410,2,,820
Direct,350,13-Jun,Jenat Hotel (I.S Distributor  / K.G.M),Negombo,INV-48648,410,3,,"1,230"
Direct,351,13-Jun,Negombo Hotel,Negombo,INV-48650,410,2,,820
Direct,352,13-Jun,Nimsara Hotel,Negombo,INV-48652,410,1,,410
Direct,353,13-Jun,Gemi Gedara,Negombo,INV-48653,410,1,,410
Direct,354,13-Jun,Sooriya Cafe & Family Resturant - Badalgama,Negombo,INV-48654,410,1,,410
Direct,355,13-Jun,Udaya Bakery,Negombo,INV-48656,410,6,,"2,460"
Direct,356,13-Jun,Sameera Hotel - Badalgama (Kema Kade),Negombo,INV-48657,410,1,,410
Direct,357,13-Jun,LJ Bakery,Negombo,INV-48659,410,2,,820
Direct,358,13-Jun,Visuda Resturant,Negombo,INV-48661,410,1,,410
Direct,359,13-Jun,Those Kade - Ja Ela (Dosai Kade) - Ja Ela,Negombo,INV-48662,410,1,,410
Direct,360,13-Jun,Ocean La Banquets (Kochchi Family Resturant),Negombo,INV-48666,410,2,,820
Direct,361,13-Jun,Thissera Bakery,Negombo,INV-48667,410,1,,410
Direct,362,13-Jun,Jayalath Traders,Negombo,INV-48669,410,3,,"1,230"
Direct,363,13-Jun,Srimali Yummy Paradise,Negombo,INV-48670,410,1,,410
Direct,364,13-Jun,Madu Manjula,Negombo,INV-48676,410,3,,"1,230"
Direct,365,13-Jun,Resheen Hotel and Banquets,Negombo,INV-48678,410,2,,820
Direct,366,13-Jun,Prasara Washing Plant,Negombo,INV-48679,410,4,,"1,640"
Direct,367,13-Jun,Game Cafe - Ragama,Negombo,INV-48682,410,1,,410
Direct,368,13-Jun,Lead Family Resturant - Nalla,Negombo,INV-48683,410,2,,820
Direct,369,13-Jun,Sheen Resturant - Ragama,Negombo,INV-48684,410,1,,410
Direct,370,13-Jun,Prasanna Bakery,Negombo,INV-48685,410,1,,410
Direct,371,13-Jun,St. Mary's Bakery And Grocery,Negombo,INV-48686,410,2,,820
Direct,372,13-Jun,Weligampitiya Hotel,Negombo,INV-48689,410,1,,410
Direct,373,13-Jun,Muthu Hotel & Catering Service,Negombo,INV-48690,410,2,,820
Direct,374,13-Jun,Renolika Hotel,Negombo,INV-48691,410,2,,820
Direct,375,13-Jun,Susantha Chinees,Negombo,INV-48693,410,2,,820
Direct,376,13-Jun,Nugara Hotel,Negombo,INV-48695,410,4,,"1,640"
Direct,377,13-Jun,Chinthaka Hotel,Negombo,INV-48696,410,5,,"2,050"
Direct,378,13-Jun,Optimum Restaurant,Negombo,INV-48699,410,1,,410
Direct,379,13-Jun,N N Food (Pranee Vehicle),Negombo,INV-48700,410,1,,410
Direct,380,13-Jun,La Pizzaria,Negombo,INV-48701,410,3,,"1,230"
Direct,381,13-Jun,Filo tex,Negombo,INV-48704,410,1,,410
Direct,382,13-Jun,New Tamarind Tree,Negombo,INV-48705,410,3,,"1,230"
Direct,383,14-Jun,Nayomie's Resturant,Negombo,AGT2404074,410,6,,"2,460"
Direct,384,14-Jun,Greens Corner - Negombo (Nafan Hotel),Negombo,INV-48707,410,1,,410
Direct,385,14-Jun,Gami Rasa,Negombo,INV-48708,410,1,,410
Direct,386,14-Jun,Onali Foods,Negombo,INV-48709,410,1,,410
Direct,387,14-Jun,Ajmeer Hotel,Negombo,INV-48710,410,1,,410
Direct,388,14-Jun,New Rest House,Negombo,INV-48711,410,2,,820
Direct,389,14-Jun,TTJ Those,Negombo,INV-48712,410,3,,"1,230"
Direct,390,14-Jun,Rich Table Family Restaurant,Negombo,INV-48714,410,1,,410
Direct,391,14-Jun,Wethmi Hotel,Negombo,INV-48717,410,3,,"1,230"
Direct,392,14-Jun,Martin Restaurant & Pizza Lab,Negombo,INV-48718,410,1,,410
Direct,393,14-Jun,Jega Food,Negombo,INV-48721,410,1,,410
Direct,394,14-Jun,Bombe Sweet Palace,Negombo,INV-48727,410,15,,"6,150"
Direct,395,14-Jun,Sethsawi Banquet Hall,Negombo,INV-48728,410,3,,"1,230"
Direct,396,14-Jun,Aradhana Food Solutions (Pvt) Ltd,Negombo,INV-48730,410,3,,"1,230"
Direct,397,14-Jun,Samudra Hotel (Abishek),Negombo,INV-48731,410,1,,410
Direct,398,14-Jun,Star Hotel & Cool Spot,Negombo,INV-48733,410,3,,"1,230"
Direct,399,14-Jun,New Tajmahal Hotel,Negombo,INV-48735,410,3,,"1,230"
Direct,400,14-Jun,Jayalanka Hotel,Negombo,INV-48740,410,1,,410
Direct,401,14-Jun,NC Hotel,Negombo,INV-48743,410,4,,"1,640"
Direct,402,14-Jun,Athiliya,Negombo,INV-48744,410,2,,820
Direct,403,14-Jun,Leonardo by Bella Vita Italian restaurant,Negombo,INV-48751,410,7,,"2,870"
Direct,404,14-Jun,Deshaka Bakers,Negombo,INV-48753,410,1,,410
Direct,405,14-Jun,Fish & Chips,Negombo,INV-48754,410,1,,410
Direct,406,14-Jun,Wasana Cake,Negombo,INV-48756,410,4,,"1,640"
Direct,407,14-Jun,Thunhela Rasahala - Dambadeniya,Negombo,INV-48757,410,1,,410
Direct,1,16-Jun,Aradhana Food Solutions (Pvt) Ltd,Negombo,INV-48769,410,3,,"1,230"
Direct,2,16-Jun,Pasindu Caters,Negombo,INV-48772,410,1,,410
Direct,3,16-Jun,JOINT - Katunayaka,Negombo,INV-48774,410,1,,410
Direct,4,16-Jun,Airport City Hotel - Katunayaka,Negombo,INV-48777,410,29,,"11,890"
Direct,5,16-Jun,Mahaweli Hotel,Negombo,INV-48782,410,1,,410
Direct,6,16-Jun,Wijerathna Bakery,Negombo,INV-48785,410,3,,"1,230"
Direct,7,16-Jun,Sandali Bakery,Negombo,INV-48794,410,1,,410
Direct,8,16-Jun,Land of Kings Winterfell,Negombo,INV-48798,410,5,,"2,050"
Direct,9,16-Jun,Nimal Rathna Bojun Hala,Negombo,INV-48799,410,1,,410
Direct,10,16-Jun,Dinushan Hotel & Fruit Center,Negombo,INV-48803,410,3,,"1,230"
Direct,11,16-Jun,Isuru Caters Pvt Ltd (Leopards) - Gampaha,Negombo,INV-48805,410,4,,"1,640"
Direct,12,16-Jun,Asiri Bakers,Negombo,INV-48808,410,5,,"2,050"
Direct,13,16-Jun,Guruge Hotel - Miriswatta,Negombo,INV-48812,410,1,,410
Direct,14,16-Jun,Dolphin Hotel,Negombo,INV-48815,410,2,,820
Direct,15,16-Jun,Siriduwa Hotel - Seeduwa,Negombo,INV-48820,410,3,,"1,230"
Direct,16,16-Jun,Gemunu Hotel,Negombo,INV-48824,410,3,,"1,230"
Direct,17,16-Jun,Sunshine restaurant,Negombo,INV-48829,410,3,,"1,230"
Direct,18,16-Jun,Ranka Take Away Food Cabin,Negombo,INV-48835,410,1,,410
Direct,19,16-Jun,Caya Hotel,Negombo,INV-48836,410,2,,820
Direct,20,16-Jun,Flavours Resturant,Negombo,INV-48839,410,1,,410
Direct,21,16-Jun,Srimali Yummy Paradise,Negombo,INV-48843,410,6,,"2,460"
Direct,22,16-Jun,Sundaragma,Negombo,INV-48844,410,2,,820
Direct,23,16-Jun,Pabasara Dine Family Resturant - Udugampola,Negombo,INV-48848,410,2,,820
Direct,24,16-Jun,Nethmi Foods,Negombo,INV-48852,410,1,,410
Direct,25,16-Jun,Saminro Reception Hall - Kadawatha,Negombo,INV-48854,410,12,,"4,920"
Direct,26,16-Jun,Divashi Sinhala Hotel,Negombo,INV-48855,410,1,,410
Direct,27,16-Jun,Roast Chiken,Negombo,INV-48857,410,3,,"1,230"
Direct,28,16-Jun,Thushara Bake House,Negombo,INV-48858,410,1,,410
Direct,29,16-Jun,Happy Bright Hotel,Negombo,INV-48859,410,2,,820
Direct,30,16-Jun,Aruna Hotel,Negombo,INV-48863,410,2,,820
Direct,31,16-Jun,Lavonra Catering Service,Negombo,INV-48865,410,10,,"4,100"
Direct,32,16-Jun,Sooriya Cafe & Family Resturant - Badalgama,Negombo,INV-48867,410,2,,820
Direct,33,16-Jun,Jayalath Traders,Negombo,INV-48868,410,4,,"1,640"
Direct,34,16-Jun,Jenat Hotel (I.S Distributor  / K.G.M),Negombo,INV-48870,410,3,,"1,230"
Direct,35,16-Jun,Nihal Hotel,Negombo,INV-48872,410,2,,820
Direct,36,16-Jun,Chill Bro,Negombo,INV-48873,410,4,,"1,640"
Direct,37,16-Jun,Ocean La Banquets (Kochchi Family Resturant),Negombo,INV-48876,410,4,,"1,640"
Direct,38,16-Jun,Rani Beach Resort,Negombo,INV-48880,410,1,,410
Direct,39,17-Jun,NR Foods,Negombo,INV-48883,410,1,,410
Direct,40,17-Jun,Zam Zam Hotel,Negombo,INV-48884,410,5,,"2,050"
Direct,41,17-Jun,Negombo Hotel,Negombo,INV-48885,410,2,,820
Direct,42,17-Jun,Udaya Bakery,Negombo,INV-48888,410,3,,"1,230"
Direct,43,17-Jun,LJ Bakery,Negombo,INV-48891,410,2,,820
Direct,44,17-Jun,Cafe two 88,Negombo,INV-48896,410,2,,820
Direct,45,17-Jun,Kochchikade Resturant,Negombo,INV-48897,410,1,,410
Direct,46,17-Jun,Kanchana Food Center,Negombo,INV-48898,410,6,,"2,460"
Direct,47,17-Jun,Kandy Food Corner,Negombo,INV-48902,410,1,,410
Direct,48,17-Jun,Pradeep Hotel,Negombo,INV-48907,410,1,,410
Direct,49,17-Jun,Rich Table Family Restaurant,Negombo,INV-48908,410,1,,410
Direct,50,17-Jun,One Bambo Hotel,Negombo,INV-48911,410,2,,820
Direct,51,17-Jun,Full Moon Restaurant - Makadura,Negombo,INV-48912,410,2,,820
Direct,52,17-Jun,Gihan Bakers - Makadura,Negombo,INV-48914,410,1,,410
Direct,53,17-Jun,Castle Family (Nirosh Resturant),Negombo,INV-48917,410,1,,410
Direct,54,17-Jun,Those Kade - Ja Ela (Dosai Kade),Negombo,INV-48918,410,1,,410
Direct,55,17-Jun,Wethmi Hotel,Negombo,INV-48922,410,1,,410
Direct,56,17-Jun,Sameera Bakery,Negombo,INV-48927,410,4,,"1,640"
Direct,57,17-Jun,TTJ Those,Negombo,INV-48929,410,7,,"2,870"
Direct,58,17-Jun,New Tajmahal Hotel,Negombo,INV-48931,410,3,,"1,230"
Direct,59,17-Jun,Sumith Hotel,Negombo,INV-48933,410,1,,410
Direct,60,17-Jun,Sumith Hotel,Negombo,INV-48934,410,1,,410
Direct,61,17-Jun,Thora House,Negombo,INV-48936,410,1,,410
Direct,62,17-Jun,Madu Manjula,Negombo,INV-48938,410,2,,820
Direct,63,17-Jun,Kamilka Family Restaurant,Negombo,INV-48941,410,2,,820
Direct,64,17-Jun,The Grill Master,Negombo,INV-48943,410,2,,820
Direct,65,17-Jun,Madara Bakery,Negombo,INV-48948,410,2,,820
Direct,66,17-Jun,Saffron Resturant - Welisara,Negombo,INV-48952,410,6,,"2,460"
Direct,67,17-Jun,Prasanna Bakery,Negombo,INV-48957,410,1,,410
Direct,68,17-Jun,Induruwa Caters,Negombo,INV-48958,410,10,,"4,100"
Direct,69,17-Jun,St. Mary's Bakery And Grocery,Negombo,INV-48959,410,1,,410
Direct,70,17-Jun,Pathima Food,Negombo,INV-48963,410,2,,820
Direct,71,17-Jun,Pathima Food,Negombo,INV-48964,410,2,,820
Direct,72,17-Jun,Achala Hotel,Negombo,INV-48965,410,1,,410
Direct,73,17-Jun,Tharaka chinese restaurent and beer pub (Rice Kade),Negombo,INV-48967,410,1,,410
Direct,74,17-Jun,Chinthaka Hotel,Negombo,INV-48968,410,5,,"2,050"
Direct,75,17-Jun,Mathara Bath Kade - Ja Ela,Negombo,INV-48970,410,1,,410
Direct,76,17-Jun,Lotus Leaf (Dassanayake Hotel),Negombo,INV-48972,410,6,,"2,460"
Direct,77,17-Jun,Weligampitiya Hotel,Negombo,INV-48973,410,1,,410
Direct,78,17-Jun,Wasana Cake,Negombo,INV-48976,410,4,,"1,640"
Direct,79,17-Jun,Thunhela Rasahala - Dambadeniya,Negombo,INV-48980,410,1,,410
Direct,80,17-Jun,Hot Meal,Negombo,INV-48981,410,1,,410
Direct,81,17-Jun,Brix Resturant & Cafe,Negombo,INV-48982,410,2,,820
Direct,82,17-Jun,The Prince Chinese Resturant - Ja Ela,Negombo,INV-48983,410,1,,410
Direct,83,17-Jun,Martin Restaurant & Pizza Lab,Negombo,INV-48984,410,2,,820
Direct,84,17-Jun,LM Luckymo,Negombo,INV-48986,410,3,,"1,230"
Direct,85,17-Jun,Coronation Restaurant & Bar,Negombo,AGDPL-127503,410,2,,820
Direct,86,18-Jun,Arie Lagoon,Negombo,AGT2404102,410,1,,410
Direct,87,18-Jun,Nayomie's Resturant,Negombo,AGT2404103,410,10,,"4,100"
Direct,88,18-Jun,Greens Corner - Negombo (Nafan Hotel),Negombo,INV-48991,410,4,,"1,640"
Direct,89,18-Jun,Ranjith Hotel,Negombo,INV-48992,410,2,,820
Direct,90,18-Jun,Raheemiya Hotel,Negombo,INV-48993,410,1,,410
Direct,91,18-Jun,St. Joseph Hotel,Negombo,INV-48994,410,1,,410
Direct,92,18-Jun,Gami Rasa,Negombo,INV-48995,410,1,,410
Direct,93,18-Jun,Sisil Sewana,Negombo,INV-48996,410,1,,410
Direct,94,18-Jun,Sabith Cafe,Negombo,INV-48997,410,1,,410
Direct,95,18-Jun,Rizan Tea Corner,Negombo,INV-48998,410,1,,410
Direct,96,18-Jun,Paradise Hotel,Negombo,INV-48999,410,1,,410
Direct,97,18-Jun,Hotel Blooming,Negombo,INV-49000,410,3,,"1,230"
Direct,98,18-Jun,Thilak Senanayaka Bakery,Negombo,INV-49003,410,2,,820
Direct,99,18-Jun,St. Joseph Reception Hall,Negombo,INV-49005,410,6,,"2,460"
Direct,100,18-Jun,Ninewells Hospitality (Pvt) Ltd,Negombo,INV-49007,410,1,,410
Direct,101,18-Jun,Senuri Grand Castello,Negombo,INV-49016,410,13,,"5,330"
Direct,102,18-Jun,The West Town,Negombo,INV-49017,410,7,,"2,870"
Direct,103,18-Jun,AYOWA GRAND Hotel,Negombo,INV-49022,410,1,,410
Direct,104,18-Jun,Hotel Mandakini By Land of Kings,Negombo,INV-49028,410,4,,"1,640"
Direct,105,18-Jun,Keells Thelwaththa,Negombo,INV-49033,410,2,,820
Direct,106,18-Jun,Nadeka Hotel Ballapana,Negombo,INV-49038,410,2,,820
Direct,107,18-Jun,TTJ Those,Negombo,INV-49040,410,2,,820
Direct,108,18-Jun,Ammeehulla Resturant,Negombo,INV-49043,410,1,,410
Direct,109,18-Jun,Bread Cart Muddaragama,Negombo,INV-49044,410,8,,"3,280"
Direct,110,18-Jun,New Sea Villa,Negombo,INV-49045,410,2,,820
Direct,111,18-Jun,Cafe Cassendro,Negombo,INV-49046,410,2,,820
Direct,112,18-Jun,Fish & Chips,Negombo,INV-49048,410,1,,410
Direct,113,18-Jun,Peach Net - Katunayake,Negombo,INV-49050,410,2,,820
Direct,114,18-Jun,Oyama Catering,Negombo,INV-49052,410,5,,"2,050"
Direct,115,18-Jun,Teachers Choice,Negombo,INV-49053,410,9,,"3,690"
Direct,116,18-Jun,Superma Food And Bakers,Negombo,INV-49057,410,10,,"4,100"
Direct,117,19-Jun,Calton Factory Katana,Negombo,AGT2404110,410,4,,"1,640"
Direct,118,19-Jun,Calton Factory Katana,Negombo,AGT2404111,410,3,,"1,230"
Direct,119,19-Jun,Light House,Negombo,INV-49072,410,1,,410
Direct,120,19-Jun,Aradhana Food Solutions (Pvt) Ltd,Negombo,INV-49073,410,2,,820
Direct,121,19-Jun,Divashi Sinhala Hotel,Negombo,INV-49074,410,1,,410
Direct,122,19-Jun,Pasindu Caters,Negombo,INV-49075,410,7,,"2,870"
Direct,123,19-Jun,Mahaweli Hotel,Negombo,INV-49076,410,1,,410
Direct,124,19-Jun,Wijerathna Bakery,Negombo,INV-49077,410,2,,820
Direct,125,19-Jun,Sandali Bakery,Negombo,INV-49080,410,1,,410
Direct,126,19-Jun,Tango Bake House,Negombo,INV-49081,410,5,,"2,050"
Direct,127,19-Jun,Land of Kings Winterfell,Negombo,INV-49084,410,3,,"1,230"
Direct,128,19-Jun,Nihal Hotel,Negombo,INV-49085,410,3,,"1,230"
Direct,129,19-Jun,Raneesha Bakers,Negombo,INV-49087,410,2,,820
Direct,130,19-Jun,Jenat Hotel (I.S Distributor  / K.G.M),Negombo,INV-49089,410,3,,"1,230"
Direct,131,19-Jun,Isuru Caters Pvt Ltd (Leopards) - Gampaha,Negombo,INV-49091,410,4,,"1,640"
Direct,132,19-Jun,Asiri Bakers,Negombo,INV-49092,410,1,,410
Direct,133,19-Jun,Nimsara Hotel,Negombo,INV-49094,410,1,,410
Direct,134,19-Jun,TheW Food Corner (Kusal Hotel / Roshan Food Corner),Negombo,INV-49095,410,1,,410
Direct,135,19-Jun,New Tamarind Tree,Negombo,INV-49096,410,5,,"2,050"
Direct,136,19-Jun,Sameera Hotel - Badalgama (Kema Kade),Negombo,INV-49098,410,1,,410
Direct,137,19-Jun,Chamara Hotel,Negombo,INV-49102,410,3,,"1,230"
Direct,138,19-Jun,Gemunu Hotel,Negombo,INV-49104,410,1,,410
Direct,139,19-Jun,Srimali Yummy Paradise,Negombo,INV-49110,410,2,,820
Direct,140,19-Jun,Caya Hotel,Negombo,INV-49111,410,1,,410
Direct,141,19-Jun,CP Caters - Gampaha,Negombo,INV-49112,410,3,,"1,230"
Direct,142,19-Jun,Airport City Hotel - Katunayaka,Negombo,INV-49113,410,15,,"6,150"
Direct,143,19-Jun,Rashanee Chinese Restaurant - Gampaha,Negombo,INV-49114,410,2,,820
Direct,144,19-Jun,Sundaragma,Negombo,INV-49115,410,3,,"1,230"
Direct,145,19-Jun,Pabasara Dine Family Resturant - Udugampola,Negombo,INV-49117,410,2,,820
Direct,146,19-Jun,Harischandra Hotel - Averiwatta,Negombo,INV-49118,410,7,,"2,870"
Direct,147,19-Jun,Resheen Hotel and Banquets,Negombo,INV-49119,410,3,,"1,230"
Direct,148,19-Jun,Kings Kitchen Family Restaurant,Negombo,INV-49121,410,2,,820
Direct,149,19-Jun,Cool Feel Hotel,Negombo,INV-49122,410,1,,410
Direct,150,19-Jun,Machan - Ekala,Negombo,INV-49123,410,2,,820
Direct,151,19-Jun,Flavours Resturant,Negombo,INV-49124,410,3,,"1,230"
Direct,152,19-Jun,Pradeep Hotel,Negombo,INV-49125,410,1,,410
Direct,153,19-Jun,Lead Family Resturant - Nalla,Negombo,INV-49126,410,1,,410
Direct,154,19-Jun,Tharaka chinese restaurent and beer pub (Rice Kade),Negombo,INV-49128,410,2,,820
Direct,155,19-Jun,Nethmi Foods,Negombo,INV-49129,410,2,,820
Direct,156,19-Jun,Jenat Hotel (I.S Distributor  / K.G.M),Negombo,INV-49133,410,2,,820
Direct,157,20-Jun,Priyashanthi Hotel,Negombo,INV-49135,410,1,,410
Direct,158,20-Jun,NR Foods,Negombo,INV-49136,410,1,,410
Direct,159,20-Jun,Gemi Gedara,Negombo,INV-49137,410,1,,410
Direct,160,20-Jun,Udaya Bakery,Negombo,INV-49138,410,2,,820
Direct,161,20-Jun,TTJ Those,Negombo,INV-49140,410,1,,410
Direct,162,20-Jun,Kandy Food Corner,Negombo,INV-49143,410,1,,410
Direct,163,20-Jun,Dinithi Baker’s,Negombo,INV-49145,410,3,,"1,230"
Direct,164,20-Jun,Hot & Cool Restaurant,Negombo,INV-49147,410,1,,410
Direct,165,20-Jun,Those Kade - Ja Ela (Dosai Kade),Negombo,INV-49151,410,1,,410
Direct,166,20-Jun,Rich Table Family Restaurant,Negombo,INV-49152,410,1,,410
Direct,167,20-Jun,Rich Table Family Restaurant,Negombo,INV-49153,410,1,,410
Direct,168,20-Jun,Full Moon Restaurant - Makadura,Negombo,INV-49155,410,1,,410
Direct,169,20-Jun,Sameera Bakery,Negombo,INV-49156,410,7,,"2,870"
Direct,170,20-Jun,Jayalath Traders,Negombo,INV-49159,410,5,,"2,050"
Direct,171,20-Jun,New Tajmahal Hotel,Negombo,INV-49161,410,4,,"1,640"
Direct,172,20-Jun,Suranga Caters,Negombo,INV-49162,410,5,,"2,050"
Direct,173,20-Jun,NC Hotel,Negombo,INV-49163,410,2,,820
Direct,174,20-Jun,Aurion Cabans,Negombo,INV-49164,410,3,,"1,230"
Direct,175,20-Jun,Chamathka Family Resturant - Kuliyapitiya,Negombo,INV-49165,410,2,,820
Direct,176,20-Jun,Madara Bakery,Negombo,INV-49166,410,1,,410
Direct,177,20-Jun,Game Cafe - Ragama,Negombo,INV-49167,410,1,,410
Direct,178,20-Jun,Saffron Resturant - Welisara,Negombo,INV-49169,410,1,,410
Direct,179,20-Jun,Nugara Hotel,Negombo,INV-49170,410,5,,"2,050"
Direct,180,20-Jun,Roast Chicken - Kadana (Verona Resturant),Negombo,INV-49173,410,2,,820
Direct,181,20-Jun,Roast Chicken - Kadana (Verona Resturant),Negombo,INV-49174,410,1,,410
Direct,182,20-Jun,Achala Hotel,Negombo,INV-49175,410,1,,410
Direct,183,20-Jun,Cabba's Kitchen - Kandana,Negombo,INV-49176,410,2,,820
Direct,184,20-Jun,St. Mary's Bakery And Grocery,Negombo,INV-49179,410,3,,"1,230"
Direct,185,20-Jun,Keshan Food (C & L Bakery),Negombo,INV-49181,410,1,,410
Direct,186,20-Jun,N N Food (Pranee Vehicle),Negombo,INV-49182,410,1,,410
Direct,187,20-Jun,Ravindu Hotel,Negombo,INV-49183,410,1,,410
Direct,188,20-Jun,Pathima Food,Negombo,INV-49184,410,1,,410
Direct,189,20-Jun,Brix Resturant & Cafe,Negombo,INV-49187,410,1,,410
Direct,190,20-Jun,Mathara Bath Kade - Ja Ela,Negombo,INV-49188,410,2,,820
Direct,191,20-Jun,Martin Restaurant & Pizza Lab,Negombo,INV-49189,410,2,,820
Direct,192,20-Jun,Weligampitiya Hotel,Negombo,INV-49190,410,1,,410
Direct,193,20-Jun,LM Luckymo,Negombo,INV-49195,410,2,,820
Direct,194,20-Jun,Dolphin Hotel,Negombo,INV-49196,410,2,,820
Direct,195,21-Jun,Nayomie's Resturant,Negombo,AGT2404135,410,8,,"3,280"
Direct,196,21-Jun,Light House,Negombo,INV-49203,410,1,,410
Direct,197,21-Jun,Aradhana Food Solutions (Pvt) Ltd,Negombo,INV-49204,410,2,,820
Direct,198,21-Jun,Jayabima Hotel,Negombo,INV-49205,410,1,,410
Direct,199,21-Jun,Ravindu Hotel,Negombo,INV-49206,410,1,,410
Direct,200,21-Jun,Ranjith Hotel,Negombo,INV-49207,410,1,,410
Direct,201,21-Jun,Thushan Cafe & Juice Bar,Negombo,INV-49208,410,2,,820
Direct,202,21-Jun,St. Joseph Hotel,Negombo,INV-49209,410,1,,410
Direct,203,21-Jun,Gami Rasa,Negombo,INV-49210,410,1,,410
Direct,204,21-Jun,Sabith Cafe,Negombo,INV-49211,410,1,,410
Direct,205,21-Jun,Sri Mugil Villa,Negombo,INV-49212,410,5,,"2,050"
Direct,206,21-Jun,Hotel Blooming,Negombo,INV-49213,410,2,,820
Direct,207,21-Jun,Negombo Cafe,Negombo,INV-49214,410,4,,"1,640"
Direct,208,21-Jun,Rizan Tea Corner,Negombo,INV-49215,410,1,,410
Direct,209,21-Jun,Ajmeer Hotel,Negombo,INV-49216,410,2,,820
Direct,210,21-Jun,Bombe Sweet Palace,Negombo,INV-49217,410,10,,"4,100"
Direct,211,21-Jun,Paradise Hotel,Negombo,INV-49218,410,2,,820
Direct,212,21-Jun,TTJ Those,Negombo,INV-49219,410,1,,410
Direct,213,21-Jun,Yebina Bake House - Ballapana,Negombo,INV-49220,410,1,,410
Direct,214,21-Jun,St. Joseph Reception Hall,Negombo,INV-49223,410,3,,"1,230"
Direct,215,21-Jun,Senanayaka Hotel,Negombo,INV-49224,410,1,,410
Direct,216,21-Jun,Jega Food,Negombo,INV-49225,410,2,,820
Direct,217,21-Jun,Martin Restaurant & Pizza Lab,Negombo,INV-49226,410,3,,"1,230"
Direct,218,21-Jun,Milanro Foods,Negombo,INV-49227,410,18,,"7,380"
Direct,219,21-Jun,The West Town,Negombo,INV-49228,410,2,,820
Direct,220,21-Jun,New Rest House,Negombo,INV-49229,410,2,,820
Direct,221,21-Jun,Ammeehulla Resturant,Negombo,INV-49233,410,1,,410
Direct,222,21-Jun,Leonardo by Bella Vita Italian restaurant,Negombo,INV-49234,410,3,,"1,230"
Direct,223,21-Jun,Big Nana Biriyani House,Negombo,INV-49235,410,1,,410
Direct,224,21-Jun,Bread Cart Muddaragama,Negombo,INV-49239,410,5,,"2,050"
Direct,225,21-Jun,Bread Cart Muddaragama,Negombo,INV-49240,410,5,,"2,050"
Direct,226,21-Jun,Coronation Restaurant & Bar,Negombo,INV-49241,410,1,,410
Direct,227,21-Jun,Greens Corner - Negombo (Nafan Hotel),Negombo,INV-49242,410,1,,410
Direct,228,21-Jun,Teachers Choice,Negombo,INV-49246,410,7,,"2,870"
Direct,229,21-Jun,New Tamarind Tree,Negombo,INV-49248,410,4,,"1,640"
Direct,230,21-Jun,Nethmi Foods,Negombo,INV-49251,410,2,,820
Direct,231,21-Jun,Athiliya,Negombo,INV-49252,410,1,,410
Direct,232,23-Jun,Airport City Hotel - Katunayaka,Negombo,INV-49264,410,10,,"4,100"
Direct,233,24-Jun,Teachers Choice,Negombo,INV-49316,410,2,,820
Direct,234,24-Jun,Ocean La Banquets (Kochchi Family Resturant),Negombo,INV-49317,410,4,,"1,640"
Direct,235,24-Jun,Achala Hotel,Negombo,INV-49319,410,2,,820
Direct,236,25-Jun,Nayomie's Resturant,Negombo,AGT2404168,410,10,,"4,100"
Direct,237,25-Jun,Bombe Sweet Palace,Negombo,INV-49320,410,20,,"8,200"
Direct,238,25-Jun,Greens Corner - Negombo (Nafan Hotel),Negombo,INV-49321,410,2,,820
Direct,239,25-Jun,Ranjith Hotel,Negombo,INV-49322,410,1,,410
Direct,240,25-Jun,Tharaka Bath Kade,Negombo,INV-49323,410,1,,410
Direct,241,25-Jun,Ravindu Hotel,Negombo,INV-49324,410,1,,410
Direct,242,25-Jun,Sandali Bakery,Negombo,INV-49325,410,2,,820
Direct,243,25-Jun,Land of Kings Winterfell,Negombo,INV-49329,410,5,,"2,050"
Direct,244,25-Jun,Raheemiya Hotel,Negombo,INV-49331,410,1,,410
Direct,245,25-Jun,Real Bombay Sweets,Negombo,INV-49332,410,1,,410
Direct,246,25-Jun,St. Joseph Hotel,Negombo,INV-49333,410,1,,410
Direct,247,25-Jun,Negombo Cafe,Negombo,INV-49342,410,1,,410
Direct,248,25-Jun,Mandakini Club House,Negombo,INV-49344,410,1,,410
Direct,249,25-Jun,Ajmeer Hotel,Negombo,INV-49345,410,2,,820
Direct,250,25-Jun,Coronation Restaurant & Bar,Negombo,INV-49347,410,1,,410
Direct,251,25-Jun,Asiri Bakers,Negombo,INV-49348,410,5,,"2,050"
Direct,252,25-Jun,Paradise Hotel,Negombo,INV-49350,410,2,,820
Direct,253,25-Jun,Isuru Caters Pvt Ltd (Leopards) - Gampaha,Negombo,INV-49351,410,7,,"2,870"
Direct,254,25-Jun,TTJ Those,Negombo,INV-49353,410,2,,820
Direct,255,25-Jun,Fresh Bakers - Gampaha,Negombo,INV-49356,410,2,,820
Direct,256,25-Jun,Brix Resturant & Cafe,Negombo,INV-49361,410,2,,820
Direct,257,25-Jun,St. Joseph Reception Hall,Negombo,INV-49364,410,8,,"3,280"
Direct,258,25-Jun,Lakshman Bakers,Negombo,INV-49365,410,2,,820
Direct,259,25-Jun,Bangalawatta Bakery - Kadawatha,Negombo,INV-49370,410,5,,"2,050"
Direct,260,25-Jun,The West Town,Negombo,INV-49371,410,7,,"2,870"
Direct,261,25-Jun,Imalka Reception Hall,Negombo,INV-49373,410,10,,"4,100"
Direct,262,25-Jun,Martin Restaurant & Pizza Lab,Negombo,INV-49380,410,6,,"2,460"
Direct,263,25-Jun,Rasa Bojun - Gampaha,Negombo,INV-49389,410,2,,820
Direct,264,25-Jun,Memento Guest House,Negombo,INV-49391,410,1,,410
Direct,265,25-Jun,Caya Hotel,Negombo,INV-49394,410,1,,410
Direct,266,25-Jun,New Sea Villa,Negombo,INV-49395,410,2,,820
Direct,267,25-Jun,Cafe Cassendro,Negombo,INV-49399,410,2,,820
Direct,268,25-Jun,Rashanee Chinese Restaurant - Gampaha,Negombo,INV-49400,410,2,,820
Direct,269,25-Jun,Bhawana,Negombo,INV-49401,410,1,,410
Direct,270,25-Jun,Toro talk of the town,Negombo,INV-49404,410,2,,820
Direct,271,25-Jun,Leonardo by Bella Vita Italian restaurant,Negombo,INV-49405,410,3,,"1,230"
Direct,272,25-Jun,Sundaragma,Negombo,INV-49406,410,4,,"1,640"
Direct,273,25-Jun,Choy's,Negombo,INV-49408,410,1,,410
Direct,274,25-Jun,La Pizzaria,Negombo,INV-49410,410,3,,"1,230"
Direct,275,25-Jun,Pabasara Dine Family Resturant - Udugampola,Negombo,INV-49411,410,3,,"1,230"
Direct,276,25-Jun,Thora House,Negombo,INV-49413,410,2,,820
Direct,277,25-Jun,One Bambo Hotel,Negombo,INV-49420,410,3,,"1,230"
Direct,278,26-Jun,Calton Factory Katana,Negombo,AGT2404178,410,6,,"2,460"
Direct,279,26-Jun,Ramada,Negombo,AGT2404179,410,2,,820
Direct,280,26-Jun,Aradhana Food Solutions (Pvt) Ltd,Negombo,INV-49428,410,3,,"1,230"
Direct,281,26-Jun,Golden Bird Bakers,Negombo,INV-49439,410,21,,"8,610"
Direct,282,26-Jun,Golden Bird Bakers,Negombo,INV-49443,410,3,,"1,230"
Direct,283,26-Jun,Nihal Hotel,Negombo,INV-49446,410,6,,"2,460"
Direct,284,26-Jun,Raneesha Bakers,Negombo,INV-49448,410,3,,"1,230"
Direct,285,26-Jun,Candenlla Foods,Negombo,INV-49452,410,1,,410
Direct,286,26-Jun,Jenat Hotel (I.S Distributor  / K.G.M),Negombo,INV-49456,410,5,,"2,050"
Direct,287,26-Jun,LM Luckymo,Negombo,INV-49457,410,6,,"2,460"
Direct,288,26-Jun,Nimal Rathna Bojun Hala,Negombo,INV-49459,410,1,,410
Direct,289,26-Jun,Nimsara Hotel,Negombo,INV-49464,410,2,,820
Direct,290,26-Jun,Mahaweli Hotel,Negombo,INV-49466,410,1,,410
Direct,291,26-Jun,Divya Hotel,Negombo,INV-49467,410,2,,820
Direct,292,26-Jun,Amoda Ranketh Hotel - Akaragama,Negombo,INV-49469,410,1,,410
Direct,293,26-Jun,Cafe two 88,Negombo,INV-49470,410,2,,820
Direct,294,26-Jun,TheW Food Corner (Kusal Hotel / Roshan Food Corner),Negombo,INV-49473,410,1,,410
Direct,295,26-Jun,Kandy Food Corner,Negombo,INV-49475,410,2,,820
Direct,296,26-Jun,Sooriya Cafe & Family Resturant - Badalgama,Negombo,INV-49476,410,2,,820
Direct,297,26-Jun,Kandy Food Corner,Negombo,INV-49477,410,1,,410
Direct,298,26-Jun,Aruna Hotel,Negombo,INV-49483,410,3,,"1,230"
Direct,299,26-Jun,Chamara Hotel,Negombo,INV-49493,410,2,,820
Direct,300,26-Jun,Visuda Resturant,Negombo,INV-49502,410,1,,410
Direct,301,26-Jun,Rathnayaka Hotel,Negombo,INV-49504,410,1,,410
Direct,302,26-Jun,Those Kade - Ja Ela (Dosai Kade),Negombo,INV-49505,410,2,,820
Direct,303,26-Jun,Thissera Bakery,Negombo,INV-49507,410,2,,820
Direct,304,26-Jun,Sameera Bakery,Negombo,INV-49512,410,10,,"4,100"
Direct,305,26-Jun,Jayalath Traders,Negombo,INV-49516,410,5,,"2,050"
Direct,306,26-Jun,Mathara Bath Kade - Ja Ela,Negombo,INV-49520,410,2,,820
Direct,307,26-Jun,Madu Manjula,Negombo,INV-49524,410,3,,"1,230"
Direct,308,26-Jun,Light House,Negombo,INV-49528,410,2,,820
Direct,309,26-Jun,Srimali Yummy Paradise,Negombo,INV-49529,410,6,,"2,460"
Direct,310,26-Jun,Srimali Yummy Paradise,Negombo,INV-49530,410,1,,410
Direct,311,26-Jun,Kamilka Family Restaurant,Negombo,INV-49531,410,2,,820
Direct,312,26-Jun,Madara Bakery,Negombo,INV-49533,410,2,,820
Direct,313,26-Jun,Athiliya,Negombo,INV-49538,410,1,,410
Direct,314,26-Jun,Nethmi Foods,Negombo,INV-49546,410,6,,"2,460"
Direct,315,26-Jun,Divashi Sinhala Hotel,Negombo,INV-49547,410,2,,820
Direct,316,26-Jun,Chef King - Kurana,Negombo,INV-49550,410,3,,"1,230"
Direct,317,26-Jun,Sunshine restaurant,Negombo,INV-49554,410,5,,"2,050"
Direct,318,26-Jun,Flavours Resturant,Negombo,INV-49555,410,2,,820
Direct,319,26-Jun,Game Cafe - Ragama,Negombo,INV-49557,410,1,,410
Direct,320,26-Jun,Resheen Hotel and Banquets,Negombo,INV-49558,410,3,,"1,230"
Direct,321,26-Jun,Saffron Resturant - Welisara,Negombo,INV-49559,410,6,,"2,460"
Direct,322,26-Jun,Dolphin Hotel,Negombo,INV-49560,410,1,,410
Direct,323,26-Jun,Sheen Resturant - Ragama,Negombo,INV-49561,410,1,,410
Direct,324,26-Jun,Lucky Stores,Negombo,INV-49563,410,2,,820
Direct,325,26-Jun,Roast Chicken - Kadana (Verona Resturant),Negombo,INV-49566,410,3,,"1,230"
Direct,326,26-Jun,Cabba's Kitchen - Kandana,Negombo,INV-49567,410,2,,820
Direct,327,26-Jun,New Tamarind Tree,Negombo,INV-49568,410,5,,"2,050"
Direct,328,26-Jun,Prasanna Bakery,Negombo,INV-49569,410,3,,"1,230"
Direct,329,26-Jun,Muthu Hotel & Catering Service,Negombo,INV-49573,410,2,,820
Direct,330,26-Jun,Keshan Food (C & L Bakery),Negombo,INV-49574,410,1,,410
Direct,331,26-Jun,Adisha Stores,Negombo,INV-49575,410,2,,820
Direct,332,26-Jun,Weligampitiya Hotel,Negombo,INV-49576,410,2,,820
Direct,333,26-Jun,Lead Family Resturant - Nalla,Negombo,INV-49577,410,2,,820
Direct,334,26-Jun,Hot Meal,Negombo,INV-49578,410,1,,410
Direct,335,26-Jun,Airport City Hotel - Katunayaka,Negombo,INV-49579,410,34,,"13,940"
Direct,336,27-Jun,Marshal Bakery,Negombo,INV-49588,410,1,,410
Direct,337,27-Jun,Priyashanthi Hotel,Negombo,INV-49592,410,1,,410
Direct,338,27-Jun,NR Foods,Negombo,INV-49593,410,1,,410
Direct,339,27-Jun,Bread Cart Muddaragama,Negombo,INV-49594,410,8,,"3,280"
Direct,340,27-Jun,Bread Cart Muddaragama,Negombo,INV-49596,410,6,,"2,460"
Direct,341,27-Jun,Negombo Hotel,Negombo,INV-49600,410,2,,820
Direct,342,27-Jun,Udaya Bakery,Negombo,INV-49602,410,6,,"2,460"
Direct,343,27-Jun,LJ Bakery,Negombo,INV-49604,410,2,,820
Direct,344,27-Jun,Teachers Choice,Negombo,INV-49610,410,8,,"3,280"
Direct,345,27-Jun,Sandamali Bakers & Hotel,Negombo,INV-49612,410,4,,"1,640"
Direct,346,27-Jun,Kochchikade Resturant,Negombo,INV-49613,410,1,,410
Direct,347,27-Jun,Ocean La Banquets (Kochchi Family Resturant),Negombo,INV-49618,410,1,,410
Direct,348,27-Jun,Wasana Cake,Negombo,INV-49620,410,13,,"5,330"
Direct,349,27-Jun,Prasara Washing Plant,Negombo,INV-49626,410,4,,"1,640"
Direct,350,27-Jun,Thunhela Rasahala - Dambadeniya,Negombo,INV-49629,410,1,,410
Direct,351,27-Jun,Deshaka Bakers,Negombo,INV-49634,410,2,,820
Direct,352,27-Jun,The Grill Master,Negombo,INV-49640,410,1,,410
Direct,353,27-Jun,Coronation Restaurant & Bar,Negombo,INV-49646,410,2,,820
Direct,354,27-Jun,Family Choys,Negombo,INV-49647,410,2,,820
Direct,355,27-Jun,Wethmi Hotel,Negombo,INV-49650,410,1,,410
Direct,356,27-Jun,Samudra Hotel (Abishek),Negombo,INV-49655,410,1,,410
Direct,357,27-Jun,Star Hotel & Cool Spot,Negombo,INV-49656,410,4,,"1,640"
Direct,358,27-Jun,Nethmi Foods,Negombo,INV-49657,410,2,,820
Direct,359,27-Jun,Peach Net - Katunayake,Negombo,INV-49659,410,3,,"1,230"
Direct,360,27-Jun,New Tajmahal Hotel,Negombo,INV-49660,410,11,,"4,510"
Direct,361,27-Jun,Jayalanka Hotel,Negombo,INV-49663,410,1,,410
Direct,362,27-Jun,Dolphin Hotel,Negombo,INV-49664,410,4,,"1,640"
Direct,363,27-Jun,NC Hotel,Negombo,INV-49665,410,4,,"1,640"
Direct,364,27-Jun,Chamathka Family Resturant - Kuliyapitiya,Negombo,INV-49668,410,2,,820
Direct,365,27-Jun,Cinnamon Resi (Zigma Distributor),Negombo,INV-49669,410,2,,820
Direct,366,27-Jun,Achala Hotel,Negombo,INV-49671,410,1,,410
Direct,367,27-Jun,Full Moon Restaurant - Makadura,Negombo,INV-49675,410,2,,820
Direct,368,27-Jun,Aurion Cabans,Negombo,INV-49676,410,1,,410
Direct,369,27-Jun,Rich Table Family Restaurant,Negombo,INV-49677,410,3,,"1,230"
Direct,370,27-Jun,Renolika Hotel,Negombo,INV-49678,410,2,,820
Direct,371,27-Jun,Dinithi Baker’s,Negombo,INV-49680,410,4,,"1,640"
Direct,372,27-Jun,Rosa Food,Negombo,INV-49681,410,2,,820
Direct,373,27-Jun,Chinthaka Hotel,Negombo,INV-49683,410,5,,"2,050"
Direct,374,27-Jun,Lotus Leaf (Dassanayake Hotel),Negombo,INV-49686,410,8,,"3,280"
Direct,375,27-Jun,Nimal Rathna Bojun Hala,Negombo,INV-49688,410,1,,410
Direct,376,27-Jun,Oven Fresh Bakery & Cafe,Negombo,INV-49691,410,1,,410
Direct,377,28-Jun,Nayomie's Resturant,Negombo,AGT2404205,410,4,,"1,640"
Direct,378,28-Jun,N N Food (Pranee Vehicle),Negombo,INV-49692,410,1,,410
Direct,379,28-Jun,Aradhana Food Solutions (Pvt) Ltd,Negombo,INV-49694,410,3,,"1,230"
Direct,380,28-Jun,Greens Corner - Negombo (Nafan Hotel),Negombo,INV-49695,410,2,,820
Direct,381,28-Jun,St. Joseph Hotel,Negombo,INV-49696,410,1,,410
Direct,382,28-Jun,Gami Rasa,Negombo,INV-49697,410,1,,410
Direct,383,28-Jun,Sisil Sewana,Negombo,INV-49698,410,1,,410
Direct,384,28-Jun,Negombo Cafe,Negombo,INV-49699,410,2,,820
Direct,385,28-Jun,Rizan Tea Corner,Negombo,INV-49700,410,1,,410
Direct,386,28-Jun,Ajmeer Hotel,Negombo,INV-49703,410,1,,410
Direct,387,28-Jun,Paradise Hotel,Negombo,INV-49704,410,2,,820
Direct,388,28-Jun,TTJ Those,Negombo,INV-49705,410,2,,820
Direct,389,28-Jun,OHL Restaurant,Negombo,INV-49706,410,1,,410
Direct,390,28-Jun,Jayabima Hotel,Negombo,INV-49709,410,1,,410
Direct,391,28-Jun,New Rest House,Negombo,INV-49710,410,2,,820
Direct,392,28-Jun,Thushan Cafe & Juice Bar,Negombo,INV-49711,410,1,,410
Direct,393,28-Jun,Hotel Blooming,Negombo,INV-49717,410,4,,"1,640"
Direct,394,28-Jun,St. Joseph Reception Hall,Negombo,INV-49718,410,2,,820
Direct,395,28-Jun,Praveen Bakers,Negombo,INV-49721,410,1,,410
Direct,396,28-Jun,St Anne Bakery,Negombo,INV-49728,410,3,,"1,230"
Direct,397,28-Jun,Senuri Grand Castello,Negombo,INV-49729,410,5,,"2,050"
Direct,398,28-Jun,Nadeka Hotel Ballapana,Negombo,INV-49736,410,1,,410
Direct,399,28-Jun,Nadeka Hotel Ballapana,Negombo,INV-49737,410,5,,"2,050"
Direct,400,28-Jun,Yebina Bake House - Ballapana,Negombo,INV-49739,410,1,,410
Direct,401,28-Jun,Brix Resturant & Cafe,Negombo,INV-49740,410,1,,410
Direct,402,28-Jun,Royal Family Hub,Negombo,INV-49748,410,1,,410
Direct,403,28-Jun,K & K Country Resorts,Negombo,INV-49752,410,1,,410
Direct,404,28-Jun,Leonardo by Bella Vita Italian restaurant,Negombo,INV-49753,410,2,,820
Direct,405,28-Jun,Milanro Foods,Negombo,INV-49757,410,4,,"1,640"
Direct,406,28-Jun,Sasha Food Court - Naiwala,Negombo,INV-49770,410,3,,"1,230"
Direct,407,28-Jun,Oyama Catering,Negombo,INV-49784,410,4,,"1,640"
Direct,408,28-Jun,New Tamarind Tree,Negombo,INV-49789,410,4,,"1,640"
Direct,409,30-Jun,Imo Chicken & Agro Processing Plant Loluwagoda,Negombo,AGT2404219,410,1,,410
Direct,410,30-Jun,Light House,Negombo,INV-49797,410,1,,410
Direct,411,30-Jun,Aradhana Food Solutions (Pvt) Ltd,Negombo,INV-49799,410,2,,820
Direct,412,30-Jun,Divashi Sinhala Hotel,Negombo,INV-49807,410,2,,820
Direct,413,30-Jun,Nihal Hotel,Negombo,INV-49810,410,2,,820
Direct,414,30-Jun,Lagoon Deck,Negombo,INV-49813,410,1,,410
Direct,415,30-Jun,Jenat Hotel (I.S Distributor  / K.G.M),Negombo,INV-49819,410,4,,"1,640"
Direct,416,30-Jun,Pasindu Caters,Negombo,INV-49821,410,4,,"1,640"
Direct,417,30-Jun,Divya Hotel,Negombo,INV-49823,410,1,,410
Direct,418,30-Jun,Sooriya Cafe & Family Resturant - Badalgama,Negombo,INV-49829,410,2,,820
Direct,419,30-Jun,Airport City Hotel - Katunayaka,Negombo,INV-49831,410,31,,"12,710"
Direct,420,30-Jun,Sameera Hotel - Badalgama (Kema Kade),Negombo,INV-49832,410,1,,410
Direct,421,30-Jun,Visuda Resturant,Negombo,INV-49843,410,1,,410
Direct,422,30-Jun,Dinushan Hotel & Fruit Center,Negombo,INV-49844,410,5,,"2,050"
Direct,423,30-Jun,Srimali Yummy Paradise,Negombo,INV-49861,410,3,,"1,230"
Direct,424,30-Jun,Mahaweli Hotel,Negombo,INV-49869,410,1,,410
Direct,425,30-Jun,Land of Kings Winterfell,Negombo,INV-49874,410,5,,"2,050"
Direct,426,30-Jun,Dinuka Hotel,Negombo,INV-49883,410,2,,820
Direct,427,30-Jun,Sunshine restaurant,Negombo,INV-49885,410,2,,820
Direct,428,30-Jun,Resheen Hotel and Banquets,Negombo,INV-49887,410,2,,820
Direct,429,30-Jun,Kings Kitchen Family Restaurant,Negombo,INV-49890,410,2,,820
Direct,430,30-Jun,Star Steel Limited,Negombo,INV-49894,410,2,,820
Direct,431,30-Jun,Wijerathna Bakery,Negombo,INV-49897,410,6,,"2,460"
Direct,432,30-Jun,Lead Family Resturant - Nalla,Negombo,INV-49898,410,1,,410
Direct,433,30-Jun,Chef King Cafe & Restaurant - Minuwangoda,Negombo,INV-49900,410,2,,820
Direct,434,30-Jun,Mahaweli Hotel,Negombo,INV-49902,410,2,,820
Direct,435,30-Jun,New Tamarind Tree,Negombo,INV-49904,410,3,,"1,230"
Direct,436,30-Jun,Siriduwa Hotel - Seeduwa,Negombo,INV-49907,410,2,,820
Direct,437,30-Jun,Tharaka chinese restaurent and beer pub (Rice Kade),Negombo,INV-49913,410,2,,820
Direct,438,30-Jun,Flavours Resturant,Negombo,INV-49915,410,1,,410
Direct,439,30-Jun,Nethmi Foods,Negombo,INV-49916,410,1,,410
Direct,440,30-Jun,La Grande - Banquet Hotel,Negombo,INV-49917,410,1,,410
Direct,1,1-Jul,Trust Lanka Suppliers PVT LTD,Negombo,AGT2404233,410,2,,820
Direct,2,1-Jul,Wet Water Resort,Negombo,AGT2404237,410,1,,410
Direct,3,1-Jul,Priyashanthi Hotel,Negombo,INV-49921,410,2,,820
Direct,4,1-Jul,NR Foods,Negombo,INV-49924,410,1,,410
Direct,5,1-Jul,Sisila Hotel,Negombo,INV-49927,410,2,,820
Direct,6,1-Jul,Best Bite Resturant,Negombo,INV-49931,410,3,,"1,230"
Direct,7,1-Jul,Che Resturant,Negombo,INV-49937,410,2,,820
Direct,8,1-Jul,Negombo Hotel,Negombo,INV-49939,410,1,,410
Direct,9,1-Jul,Gemi Gedara,Negombo,INV-49943,410,1,,410
Direct,10,1-Jul,Isuru Caters Pvt Ltd (Leopards) - Gampaha,Negombo,INV-49945,410,5,,"2,050"
Direct,11,1-Jul,Udaya Bakery,Negombo,INV-49947,410,3,,"1,230"
Direct,12,1-Jul,Asiri Bakers,Negombo,INV-49951,410,3,,"1,230"
Direct,13,1-Jul,Wasana Cake,Negombo,INV-49956,410,5,,"2,050"
Direct,14,1-Jul,Teachers Choice,Negombo,INV-49959,410,7,,"2,870"
Direct,15,1-Jul,Thunhela Rasahala - Dambadeniya,Negombo,INV-49961,410,1,,410
Direct,16,1-Jul,Kochchikade Resturant,Negombo,INV-49963,410,1,,410
Direct,17,1-Jul,Deshaka Bakers,Negombo,INV-49970,410,1,,410
Direct,18,1-Jul,Ocean La Banquets (Kochchi Family Resturant),Negombo,INV-49971,410,4,,"1,640"
Direct,19,1-Jul,Family Choys,Negombo,INV-49978,410,1,,410
Direct,20,1-Jul,Fresh Bakers - Gampaha,Negombo,INV-49985,410,1,,410
Direct,21,1-Jul,Suranga Caters,Negombo,INV-49990,410,8,,"3,280"
Direct,22,1-Jul,Memento Guest House,Negombo,INV-49994,410,1,,410
Direct,23,1-Jul,Achala Hotel,Negombo,INV-49999,410,1,,410
Direct,24,1-Jul,Sundaragma,Negombo,INV-50003,410,4,,"1,640"
Direct,25,1-Jul,Chinthaka Hotel,Negombo,INV-50005,410,5,,"2,050"
Direct,26,1-Jul,Pabasara Dine Family Resturant - Udugampola,Negombo,INV-50008,410,2,,820
Direct,27,1-Jul,Rosa Food,Negombo,INV-50016,410,1,,410
Direct,28,1-Jul,Golden Bird Bakers,Negombo,INV-50028,410,7,,820
Direct,29,1-Jul,Optimum Restaurant,Negombo,INV-50030,410,2,,410
Direct,30,1-Jul,Samudra Hotel (Abishek),Negombo,INV-50034,410,1,,"3,280"
Direct,31,1-Jul,New Tajmahal Hotel,Negombo,INV-50041,410,8,,410
Direct,32,1-Jul,Thushara Bake House,Negombo,INV-50042,410,1,,"1,230"
Direct,33,1-Jul,NC Hotel,Negombo,INV-50047,410,3,,"1,230"
Direct,34,1-Jul,Happy Bright Hotel,Negombo,INV-50051,410,3,,"1,230"
Direct,35,1-Jul,Cool Feel Hotel,Negombo,INV-50053,410,3,,"1,640"
Direct,36,1-Jul,One Bambo Hotel,Negombo,INV-50054,410,4,,410
Direct,37,1-Jul,Full Moon Restaurant - Makadura,Negombo,INV-50055,410,1,,410
Direct,38,1-Jul,Castle Family (Nirosh Resturant),Negombo,INV-50057,410,1,,410
Direct,39,1-Jul,La Queens Banquet,Negombo,INV-50058,410,1,,"2,870"
Direct,40,2-Jul,Nayomie's Resturant,Negombo,AGT2404242,410,13,,"5,330"
Direct,41,2-Jul,Earl's Regent Negombo,Negombo,AGT2404248,410,1,,410
Direct,42,2-Jul,Aradhana Food Solutions (Pvt) Ltd,Negombo,INV-50059,410,3,,"1,230"
Direct,43,2-Jul,Tango Bake House,Negombo,INV-50062,410,5,,"2,050"
Direct,44,2-Jul,Dolphin Hotel,Negombo,INV-50066,410,3,,"1,230"
Direct,45,2-Jul,LM Luckymo,Negombo,INV-50068,410,6,,"2,460"
Direct,46,2-Jul,Candenlla Foods,Negombo,INV-50069,410,1,,410
Direct,47,2-Jul,Candenlla Foods,Negombo,INV-50070,410,1,,410
Direct,48,2-Jul,Flavours Resturant,Negombo,INV-50072,410,1,,410
Direct,49,2-Jul,Nethmi Foods,Negombo,INV-50076,410,2,,820
Direct,50,2-Jul,Athiliya,Negombo,INV-50080,410,3,,"1,230"
Direct,51,2-Jul,Yebina Bake House - Ballapana,Negombo,INV-50101,410,1,,410
Direct,52,2-Jul,Ranjith Hotel,Negombo,INV-50102,410,1,,410
Direct,53,2-Jul,Tharaka Bath Kade,Negombo,INV-50103,410,1,,410
Direct,54,2-Jul,Ravindu Hotel,Negombo,INV-50104,410,1,,410
Direct,55,2-Jul,Nadeka Hotel Ballapana,Negombo,INV-50106,410,1,,410
Direct,56,2-Jul,Kandy Food Corner,Negombo,INV-50107,410,2,,820
Direct,57,2-Jul,Sisil Sewana,Negombo,INV-50110,410,1,,410
Direct,58,2-Jul,Sabith Cafe,Negombo,INV-50111,410,1,,410
Direct,59,2-Jul,Cafe two 88,Negombo,INV-50112,410,3,,"1,230"
Direct,60,2-Jul,Onali Foods,Negombo,INV-50115,410,1,,410
Direct,61,2-Jul,Those Kade - Ja Ela (Dosai Kade),Negombo,INV-50117,410,1,,410
Direct,62,2-Jul,Ajmeer Hotel,Negombo,INV-50119,410,4,,"1,640"
Direct,63,2-Jul,Senanayaka Hotel,Negombo,INV-50120,410,1,,410
Direct,64,2-Jul,Rizan Tea Corner,Negombo,INV-50122,410,2,,820
Direct,65,2-Jul,Coronation Restaurant & Bar,Negombo,INV-50124,410,1,,410
Direct,66,2-Jul,Thora House,Negombo,INV-50126,410,1,,410
Direct,67,2-Jul,Thissera Bakery,Negombo,INV-50128,410,2,,820
Direct,68,2-Jul,Sameera Bakery,Negombo,INV-50132,410,10,,"4,100"
Direct,69,2-Jul,Paradise Hotel,Negombo,INV-50138,410,2,,820
Direct,70,2-Jul,Jayalath Traders,Negombo,INV-50139,410,4,,"1,640"
Direct,71,2-Jul,New Rest House,Negombo,INV-50143,410,1,,410
Direct,72,2-Jul,Mathara Bath Kade - Ja Ela,Negombo,INV-50149,410,2,,820
Direct,73,2-Jul,Brix Resturant & Cafe,Negombo,INV-50150,410,2,,820
Direct,74,2-Jul,TTJ Those,Negombo,INV-50153,410,1,,410
Direct,75,2-Jul,Keshan Food (C & L Bakery),Negombo,INV-50156,410,1,,410
Direct,76,2-Jul,St. Mary's Bakery And Grocery,Negombo,INV-50158,410,4,,"1,640"
Direct,77,2-Jul,New Sea Villa,Negombo,INV-50161,410,2,,820
Direct,78,2-Jul,Cafe Cassendro,Negombo,INV-50163,410,1,,410
Direct,79,2-Jul,Madu Manjula,Negombo,INV-50164,410,3,,"1,230"
Direct,80,2-Jul,Madara Bakery,Negombo,INV-50168,410,2,,820
Direct,81,2-Jul,Toro talk of the town,Negombo,INV-50171,410,10,,"4,100"
Direct,82,2-Jul,Roast Chicken - Kadana (Verona Resturant),Negombo,INV-50173,410,3,,"1,230"
Direct,83,2-Jul,Royal Family Hub,Negombo,INV-50178,410,1,,410
Direct,84,2-Jul,Bread Cart Muddaragama,Negombo,INV-50188,410,10,,"4,100"
Direct,85,3-Jul,Calton Factory Katana,Negombo,AGT2404255,410,7,,"2,870"
Direct,86,3-Jul,DNS Holding Grandeeza Hotel,Negombo,AGT2404260,410,1,,410
Direct,87,3-Jul,Praneetha Rasa Bojun - Kurana,Negombo,INV-50191,410,1,,410
Direct,88,3-Jul,Pasindu Caters,Negombo,INV-50193,410,5,,"2,050"
Direct,89,3-Jul,Airport City Hotel - Katunayaka,Negombo,INV-50195,410,12,,"4,920"
Direct,90,3-Jul,Cinnamon Resi (Zigma Distributor),Negombo,INV-50201,410,2,,820
Direct,91,3-Jul,Gemunu Hotel,Negombo,INV-50202,410,1,,410
Direct,92,3-Jul,St. Joseph Reception Hall,Negombo,INV-50219,410,7,,"2,870"
Direct,93,3-Jul,Jega Food,Negombo,INV-50221,410,1,,410
Direct,94,3-Jul,Martin Restaurant & Pizza Lab,Negombo,INV-50225,410,4,,"1,640"
Direct,95,3-Jul,RR Hotel,Negombo,INV-50228,410,1,,410
Direct,96,3-Jul,Nihal Hotel,Negombo,INV-50236,410,2,,820
Direct,97,3-Jul,Jenat Hotel (I.S Distributor / K.G.M),Negombo,INV-50242,410,4,,"1,640"
Direct,98,3-Jul,Divya Hotel,Negombo,INV-50244,410,1,,410
Direct,99,3-Jul,Amoda Ranketh Hotel - Akaragama,Negombo,INV-50247,410,1,,410
Direct,100,3-Jul,Moya Resturant,Negombo,INV-50251,410,1,,410
Direct,101,3-Jul,Lavonra Catering Service,Negombo,INV-50252,410,10,,"4,100"
Direct,102,3-Jul,Aruna Hotel,Negombo,INV-50256,410,2,,820
Direct,103,3-Jul,Sameera Hotel - Badalgama (Kema Kade),Negombo,INV-50260,410,1,,410
Direct,105,3-Jul,Chamara Hotel,Negombo,INV-50262,410,4,,"1,640"
Direct,106,3-Jul,Light House,Negombo,INV-50273,410,1,,410
Direct,107,3-Jul,Divashi Sinhala Hotel,Negombo,INV-50281,410,1,,410
Direct,108,3-Jul,Wijerathna Bakery,Negombo,INV-50283,410,1,,410
Direct,109,3-Jul,Dinushan Hotel & Fruit Center,Negombo,INV-50286,410,5,,"2,050"
Direct,110,3-Jul,New Tamarind Tree,Negombo,INV-50288,410,4,,"1,640"
Direct,111,3-Jul,Muthu Hotel & Catering Service,Negombo,INV-50292,410,1,,410
Direct,112,4-Jul,Ramada,Negombo,AGT2404271,410,2,,820
Direct,113,4-Jul,Dinithi Baker’s,Negombo,INV-50305,410,5,,"2,050"
Direct,114,4-Jul,Sandali Bakery,Negombo,INV-50309,410,1,,410
Direct,115,4-Jul,Rich Table Family Restaurant,Negombo,INV-50311,410,2,,820
Direct,116,4-Jul,CN Caters (Game Kade),Negombo,INV-50312,410,1,,410
Direct,117,4-Jul,Full Moon Restaurant - Makadura,Negombo,INV-50315,410,1,,410
Direct,118,4-Jul,Best Bite Resturant,Negombo,INV-50316,410,1,,410
Direct,119,4-Jul,Gihan Bakers - Makadura,Negombo,INV-50320,410,2,,820
Direct,120,4-Jul,Land of Kings Winterfell,Negombo,INV-50322,410,5,,"2,050"
Direct,121,4-Jul,SS Beach Cafe,Negombo,INV-50323,410,4,,"1,640"
Direct,122,4-Jul,Wethmi Hotel,Negombo,INV-50332,410,1,,410
Direct,123,4-Jul,Sethsawi Banquet Hall,Negombo,INV-50343,410,5,,"2,050"
Direct,124,4-Jul,Lakshman Bakers,Negombo,INV-50349,410,1,,410
Direct,125,4-Jul,Star Hotel & Cool Spot,Negombo,INV-50363,410,3,,"1,230"
Direct,126,4-Jul,N N Food (Pranee Vehicle),Negombo,INV-50365,410,1,,410
Direct,127,4-Jul,Jayalanka Hotel,Negombo,INV-50368,410,1,,410
Direct,128,4-Jul,Aradhana Food Solutions (Pvt) Ltd,Negombo,INV-50369,410,2,,820
Direct,129,4-Jul,Caya Hotel,Negombo,INV-50370,410,1,,410
Direct,130,4-Jul,Rashanee Chinese Restaurant - Gampaha,Negombo,INV-50374,410,2,,820
Direct,131,4-Jul,Priyashanthi Hotel,Negombo,INV-50375,410,1,,410
Direct,132,4-Jul,Pabasara Dine Family Resturant - Udugampola,Negombo,INV-50377,410,1,,410
Direct,133,4-Jul,Zam Zam Hotel,Negombo,INV-50384,410,7,,"2,870"
Direct,134,4-Jul,Negombo Hotel,Negombo,INV-50390,410,1,,410
Direct,135,4-Jul,Chill Bro,Negombo,INV-50393,410,4,,"1,640"
Direct,136,4-Jul,Machan - Ekala,Negombo,INV-50394,410,2,,820
Direct,137,4-Jul,Tanganiya Resturant,Negombo,INV-50395,410,1,,410
Direct,138,4-Jul,Ocean La Banquets (Kochchi Family Resturant),Negombo,INV-50405,410,1,,410
Direct,139,4-Jul,Deshaka Bakers,Negombo,INV-50406,410,2,,820
Direct,140,4-Jul,Tharaka chinese restaurent and beer pub (Rice Kade),Negombo,INV-50411,410,1,,410
Direct,141,4-Jul,Thunhela Rasahala - Dambadeniya,Negombo,INV-50414,410,1,,410
Direct,142,4-Jul,Aurion Cabans,Negombo,INV-50418,410,1,,410
Direct,143,4-Jul,Lotus Leaf (Dassanayake Hotel),Negombo,INV-50421,410,5,,"2,050"
Direct,144,5-Jul,Nayomie's Resturant,Negombo,AGT2404275,410,3,,"1,230"
Direct,145,5-Jul,Greens Corner - Negombo (Nafan Hotel),Negombo,INV-50427,410,4,,"1,640"
Direct,146,5-Jul,Tharaka Bath Kade,Negombo,INV-50428,410,1,,410
Direct,147,5-Jul,Ravindu Hotel,Negombo,INV-50429,410,1,,410
Direct,148,5-Jul,Raheemiya Hotel,Negombo,INV-50430,410,1,,410
Direct,149,5-Jul,St. Joseph Hotel,Negombo,INV-50431,410,1,,410
Direct,150,5-Jul,Negombo Cafe,Negombo,INV-50434,410,1,,410
Direct,151,5-Jul,Rizan Tea Corner,Negombo,INV-50435,410,2,,820
Direct,152,5-Jul,TTJ Those,Negombo,INV-50438,410,3,,"1,230"
Direct,153,5-Jul,LM Luckymo,Negombo,INV-50445,410,2,,820
Direct,154,5-Jul,Kandy Food Corner,Negombo,INV-50449,410,2,,820
Direct,155,5-Jul,Jega Food,Negombo,INV-50458,410,1,,410
Direct,156,5-Jul,New Rest House,Negombo,INV-50460,410,1,,410
Direct,157,5-Jul,Gami Rasa,Negombo,INV-50465,410,1,,410
Direct,158,5-Jul,Thissera Bakery,Negombo,INV-50467,410,3,,"1,230"
Direct,159,5-Jul,Ammeehulla Resturant,Negombo,INV-50472,410,1,,410
Direct,160,5-Jul,Cafe Cassendro,Negombo,INV-50478,410,1,,410
Direct,161,5-Jul,Mathara Bath Kade - Ja Ela,Negombo,INV-50483,410,2,,820
Direct,162,5-Jul,St. Mary's Bakery And Grocery,Negombo,INV-50487,410,2,,820
Direct,163,5-Jul,Pathima Food,Negombo,INV-50490,410,2,,820
Direct,164,5-Jul,Madu Manjula,Negombo,INV-50494,410,3,,"1,230"
Direct,165,5-Jul,Senuri Grand Castello,Negombo,INV-50495,410,8,,"3,280"
Direct,166,5-Jul,Teachers Choice,Negombo,INV-50496,410,4,,"1,640"
Direct,167,5-Jul,Kamilka Family Restaurant,Negombo,INV-50499,410,2,,820
Direct,168,5-Jul,LJ Bakery,Negombo,INV-50501,410,2,,820
Direct,169,5-Jul,Madara Bakery,Negombo,INV-50504,410,2,,820
Direct,170,5-Jul,Game Cafe - Ragama,Negombo,INV-50508,410,1,,410
Direct,171,5-Jul,Leonardo by Bella Vita Italian restaurant,Negombo,INV-50509,410,4,,"1,640"
Direct,172,5-Jul,Saffron Resturant - Welisara,Negombo,INV-50512,410,6,,"2,460"
Direct,173,5-Jul,Shine Resturant,Negombo,INV-50515,410,1,,410
Direct,174,5-Jul,Cabba's Kitchen - Kandana,Negombo,INV-50520,410,1,,410
Direct,175,5-Jul,Prasanna Bakery,Negombo,INV-50525,410,2,,820
Direct,176,5-Jul,Weligampitiya Hotel,Negombo,INV-50529,410,2,,820
Direct,177,5-Jul,Janatha Hotel,Negombo,INV-50534,410,2,,820
Direct,178,5-Jul,Aradhana Food Solutions (Pvt) Ltd,Negombo,INV-50542,410,3,,"1,230"
Direct,179,5-Jul,Resturant 87,Negombo,INV-50547,410,1,,410
Direct,180,5-Jul,Hot Meal,Negombo,INV-50549,410,1,,410
Direct,181,5-Jul,Bread Cart Muddaragama,Negombo,INV-50555,410,6,,"2,460"
Direct,182,5-Jul,Dolphin Hotel,Negombo,INV-50559,410,3,,"1,230"
Direct,183,5-Jul,Superma Food And Bakers,Negombo,INV-50562,410,22,,"9,020"
Direct,184,5-Jul,New Tamarind Tree,Negombo,INV-50563,410,4,,"1,640"
Direct,185,5-Jul,Peach Net - Katunayake,Negombo,INV-50570,410,1,,410
Direct,186,5-Jul,Flavours Resturant,Negombo,INV-50573,410,1,,410
Direct,187,5-Jul,Nethmi Foods,Negombo,INV-50576,410,3,,"1,230"
Direct,188,7-Jul,Pasindu Caters,Negombo,INV-50618,410,4,,"1,640"
Direct,189,7-Jul,Airport City Hotel - Katunayaka,Negombo,INV-50620,410,36,,"14,760"
Direct,190,7-Jul,Nihal Hotel,Negombo,INV-50632,410,3,,"1,230"
Direct,191,7-Jul,Best Bite Resturant,Negombo,INV-50635,410,1,,410
Direct,192,7-Jul,Jenat Hotel (I.S Distributor / K.G.M),Negombo,INV-50637,410,1,,410
Direct,193,7-Jul,"Divine Retreat Center, Colombo",Negombo,INV-50646,410,1,,410
Direct,194,7-Jul,Nimsara Hotel,Negombo,INV-50650,410,1,,410
Direct,195,7-Jul,Divya Hotel,Negombo,INV-50652,410,1,,410
Direct,196,7-Jul,TheW Food Corner (Kusal Hotel / Roshan Food Corner),Negombo,INV-50655,410,1,,410
Direct,197,7-Jul,Land of Kings Winterfell,Negombo,INV-50656,410,5,,"2,050"
Direct,198,7-Jul,Sooriya Cafe & Family Resturant - Badalgama,Negombo,INV-50658,410,1,,410
Direct,199,7-Jul,Chef King Cafe & Restaurant - Minuwangoda,Negombo,INV-50660,410,2,,820
Direct,200,7-Jul,Che Resturant,Negombo,INV-50664,410,2,,820
Direct,201,7-Jul,Isuru Caters Pvt Ltd (Leopards) - Gampaha,Negombo,INV-50673,410,4,,"1,640"
Direct,202,7-Jul,Asiri Bakers,Negombo,INV-50677,410,1,,410
Direct,203,7-Jul,Fresh Bakers - Gampaha,Negombo,INV-50690,410,1,,410
Direct,204,7-Jul,Sandamali Bakers & Hotel,Negombo,INV-50692,410,4,,"1,640"
Direct,205,7-Jul,Memento Guest House,Negombo,INV-50702,410,1,,410
Direct,206,7-Jul,Muthu Hotel & Catering Service,Negombo,INV-50704,410,1,,410
Direct,207,7-Jul,CP Caters - Gampaha,Negombo,INV-50707,410,4,,"1,640"
Direct,208,7-Jul,Sundaragma,Negombo,INV-50713,410,3,,"1,230"
Direct,209,7-Jul,Pabasara Dine Family Resturant - Udugampola,Negombo,INV-50714,410,1,,410
Direct,210,7-Jul,Happy Bright Hotel,Negombo,INV-50725,410,2,,820
Direct,211,7-Jul,Pradeep Hotel - Ekala,Negombo,INV-50729,410,1,,410
Direct,212,7-Jul,One Bambo Hotel,Negombo,INV-50734,410,2,,820
Direct,213,7-Jul,Castle Family (Nirosh Resturant),Negombo,INV-50736,410,1,,410
Direct,214,7-Jul,Lavonra Catering Service,Negombo,INV-50739,410,5,,"2,050"
Direct,215,7-Jul,Gemunu Hotel,Negombo,INV-50753,410,1,,410
Direct,216,7-Jul,New Tamarind Tree,Negombo,INV-50758,410,2,,820
Direct,217,8-Jul,Brix Resturant & Cafe,Negombo,INV-50767,410,1,,410
Direct,218,8-Jul,Marshal Bakery,Negombo,INV-50770,410,1,,410
Direct,219,8-Jul,Thora House,Negombo,INV-50772,410,1,,410
Direct,220,8-Jul,Aradhana Food Solutions (Pvt) Ltd,Negombo,INV-50776,410,3,,"1,230"
Direct,221,8-Jul,Kanchana Food Center,Negombo,INV-50777,410,6,,"2,460"
Direct,222,8-Jul,Light House,Negombo,INV-50780,410,2,,820
Direct,223,8-Jul,Cafe two 88,Negombo,INV-50781,410,2,,820
Direct,224,8-Jul,Kandy Food Corner,Negombo,INV-50784,410,1,,410
Direct,225,8-Jul,Dinithi Baker’s,Negombo,INV-50789,410,3,,"1,230"
Direct,226,8-Jul,La Pizzaria,Negombo,INV-50790,410,2,,820
Direct,227,8-Jul,Rich Table Family Restaurant,Negombo,INV-50794,410,2,,820
Direct,228,8-Jul,Priyashanthi Hotel,Negombo,INV-50795,410,1,,410
Direct,229,8-Jul,ALCG Bread & Caterers - Ekala,Negombo,INV-50796,410,1,,410
Direct,230,8-Jul,Full Moon Restaurant - Makadura,Negombo,INV-50800,410,2,,820
Direct,231,8-Jul,Rani Beach Resort,Negombo,INV-50813,410,1,,410
Direct,232,8-Jul,Zam Zam Hotel,Negombo,INV-50819,410,2,,820
Direct,233,8-Jul,Gemi Gedara,Negombo,INV-50825,410,1,,410
Direct,234,8-Jul,Star Hotel & Cool Spot,Negombo,INV-50829,410,2,,820
Direct,235,8-Jul,Udaya Bakery,Negombo,INV-50831,410,5,,"2,050"
Direct,236,8-Jul,New Tajmahal Hotel,Negombo,INV-50833,410,2,,820
Direct,237,8-Jul,NC Hotel,Negombo,INV-50835,410,4,,"1,640"
Direct,238,8-Jul,Sameera Bakery,Negombo,INV-50838,410,5,,"2,050"
Direct,239,8-Jul,LJ Bakery,Negombo,INV-50841,410,1,,410
Direct,240,8-Jul,Jayalath Traders,Negombo,INV-50842,410,5,,"2,050"
Direct,241,8-Jul,Mathara Bath Kade - Ja Ela,Negombo,INV-50845,410,1,,410
Direct,242,8-Jul,Kochchikade Resturant,Negombo,INV-50847,410,1,,410
Direct,243,8-Jul,Madara Bakery,Negombo,INV-50849,410,1,,410
Direct,244,8-Jul,Ocean La Banquets (Kochchi Family Resturant),Negombo,INV-50852,410,4,,"1,640"
Direct,245,8-Jul,Prasara Washing Plant,Negombo,INV-50864,410,2,,820
Direct,246,8-Jul,Saminro Reception Hall - Kadawatha,Negombo,INV-50867,410,6,,"2,460"
Direct,247,8-Jul,Game Cafe - Ragama,Negombo,INV-50878,410,1,,410
Direct,248,8-Jul,Roast Chicken - Kadana (Verona Resturant),Negombo,INV-50887,410,1,,410
Direct,249,8-Jul,Wasana Cake,Negombo,INV-50888,410,5,,"2,050"
Direct,250,8-Jul,Pathima Food,Negombo,INV-50894,410,1,,410
Direct,251,8-Jul,One Rice - Giriulla,Negombo,INV-50897,410,5,,"2,050"
Direct,252,8-Jul,Teachers Choice,Negombo,INV-50900,410,5,,"2,050"
Direct,253,8-Jul,Thunhela Rasahala - Dambadeniya,Negombo,INV-50901,410,1,,410
Direct,254,8-Jul,Deshaka Bakers,Negombo,INV-50907,410,1,,410
Direct,255,8-Jul,Janatha Hotel,Negombo,INV-50909,410,2,,820
Direct,256,8-Jul,Suranga Caters,Negombo,INV-50911,410,3,,"1,230"
Direct,257,8-Jul,Golden Bird Bakers,Negombo,INV-50913,410,14,,"5,740"
Direct,258,8-Jul,La Grande - Banquet Hotel,Negombo,INV-50917,410,1,,410
Direct,259,8-Jul,Renolika Hotel,Negombo,INV-50919,410,1,,410
Direct,260,8-Jul,Jenat Hotel (I.S Distributor / K.G.M),Negombo,INV-50921,410,5,,"2,050"
Direct,261,8-Jul,Chinthaka Hotel,Negombo,INV-50923,410,5,,"2,050"
Direct,262,8-Jul,Lotus Leaf (Dassanayake Hotel),Negombo,INV-50924,410,4,,"1,640"
Direct,263,9-Jul,Nayomie's Resturant,Negombo,AGT2404328,410,7,,"2,870"
Direct,264,9-Jul,Arie Lagoon,Negombo,AGT2404330,410,1,,410
Direct,265,9-Jul,Greens Corner - Negombo (Nafan Hotel),Negombo,INV-50929,410,3,,"1,230"
Direct,266,9-Jul,Ranjith Hotel,Negombo,INV-50930,410,1,,410
Direct,267,9-Jul,Ravindu Hotel,Negombo,INV-50931,410,1,,410
Direct,268,9-Jul,St. Joseph Hotel,Negombo,INV-50932,410,1,,410
Direct,269,9-Jul,Gami Rasa,Negombo,INV-50933,410,1,,410
Direct,270,9-Jul,Onali Foods,Negombo,INV-50934,410,1,,410
Direct,271,9-Jul,Sabith Cafe,Negombo,INV-50935,410,1,,410
Direct,272,9-Jul,Negombo Cafe,Negombo,INV-50936,410,1,,410
Direct,273,9-Jul,Rizan Tea Corner,Negombo,INV-50937,410,1,,410
Direct,274,9-Jul,Ajmeer Hotel,Negombo,INV-50938,410,2,,820
Direct,275,9-Jul,TTJ Those,Negombo,INV-50939,410,1,,410
Direct,276,9-Jul,New Rest House,Negombo,INV-50942,410,1,,410
Direct,277,9-Jul,St. Joseph Reception Hall,Negombo,INV-50949,410,8,,"3,280"
Direct,278,9-Jul,Jayabima Hotel,Negombo,INV-50964,410,1,,410
Direct,279,9-Jul,Brix Resturant & Cafe,Negombo,INV-50971,410,1,,410
Direct,280,9-Jul,Ranaveera Foods,Negombo,INV-50979,410,1,,410
Direct,281,9-Jul,New Sea Villa,Negombo,INV-50984,410,2,,820
Direct,282,9-Jul,Cafe Cassendro,Negombo,INV-50990,410,1,,410
Direct,283,9-Jul,AYOWA GRAND Hotel,Negombo,INV-50991,410,1,,410
Direct,284,9-Jul,Fish & Chips,Negombo,INV-50996,410,1,,410
Direct,285,9-Jul,Negombo Cafe,Negombo,INV-51047,410,1,,410
Direct,286,9-Jul,Bread Cart Muddaragama,Negombo,INV-51057,410,10,,"4,100"
Direct,287,9-Jul,Mahaweli Hotel,Negombo,INV-51062,410,1,,410
Direct,288,9-Jul,Dinushan Hotel & Fruit Center,Negombo,INV-51065,410,4,,"1,640"
Direct,289,9-Jul,Oyama Catering,Negombo,INV-51068,410,6,,"2,460"
Direct,290,9-Jul,Dolphin Hotel,Negombo,INV-51075,410,1,,410
Direct,291,9-Jul,New Tamarind Tree,Negombo,INV-51077,410,8,,"3,280"
Direct,292,9-Jul,Flavours Resturant,Negombo,INV-51085,410,2,,820
Direct,293,9-Jul,Nethmi Foods,Negombo,INV-51087,410,3,,"1,230"
Direct,294,10-Jul,Praneetha Rasa Bojun - Kurana,Negombo,INV-51094,410,1,,410
Direct,295,10-Jul,Divashi Sinhala Hotel,Negombo,INV-51098,410,2,,820
Direct,296,10-Jul,Gemunu Hotel,Negombo,INV-51105,410,2,,820
Direct,297,10-Jul,Cinnamon Resi (Zigma Distributor),Negombo,INV-51115,410,2,,820
Direct,298,10-Jul,Supun Hotel (Kelum Stores),Negombo,INV-51125,410,1,,410
Direct,299,10-Jul,Mahaweli Hotel,Negombo,INV-51131,410,2,,820
Direct,300,10-Jul,Chef King Cafe & Restaurant - Minuwangoda,Negombo,INV-51137,410,2,,820
Direct,301,10-Jul,Nethmi Foods,Negombo,INV-51148,410,1,,410
Direct,302,11-Jul,Priyashanthi Hotel,Negombo,INV-51155,410,1,,410
Direct,303,11-Jul,NR Foods,Negombo,INV-51156,410,1,,410
Direct,304,11-Jul,Zam Zam Hotel,Negombo,INV-51157,410,3,,"1,230"
Direct,305,11-Jul,Udaya Bakery,Negombo,INV-51158,410,1,,410
Direct,306,11-Jul,Ocean La Banquets (Kochchi Family Resturant),Negombo,INV-51163,410,4,,"1,640"
Direct,307,11-Jul,La Queens Banquet,Negombo,INV-51175,410,1,,410
Direct,308,11-Jul,Teachers Choice,Negombo,INV-51181,410,6,,"2,460"
Direct,309,11-Jul,SS Beach Cafe,Negombo,INV-51182,410,1,,410
Direct,310,11-Jul,Sisila Hotel,Negombo,INV-51190,410,1,,410
Direct,311,11-Jul,Best Bite Resturant,Negombo,INV-51193,410,2,,820
Direct,312,11-Jul,Sandali Bakery,Negombo,INV-51195,410,1,,410
Direct,313,11-Jul,Deshaka Bakers,Negombo,INV-51196,410,1,,410
Direct,314,11-Jul,Tharaka chinese restaurent and beer pub (Rice Kade),Negombo,INV-51198,410,1,,410
Direct,315,11-Jul,Brix Resturant & Cafe,Negombo,INV-51200,410,1,,410
Direct,316,11-Jul,TTJ Those,Negombo,INV-51202,410,3,,"1,230"
Direct,317,11-Jul,Thunhela Rasahala - Dambadeniya,Negombo,INV-51203,410,1,,410
Direct,318,11-Jul,Land of Kings Winterfell,Negombo,INV-51204,410,4,,"1,640"
Direct,319,11-Jul,Isuru Caters Pvt Ltd (Leopards) - Gampaha,Negombo,INV-51212,410,3,,"1,230"
Direct,320,11-Jul,Asiri Bakers,Negombo,INV-51215,410,3,,"1,230"
Direct,321,11-Jul,N N Food (Pranee Vehicle),Negombo,INV-51217,410,1,,410
Direct,322,11-Jul,Oreeka Hotels - Kandawala,Negombo,INV-51224,410,2,,820
Direct,323,11-Jul,Sethsawi Banquet Hall,Negombo,INV-51228,410,4,,"1,640"
Direct,324,11-Jul,Lotus Leaf (Dassanayake Hotel),Negombo,INV-51232,410,8,,"3,280"
Direct,325,11-Jul,Lakshman Bakers,Negombo,INV-51233,410,1,,410
Direct,326,11-Jul,Chinthaka Hotel,Negombo,INV-51234,410,5,,"2,050"
Direct,327,11-Jul,New Tajmahal Hotel,Negombo,INV-51237,410,3,,"1,230"
Direct,328,11-Jul,Rosa Food,Negombo,INV-51238,410,1,,410
Direct,329,11-Jul,Optimum Restaurant,Negombo,INV-51241,410,3,,"1,230"
Direct,330,11-Jul,Jayalanka Hotel,Negombo,INV-51242,410,2,,820
Direct,331,11-Jul,Dolphin Hotel,Negombo,INV-51254,410,3,,"1,230"
Direct,332,11-Jul,New Tamarind Tree,Negombo,INV-51257,410,4,,"1,640"
Direct,333,11-Jul,Jenat Hotel (I.S Distributor / K.G.M),Negombo,INV-51258,410,2,,820
Direct,334,11-Jul,Nethmi Foods,Negombo,INV-51261,410,2,,820
Direct,335,12-Jul,Nayomie's Resturant,Negombo,AGT2404352,410,6,,"2,460"
Direct,336,12-Jul,Aradhana Food Solutions (Pvt) Ltd,Negombo,INV-51268,410,2,,820
Direct,337,12-Jul,Greens Corner - Negombo (Nafan Hotel),Negombo,INV-51269,410,3,,"1,230"
Direct,338,12-Jul,Ranjith Hotel,Negombo,INV-51270,410,1,,410
Direct,339,12-Jul,Gami Rasa,Negombo,INV-51272,410,1,,410
Direct,340,12-Jul,Sisil Sewana,Negombo,INV-51273,410,1,,410
Direct,341,12-Jul,Rizan Tea Corner,Negombo,INV-51275,410,1,,410
Direct,342,12-Jul,Jega Food,Negombo,INV-51279,410,1,,410
Direct,343,12-Jul,OHL Restaurant,Negombo,INV-51286,410,1,,410
Direct,344,12-Jul,RR Hotel,Negombo,INV-51289,410,1,,410
Direct,345,12-Jul,Hotel Blooming,Negombo,INV-51291,410,3,,"1,230"
Direct,346,12-Jul,Brix Resturant & Cafe,Negombo,INV-51297,410,1,,410
Direct,347,12-Jul,Coronation Restaurant & Bar,Negombo,INV-51305,410,2,,820
Direct,348,12-Jul,Toro talk of the town,Negombo,INV-51359,410,4,,"1,640"
Direct,349,12-Jul,Bread Cart Muddaragama,Negombo,INV-51367,410,9,,"3,690"
Direct,350,12-Jul,LM Luckymo,Negombo,INV-51371,410,3,,"1,230"
Direct,351,12-Jul,The Prince Chinese Resturant - Ja Ela,Negombo,INV-51373,410,2,,820
Direct,352,12-Jul,Cafe two 88,Negombo,INV-51375,410,2,,820
Direct,353,12-Jul,Kandy Food Corner,Negombo,INV-51377,410,1,,410
Direct,354,12-Jul,Those Kade - Ja Ela (Dosai Kade),Negombo,INV-51380,410,1,,410
Direct,355,12-Jul,St. Joseph Reception Hall,Negombo,INV-51381,410,5,,"2,050"
Direct,356,12-Jul,Thissera Bakery,Negombo,INV-51385,410,3,,"1,230"
Direct,357,12-Jul,Mathara Bath Kade - Ja Ela,Negombo,INV-51388,410,1,,410
Direct,358,12-Jul,Madu Manjula,Negombo,INV-51389,410,3,,"1,230"
Direct,359,12-Jul,Madara Bakery,Negombo,INV-51392,410,2,,820
Direct,360,12-Jul,Sheen Resturant - Ragama,Negombo,INV-51396,410,1,,410
Direct,361,12-Jul,Airport City Hotel - Katunayaka,Negombo,INV-51398,410,33,,"13,530"
Direct,362,12-Jul,Roast Chicken - Kadana (Verona Resturant),Negombo,INV-51402,410,3,,"1,230"
Direct,363,12-Jul,Prasanna Bakery,Negombo,INV-51404,410,2,,820
Direct,364,12-Jul,Peach Net - Katunayake,Negombo,INV-51406,410,2,,820
Direct,365,12-Jul,St. Mary's Bakery And Grocery,Negombo,INV-51407,410,2,,820
Direct,366,12-Jul,Keshan Food (C & L Bakery),Negombo,INV-51409,410,2,,820
Direct,367,12-Jul,Light House,Negombo,INV-51410,410,2,,820
Direct,368,12-Jul,Pathima Food,Negombo,INV-51411,410,1,,410
Direct,369,12-Jul,Weligampitiya Hotel,Negombo,INV-51412,410,2,,820
Direct,370,12-Jul,Hot Meal,Negombo,INV-51413,410,1,,410
Direct,371,14-Jul,Calton Factory Katana,Negombo,AGT2404363,410,11,,"4,510"
Direct,372,14-Jul,DNS Holding Grandeeza Hotel,Negombo,AGT2404373,410,1,,410
Direct,373,14-Jul,Pasindu Caters,Negombo,INV-51415,410,4,,"1,640"
Direct,374,14-Jul,Lucky Stores,Negombo,INV-51416,410,1,,410
Direct,375,14-Jul,Dinushan Hotel & Fruit Center,Negombo,INV-51419,410,5,,"2,050"
Direct,376,14-Jul,Mahaweli Hotel,Negombo,INV-51421,410,1,,410
Direct,377,14-Jul,Nimal Rathna Bojun Hala,Negombo,INV-51429,410,1,,410
Direct,378,14-Jul,Nihal Hotel,Negombo,INV-51438,410,5,,"2,050"
Direct,379,14-Jul,Raneesha Bakers,Negombo,INV-51444,410,2,,820
Direct,380,14-Jul,Dinushi Catering,Negombo,INV-51449,410,3,,"1,230"
Direct,381,14-Jul,New Tamarind Tree,Negombo,INV-51450,410,3,,"1,230"
Direct,382,14-Jul,Jenat Hotel (I.S Distributor / K.G.M),Negombo,INV-51455,410,1,,410
Direct,383,14-Jul,Siriduwa Hotel - Seeduwa,Negombo,INV-51456,410,3,,"1,230"
Direct,384,14-Jul,TheW Food Corner (Kusal Hotel / Roshan Food Corner),Negombo,INV-51461,410,1,,410
Direct,385,14-Jul,Sooriya Cafe & Family Resturant - Badalgama,Negombo,INV-51464,410,2,,820
Direct,386,14-Jul,Lucky Stores,Negombo,INV-51468,410,1,,410
Direct,387,14-Jul,Anura Cafe,Negombo,INV-51470,410,1,,410
Direct,388,14-Jul,Aruna Hotel,Negombo,INV-51473,410,2,,820
Direct,389,14-Jul,Flavours Resturant,Negombo,INV-51475,410,1,,410
Direct,390,14-Jul,Divashi Sinhala Hotel,Negombo,INV-51479,410,1,,410
Direct,391,14-Jul,Nethmi Foods,Negombo,INV-51480,410,1,,410
Direct,392,14-Jul,Aradhana Food Solutions (Pvt) Ltd,Negombo,INV-51484,410,3,,"1,230"
Direct,393,14-Jul,Bombe Sweet Palace,Negombo,INV-51492,410,10,,"4,100"
Direct,394,14-Jul,TTJ Those,Negombo,INV-51496,410,2,,820
Direct,395,14-Jul,Gemunu Hotel,Negombo,INV-51524,410,1,,410
Direct,396,14-Jul,Chef King - Kurana,Negombo,INV-51531,410,3,,"1,230"
Direct,397,15-Jul,Prima Ceylon Agro Seeduwa,Negombo,AGT2404381,410,2,,820
Direct,398,15-Jul,VETGROWTORY of Vetgrow (PVT) Ltd.,Negombo,AGT2404384,410,1,,410
Direct,399,15-Jul,Keells Food Product Ekala,Negombo,AGT2404390,410,1,,410
Direct,400,15-Jul,Golden Bird Bakers,Negombo,INV-51547,410,10,,"4,100"
Direct,401,15-Jul,Full Moon Restaurant - Makadura,Negombo,INV-51550,410,1,,410
Direct,402,15-Jul,Gihan Bakers - Makadura,Negombo,INV-51557,410,1,,410
Direct,403,15-Jul,Priyashanthi Hotel,Negombo,INV-51586,410,1,,410
Direct,404,15-Jul,Zam Zam Hotel,Negombo,INV-51590,410,4,,"1,640"
Direct,405,15-Jul,Negombo Hotel,Negombo,INV-51593,410,2,,820
Direct,406,15-Jul,Tanganiya Resturant,Negombo,INV-51595,410,1,,410
Direct,407,15-Jul,Udaya Bakery,Negombo,INV-51602,410,5,,"2,050"
Direct,408,15-Jul,Teachers Choice,Negombo,INV-51608,410,5,,"2,050"
Direct,409,15-Jul,Ocean La Banquets (Kochchi Family Resturant),Negombo,INV-51613,410,3,,"1,230"
Direct,410,15-Jul,Star Hotel & Cool Spot,Negombo,INV-51614,410,4,,"1,640"
Direct,411,15-Jul,New Tajmahal Hotel,Negombo,INV-51619,410,4,,"1,640"
Direct,412,15-Jul,Prasara Washing Plant,Negombo,INV-51622,410,2,,820
Direct,413,15-Jul,Suranga Caters,Negombo,INV-51630,410,8,,"3,280"
Direct,414,15-Jul,Chinthaka Hotel,Negombo,INV-51635,410,5,,"2,050"
Direct,415,15-Jul,Rosa Food,Negombo,INV-51639,410,1,,410
Direct,416,15-Jul,Oven Fresh Bakery & Cafe,Negombo,INV-51643,410,1,,410
Direct,417,15-Jul,Deshaka Bakers,Negombo,INV-51645,410,1,,410
Direct,418,15-Jul,Coronation Restaurant & Bar,Negombo,AGDPL-127537,410,2,,820
Direct,1,16-Jul,Nayomie's Resturant,Negombo,AGT2404395,410,10,,"4,100"
Direct,2,16-Jul,Aradhana Food Solutions (Pvt) Ltd,Negombo,INV-51646,410,2,,820
Direct,3,16-Jul,Choy's,Negombo,INV-51648,410,2,,820
Direct,4,16-Jul,Greens Corner - Negombo (Nafan Hotel),Negombo,INV-51649,410,1,,410
Direct,5,16-Jul,Ranjith Hotel,Negombo,INV-51650,410,1,,410
Direct,6,16-Jul,Tharaka Bath Kade,Negombo,INV-51651,410,1,,410
Direct,7,16-Jul,Ravindu Hotel,Negombo,INV-51652,410,1,,410
Direct,8,16-Jul,St. Joseph Hotel,Negombo,INV-51653,410,1,,410
Direct,9,16-Jul,Gami Rasa,Negombo,INV-51656,410,1,,410
Direct,10,16-Jul,Negombo Cafe,Negombo,INV-51657,410,6,,"2,460"
Direct,11,16-Jul,Rizan Tea Corner,Negombo,INV-51658,410,1,,410
Direct,12,16-Jul,Ajmeer Hotel,Negombo,INV-51661,410,3,,"1,230"
Direct,13,16-Jul,New Rest House,Negombo,INV-51663,410,2,,820
Direct,14,16-Jul,Sisila Hotel,Negombo,INV-51671,410,1,,410
Direct,15,16-Jul,St. Joseph Reception Hall,Negombo,INV-51675,410,7,,"2,870"
Direct,16,16-Jul,Best Bite Resturant,Negombo,INV-51677,410,2,,820
Direct,17,16-Jul,Jega Food,Negombo,INV-51681,410,1,,410
Direct,18,16-Jul,Martin Restaurant & Pizza Lab,Negombo,INV-51682,410,5,,"2,050"
Direct,19,16-Jul,Land of Kings Winterfell,Negombo,INV-51684,410,5,,"2,050"
Direct,20,16-Jul,Senuri Grand Castello,Negombo,INV-51686,410,10,,"4,100"
Direct,21,16-Jul,St Anne Bakery,Negombo,INV-51688,410,1,,410
Direct,22,16-Jul,The West Town,Negombo,INV-51697,410,1,,410
Direct,23,16-Jul,The West Town,Negombo,INV-51699,410,2,,820
Direct,24,16-Jul,Isuru Caters Pvt Ltd (Leopards) - Gampaha,Negombo,INV-51723,410,6,,"2,460"
Direct,25,16-Jul,Asiri Bakers,Negombo,INV-51724,410,4,,"1,640"
Direct,26,16-Jul,Thora House,Negombo,INV-51731,410,1,,410
Direct,27,16-Jul,Royal Family Hub,Negombo,INV-51742,410,1,,410
Direct,28,16-Jul,New Sea Villa,Negombo,INV-51745,410,2,,820
Direct,29,16-Jul,Leonardo by Bella Vita Italian restaurant,Negombo,INV-51749,410,7,,"2,870"
Direct,30,16-Jul,Memento Guest House,Negombo,INV-51752,410,1,,410
Direct,31,16-Jul,Bread Cart Muddaragama,Negombo,INV-51754,410,10,,"4,100"
Direct,32,16-Jul,Rasa Bojun - Gampaha,Negombo,INV-51756,410,1,,410
Direct,33,16-Jul,Toro talk of the town,Negombo,INV-51757,410,5,,"2,050"
Direct,34,16-Jul,CP Caters - Gampaha,Negombo,INV-51764,410,3,,"1,230"
Direct,35,16-Jul,Rashanee Chinese Restaurant - Gampaha,Negombo,INV-51769,410,2,,820
Direct,36,16-Jul,Sundaragma,Negombo,INV-51775,410,5,,"2,050"
Direct,37,16-Jul,Pabasara Dine Family Resturant - Udugampola,Negombo,INV-51779,410,2,,820
Direct,38,16-Jul,Flavours Resturant,Negombo,INV-51784,410,1,,410
Direct,39,16-Jul,Saminro Reception Hall - Kadawatha,Negombo,INV-51785,410,12,,"4,920"
Direct,40,16-Jul,Happy Bright Hotel,Negombo,INV-51789,410,1,,410
Direct,41,16-Jul,One Bambo Hotel,Negombo,INV-51792,410,4,,"1,640"
Direct,42,17-Jul,Trust Lanka Suppliers PVT LTD,Negombo,AGT2404417,410,4,,"1,640"
Direct,43,17-Jul,Damro Factory - Loluwagoda,Negombo,AGT2404419,410,3,,"1,230"
Direct,44,17-Jul,Pasindu Caters,Negombo,INV-51797,410,4,,"1,640"
Direct,45,17-Jul,Dolphin Hotel,Negombo,INV-51799,410,4,,"1,640"
Direct,46,17-Jul,Airport City Hotel - Katunayaka,Negombo,INV-51803,410,31,,"12,710"
Direct,47,17-Jul,Dinushan Hotel & Fruit Center,Negombo,INV-51808,410,3,,"1,230"
Direct,48,17-Jul,Nihal Hotel,Negombo,INV-51811,410,1,,410
Direct,49,17-Jul,Jenat Hotel (I.S Distributor / K.G.M),Negombo,INV-51814,410,4,,"1,640"
Direct,50,17-Jul,Divya Hotel,Negombo,INV-51826,410,1,,410
Direct,51,17-Jul,Chef King Cafe & Restaurant - Minuwangoda,Negombo,INV-51827,410,2,,820
Direct,52,17-Jul,Aruna Hotel,Negombo,INV-51832,410,2,,820
Direct,53,17-Jul,Dinushan Hotel & Fruit Center,Negombo,INV-51835,410,2,,820
Direct,54,17-Jul,New Tamarind Tree,Negombo,INV-51844,410,3,,"1,230"
Direct,55,17-Jul,Green Rest,Negombo,INV-51855,410,1,,410
Direct,56,17-Jul,Gemunu Hotel,Negombo,INV-51859,410,2,,820
Direct,57,17-Jul,Cinnamon Resi (Zigma Distributor),Negombo,INV-51863,410,2,,820
Direct,58,17-Jul,Praveen Hotel,Negombo,INV-51865,410,1,,410
Direct,59,17-Jul,Cool Feel Hotel,Negombo,INV-51871,410,3,,"1,230"
Direct,60,17-Jul,Ranka Take Away Food Cabin,Negombo,INV-51874,410,1,,410
Direct,61,17-Jul,Castle Family (Nirosh Resturant),Negombo,INV-51876,410,1,,410
Direct,62,17-Jul,Kandy Food Corner,Negombo,INV-51882,410,1,,410
Direct,63,17-Jul,Cafe two 88,Negombo,INV-51885,410,2,,820
Direct,64,17-Jul,Those Kade - Ja Ela (Dosai Kade),Negombo,INV-51888,410,2,,820
Direct,65,17-Jul,Thissera Bakery,Negombo,INV-51891,410,4,,"1,640"
Direct,66,17-Jul,Athiliya,Negombo,INV-51892,410,1,,410
Direct,67,17-Jul,The Grill Master,Negombo,INV-51895,410,2,,820
Direct,68,17-Jul,Sameera Bakery,Negombo,INV-51897,410,12,,"4,920"
Direct,69,17-Jul,Sandamali Bakers & Hotel,Negombo,INV-51898,410,4,,"1,640"
Direct,70,17-Jul,Jayalath Traders,Negombo,INV-51900,410,4,,"1,640"
Direct,71,17-Jul,Mathara Bath Kade - Ja Ela,Negombo,INV-51904,410,1,,410
Direct,72,17-Jul,Aradhana Food Solutions (Pvt) Ltd,Negombo,INV-51909,410,3,,"1,230"
Direct,73,17-Jul,Madu Manjula,Negombo,INV-51911,410,2,,820
Direct,74,17-Jul,Kamilka Family Restaurant,Negombo,INV-51912,410,2,,820
Direct,75,17-Jul,TTJ Those,Negombo,INV-51913,410,2,,820
Direct,76,17-Jul,Madara Bakery,Negombo,INV-51917,410,2,,820
Direct,77,17-Jul,N N Food (Pranee Vehicle),Negombo,INV-51921,410,1,,410
Direct,78,17-Jul,Roast Chicken - Kadana (Verona Resturant),Negombo,INV-51932,410,2,,820
Direct,79,17-Jul,Cabba's Kitchen - Kandana,Negombo,INV-51936,410,3,,"1,230"
Direct,80,17-Jul,St. Mary's Bakery And Grocery,Negombo,INV-51939,410,2,,820
Direct,81,17-Jul,Pathima Food,Negombo,INV-51943,410,1,,410
Direct,82,18-Jul,GTB Steel Corporation (Pvt) Ltd,Negombo,AGT2404434,410,3,,"1,230"
Direct,83,18-Jul,Light House,Negombo,INV-51951,410,2,,820
Direct,84,18-Jul,Thora House,Negombo,INV-51952,410,2,,820
Direct,85,18-Jul,Priyashanthi Hotel,Negombo,INV-51953,410,1,,410
Direct,86,18-Jul,Negombo Hotel,Negombo,INV-51954,410,2,,820
Direct,87,18-Jul,Udaya Bakery,Negombo,INV-51955,410,1,,410
Direct,88,18-Jul,LJ Bakery,Negombo,INV-51956,410,2,,820
Direct,89,18-Jul,Kochchikade Resturant,Negombo,INV-51957,410,1,,410
Direct,90,18-Jul,Lavonra Catering Service,Negombo,INV-51958,410,10,,"4,100"
Direct,91,18-Jul,Dinithi Baker’s,Negombo,INV-51961,410,3,,"1,230"
Direct,92,18-Jul,Ocean La Banquets (Kochchi Family Resturant),Negombo,INV-51962,410,1,,410
Direct,93,18-Jul,Rich Table Family Restaurant,Negombo,INV-51963,410,2,,820
Direct,94,18-Jul,Full Moon Restaurant - Makadura,Negombo,INV-51965,410,1,,410
Direct,95,18-Jul,Teachers Choice,Negombo,INV-51975,410,5,,"2,050"
Direct,96,18-Jul,Deshaka Bakers,Negombo,INV-51976,410,2,,820
Direct,97,18-Jul,Hattiya - Kattuwa,Negombo,INV-51978,410,1,,410
Direct,98,18-Jul,Gemi Gedara,Negombo,INV-51979,410,1,,410
Direct,99,18-Jul,Tharaka chinese restaurent and beer pub (Rice Kade),Negombo,INV-51980,410,1,,410
Direct,100,18-Jul,Wasana Cake,Negombo,INV-51982,410,8,,"3,280"
Direct,101,18-Jul,La Pizzaria,Negombo,INV-51986,410,2,,820
Direct,102,18-Jul,Sethsawi Banquet Hall,Negombo,INV-51989,410,3,,"1,230"
Direct,103,18-Jul,New Tajmahal Hotel,Negombo,INV-51990,410,3,,"1,230"
Direct,104,18-Jul,Rosa Food,Negombo,INV-51995,410,1,,410
Direct,105,18-Jul,Aurion Cabans,Negombo,INV-51996,410,1,,410
Direct,106,18-Jul,Lotus Leaf (Dassanayake Hotel),Negombo,INV-51999,410,9,,"3,690"
Direct,107,19-Jul,Nayomie's Resturant,Negombo,AGT2404436,410,7,,"2,870"
Direct,108,19-Jul,Greens Corner - Negombo (Nafan Hotel),Negombo,INV-52000,410,3,,"1,230"
Direct,109,19-Jul,Ranjith Hotel,Negombo,INV-52001,410,1,,410
Direct,110,19-Jul,Tharaka Bath Kade,Negombo,INV-52003,410,1,,410
Direct,111,19-Jul,Gami Rasa,Negombo,INV-52004,410,1,,410
Direct,112,19-Jul,Negombo Cafe,Negombo,INV-52006,410,2,,820
Direct,113,19-Jul,Rizan Tea Corner,Negombo,INV-52007,410,1,,410
Direct,114,19-Jul,Ajmeer Hotel,Negombo,INV-52008,410,4,,"1,640"
Direct,115,19-Jul,Paradise Hotel,Negombo,INV-52011,410,2,,820
Direct,116,19-Jul,TTJ Those,Negombo,INV-52012,410,2,,820
Direct,117,19-Jul,OHL Restaurant,Negombo,INV-52014,410,1,,410
Direct,118,19-Jul,New Rest House,Negombo,INV-52015,410,1,,410
Direct,119,19-Jul,RR Hotel,Negombo,INV-52030,410,1,,410
Direct,120,19-Jul,The West Town,Negombo,INV-52032,410,1,,410
Direct,121,19-Jul,Jega Food,Negombo,INV-52033,410,1,,410
Direct,122,19-Jul,Brix Resturant & Cafe,Negombo,INV-52036,410,1,,410
Direct,123,19-Jul,Rani Beach Resort,Negombo,INV-52046,410,1,,410
Direct,124,19-Jul,Ammeehulla Resturant,Negombo,INV-52047,410,1,,410
Direct,125,19-Jul,Ammeehulla Resturant,Negombo,INV-52049,410,1,,410
Direct,126,19-Jul,Moya Resturant,Negombo,INV-52053,410,1,,410
Direct,127,19-Jul,Land of Kings Winterfell,Negombo,INV-52058,410,5,,"2,050"
Direct,128,19-Jul,Cafe Cassendro,Negombo,INV-52063,410,1,,410
Direct,129,19-Jul,Oyama Catering,Negombo,INV-52076,410,5,,"2,050"
Direct,130,19-Jul,Bread Cart Muddaragama,Negombo,INV-52079,410,6,,"2,460"
Direct,131,19-Jul,Dolphin Hotel,Negombo,INV-52089,410,5,,"2,050"
Direct,132,21-Jul,Calton Factory Katana,Negombo,AGT2404441,410,10,,"4,100"
Direct,133,21-Jul,Sisila Hotel,Negombo,INV-52096,410,1,,410
Direct,134,21-Jul,Sandali Bakery,Negombo,INV-52100,410,1,,410
Direct,135,21-Jul,Aradhana Food Solutions (Pvt) Ltd,Negombo,INV-52101,410,3,,"1,230"
Direct,136,21-Jul,Che Resturant,Negombo,INV-52105,410,1,,410
Direct,137,21-Jul,Land of Kings Winterfell,Negombo,INV-52109,410,2,,820
Direct,138,21-Jul,Nihal Hotel,Negombo,INV-52116,410,4,,"1,640"
Direct,139,21-Jul,Isuru Caters Pvt Ltd (Leopards) - Gampaha,Negombo,INV-52118,410,4,,"1,640"
Direct,140,21-Jul,Jenat Hotel (I.S Distributor / K.G.M),Negombo,INV-52121,410,2,,820
Direct,141,21-Jul,Asiri Bakers,Negombo,INV-52123,410,3,,"1,230"
Direct,142,21-Jul,Divya Hotel,Negombo,INV-52128,410,1,,410
Direct,143,21-Jul,Nimsara Hotel,Negombo,INV-52129,410,2,,820
Direct,144,21-Jul,Amoda Ranketh Hotel - Akaragama,Negombo,INV-52131,410,1,,410
Direct,145,21-Jul,TheW Food Corner (Kusal Hotel / Roshan Food Corner),Negombo,INV-52136,410,1,,410
Direct,146,21-Jul,Sooriya Cafe & Family Resturant - Badalgama,Negombo,INV-52140,410,1,,410
Direct,147,21-Jul,Flavours Resturant,Negombo,INV-52145,410,2,,820
Direct,148,21-Jul,Guruge Hotel - Miriswatta,Negombo,INV-52148,410,1,,410
Direct,149,21-Jul,Pasindu Caters,Negombo,INV-52149,410,2,,820
Direct,150,21-Jul,Fresh Bakers - Gampaha,Negombo,INV-52153,410,1,,410
Direct,151,21-Jul,Memento Guest House,Negombo,INV-52165,410,1,,410
Direct,152,21-Jul,CP Caters - Gampaha,Negombo,INV-52171,410,2,,820
Direct,153,21-Jul,Dr. Food Resturant- Gampaha,Negombo,INV-52174,410,1,,410
Direct,154,21-Jul,Priyantha Sweets,Negombo,INV-52182,410,3,,"1,230"
Direct,155,21-Jul,Dinushan Hotel & Fruit Center,Negombo,INV-52191,410,2,,820
Direct,156,21-Jul,Mahaweli Hotel,Negombo,INV-52193,410,1,,410
Direct,157,21-Jul,Saminro Reception Hall - Kadawatha,Negombo,INV-52194,410,13,,"5,330"
Direct,158,21-Jul,Wijerathna Bakery,Negombo,INV-52196,410,1,,410
Direct,159,21-Jul,Sundaragma,Negombo,INV-52198,410,1,,410
Direct,160,21-Jul,Pabasara Dine Family Resturant - Udugampola,Negombo,INV-52200,410,2,,820
Direct,161,21-Jul,Praveen Hotel,Negombo,INV-52201,410,1,,410
Direct,162,21-Jul,Nimal Rathna Bojun Hala,Negombo,INV-52202,410,1,,410
Direct,163,21-Jul,Happy Bright Hotel,Negombo,INV-52203,410,1,,410
Direct,164,21-Jul,Pradeep Hotel,Negombo,INV-52210,410,1,,410
Direct,165,21-Jul,New Tamarind Tree,Negombo,INV-52211,410,6,,"2,460"
Direct,166,21-Jul,Airport City Hotel - Katunayaka,Negombo,INV-52212,410,32,,"13,120"
Direct,167,21-Jul,Coronation Restaurant & Bar,Negombo,AGDPL-127544,410,3,,"1,230"
Direct,168,22-Jul,Ramada,Negombo,AGT2404458,410,1,,410
Direct,169,22-Jul,Dinithi Baker’s,Negombo,INV-52216,410,3,,"1,230"
Direct,170,22-Jul,La Queens Banquet,Negombo,INV-52217,410,1,,410
Direct,171,22-Jul,Full Moon Restaurant - Makadura,Negombo,INV-52221,410,1,,410
Direct,172,22-Jul,Choy's,Negombo,INV-52227,410,2,,820
Direct,173,22-Jul,Brix Resturant & Cafe,Negombo,INV-52230,410,1,,410
Direct,174,22-Jul,Light House,Negombo,INV-52234,410,2,,820
Direct,175,22-Jul,Thora House,Negombo,INV-52243,410,2,,820
Direct,176,22-Jul,N N Food (Pranee Vehicle),Negombo,INV-52247,410,1,,410
Direct,177,22-Jul,Priyashanthi Hotel,Negombo,INV-52250,410,1,,410
Direct,178,22-Jul,NR Foods,Negombo,INV-52252,410,1,,410
Direct,179,22-Jul,Kandy Foods,Negombo,INV-52257,410,1,,410
Direct,180,22-Jul,Samudra Hotel (Abishek),Negombo,INV-52261,410,1,,410
Direct,181,22-Jul,Zam Zam Hotel,Negombo,INV-52264,410,2,,820
Direct,182,22-Jul,Star Hotel & Cool Spot,Negombo,INV-52265,410,2,,820
Direct,183,22-Jul,Star Hotel & Cool Spot,Negombo,INV-52266,410,1,,410
Direct,184,22-Jul,Negombo Hotel,Negombo,INV-52267,410,2,,820
Direct,185,22-Jul,New Tajmahal Hotel,Negombo,INV-52269,410,3,,"1,230"
Direct,186,22-Jul,NC Hotel,Negombo,INV-52272,410,4,,"1,640"
Direct,187,22-Jul,LJ Bakery,Negombo,INV-52274,410,1,,410
Direct,188,22-Jul,Ayu Care Medical Center,Negombo,INV-52277,410,1,,410
Direct,189,22-Jul,Prasara Washing Plant,Negombo,INV-52280,410,2,,820
Direct,190,22-Jul,Ocean La Banquets (Kochchi Family Resturant),Negombo,INV-52286,410,1,,410
Direct,191,22-Jul,Wasana Cake,Negombo,INV-52288,410,4,,"1,640"
Direct,192,22-Jul,Teachers Choice,Negombo,INV-52289,410,6,,"2,460"
Direct,193,22-Jul,Thunhela Rasahala - Dambadeniya,Negombo,INV-52291,410,1,,410
Direct,194,22-Jul,Chill Bro,Negombo,INV-52292,410,4,,"1,640"
Direct,195,22-Jul,Dolphin Hotel,Negombo,INV-52301,410,2,,820
Direct,196,22-Jul,New Tamarind Tree,Negombo,INV-52302,410,5,,"2,050"
Direct,197,23-Jul,Nayomie's Resturant,Negombo,AGT2404466,410,7,,"2,870"
Direct,198,23-Jul,Senuri Grand Castello,Negombo,INV-52308,410,12,,"4,920"
Direct,199,23-Jul,Greens Corner - Negombo (Nafan Hotel),Negombo,INV-52309,410,2,,820
Direct,200,23-Jul,Ranjith Hotel,Negombo,INV-52310,410,1,,410
Direct,201,23-Jul,Raheemiya Hotel,Negombo,INV-52314,410,1,,410
Direct,202,23-Jul,Real Bombay Sweets,Negombo,INV-52315,410,1,,410
Direct,203,23-Jul,St. Joseph Hotel,Negombo,INV-52316,410,1,,410
Direct,204,23-Jul,Sisil Sewana,Negombo,INV-52317,410,1,,410
Direct,205,23-Jul,Ajmeer Hotel,Negombo,INV-52319,410,2,,820
Direct,206,23-Jul,Rizan Tea Corner,Negombo,INV-52320,410,1,,410
Direct,207,23-Jul,Paradise Hotel,Negombo,INV-52321,410,1,,410
Direct,208,23-Jul,Deshaka Bakers,Negombo,INV-52322,410,2,,820
Direct,209,23-Jul,TTJ Those,Negombo,INV-52323,410,2,,820
Direct,210,23-Jul,New Rest House,Negombo,INV-52324,410,1,,410
Direct,211,23-Jul,Candenlla Foods,Negombo,INV-52325,410,1,,410
Direct,212,23-Jul,LM Luckymo,Negombo,INV-52326,410,4,,"1,640"
Direct,213,23-Jul,Cafe two 88,Negombo,INV-52332,410,2,,820
Direct,214,23-Jul,Kandy Food Corner,Negombo,INV-52333,410,2,,820
Direct,215,23-Jul,Martin Restaurant & Pizza Lab,Negombo,INV-52334,410,4,,"1,640"
Direct,216,23-Jul,St Anne Bakery,Negombo,INV-52336,410,2,,820
Direct,217,23-Jul,One Bambo Hotel,Negombo,INV-52338,410,2,,820
Direct,218,23-Jul,Those Kade - Ja Ela (Dosai Kade),Negombo,INV-52341,410,1,,410
Direct,219,23-Jul,Thissera Bakery,Negombo,INV-52344,410,3,,"1,230"
Direct,220,23-Jul,Sameera Bakery,Negombo,INV-52345,410,12,,"4,920"
Direct,221,23-Jul,Jayalath Traders,Negombo,INV-52346,410,3,,"1,230"
Direct,222,23-Jul,New Sea Villa,Negombo,INV-52347,410,2,,820
Direct,223,23-Jul,Cafe Cassendro,Negombo,INV-52348,410,2,,820
Direct,224,23-Jul,Mathara Bath Kade - Ja Ela,Negombo,INV-52349,410,1,,410
Direct,225,23-Jul,Fish & Chips,Negombo,INV-52352,410,1,,410
Direct,226,23-Jul,Madara Bakery,Negombo,INV-52354,410,2,,820
Direct,227,23-Jul,Game Cafe - Ragama,Negombo,INV-52355,410,1,,410
Direct,228,23-Jul,Saffron Resturant - Welisara,Negombo,INV-52356,410,6,,"2,460"
Direct,229,23-Jul,Shine Resturant,Negombo,INV-52357,410,1,,410
Direct,230,23-Jul,Roast Chicken - Kadana (Verona Resturant),Negombo,INV-52361,410,3,,"1,230"
Direct,231,23-Jul,Cabba's Kitchen - Kandana,Negombo,INV-52363,410,2,,820
Direct,232,23-Jul,Prasanna Bakery,Negombo,INV-52365,410,1,,410
Direct,233,23-Jul,St. Mary's Bakery And Grocery,Negombo,INV-52368,410,2,,820
Direct,234,23-Jul,Keshan Food (C & L Bakery),Negombo,INV-52369,410,2,,820
Direct,235,23-Jul,Pathima Food,Negombo,INV-52370,410,2,,820
Direct,236,23-Jul,Resturant 87,Negombo,INV-52371,410,1,,410
Direct,237,23-Jul,Hot Meal,Negombo,INV-52372,410,1,,410
Direct,238,23-Jul,Hot Meal,Negombo,INV-52373,410,1,,410
Direct,239,24-Jul,Imo Chicken & Agro Processing Plant Loluwagoda,Negombo,AGT2404482,410,1,,410
Direct,240,24-Jul,Aradhana Food Solutions (Pvt) Ltd,Negombo,INV-52374,410,3,,"1,230"
Direct,241,24-Jul,Sisila Hotel,Negombo,INV-52378,410,1,,410
Direct,242,24-Jul,Nihal Hotel,Negombo,INV-52380,410,2,,820
Direct,243,24-Jul,Best Bite Resturant,Negombo,INV-52382,410,3,,"1,230"
Direct,244,24-Jul,Che Resturant,Negombo,INV-52385,410,1,,410
Direct,245,24-Jul,Jenat Hotel (I.S Distributor / K.G.M),Negombo,INV-52386,410,3,,"1,230"
Direct,246,24-Jul,Land of Kings Winterfell,Negombo,INV-52388,410,4,,"1,640"
Direct,247,24-Jul,Geethma Hotel,Negombo,INV-52389,410,2,,820
Direct,248,24-Jul,Divya Hotel,Negombo,INV-52390,410,1,,410
Direct,249,24-Jul,Isuru Caters Pvt Ltd (Leopards) - Gampaha,Negombo,INV-52391,410,4,,"1,640"
Direct,250,24-Jul,Aruna Hotel,Negombo,INV-52392,410,2,,820
Direct,251,24-Jul,Aruna Hotel,Negombo,INV-52393,410,1,,410
Direct,252,24-Jul,Asiri Bakers,Negombo,INV-52394,410,1,,410
Direct,253,24-Jul,The Grill Master,Negombo,INV-52399,410,2,,820
Direct,254,24-Jul,Gemunu Hotel,Negombo,INV-52400,410,1,,410
Direct,255,24-Jul,Lakshman Bakers,Negombo,INV-52407,410,1,,410
Direct,256,24-Jul,Adisha Stores,Negombo,INV-52409,410,1,,410
Direct,257,24-Jul,Siriduwa Hotel - Seeduwa,Negombo,INV-52410,410,2,,820
Direct,258,24-Jul,Caya Hotel,Negombo,INV-52412,410,1,,410
Direct,259,24-Jul,Golden Bird Bakers,Negombo,INV-52413,410,4,,"1,640"
Direct,260,24-Jul,Rashanee Chinese Restaurant - Gampaha,Negombo,INV-52414,410,1,,410
Direct,261,24-Jul,Golden Bird Bakers,Negombo,INV-52415,410,15,,"6,150"
Direct,262,24-Jul,Pabasara Dine Family Resturant - Udugampola,Negombo,INV-52418,410,1,,410
Direct,263,24-Jul,Tango Bake House,Negombo,INV-52419,410,3,,"1,230"
Direct,264,24-Jul,Priyantha Sweets,Negombo,INV-52420,410,2,,820
Direct,265,24-Jul,Mahaweli Hotel,Negombo,INV-52425,410,1,,410
Direct,266,24-Jul,Dinushan Hotel & Fruit Center,Negombo,INV-52426,410,3,,"1,230"
Direct,267,24-Jul,Airport City Hotel - Katunayaka,Negombo,INV-52429,410,19,,"7,790"
Direct,268,24-Jul,Flavours Resturant,Negombo,INV-52432,410,1,,410
Direct,269,24-Jul,Happy Bright Hotel,Negombo,INV-52433,410,1,,410
Direct,270,24-Jul,Nethmi Foods,Negombo,INV-52434,410,3,,"1,230"
Direct,271,24-Jul,Cool Feel Hotel,Negombo,INV-52435,410,1,,410
Direct,272,24-Jul,Castle Family (Nirosh Resturant),Negombo,INV-52436,410,1,,410
Direct,273,25-Jul,Marshal Bakery,Negombo,INV-52439,410,1,,410
Direct,274,25-Jul,Thora House,Negombo,INV-52441,410,1,,410
Direct,275,25-Jul,Priyashanthi Hotel,Negombo,INV-52442,410,1,,410
Direct,276,25-Jul,Zam Zam Hotel,Negombo,INV-52443,410,3,,"1,230"
Direct,277,25-Jul,Udaya Bakery,Negombo,INV-52444,410,4,,"1,640"
Direct,278,25-Jul,LJ Bakery,Negombo,INV-52445,410,2,,820
Direct,279,25-Jul,Bombe Sweet Palace,Negombo,INV-52446,410,14,,"5,740"
Direct,280,25-Jul,TTJ Those,Negombo,INV-52447,410,3,,"1,230"
Direct,281,25-Jul,Ocean La Banquets (Kochchi Family Resturant),Negombo,INV-52449,410,1,,410
Direct,282,25-Jul,Rich Table Family Restaurant,Negombo,INV-52451,410,2,,820
Direct,283,25-Jul,Full Moon Restaurant - Makadura,Negombo,INV-52453,410,1,,410
Direct,284,25-Jul,Teachers Choice,Negombo,INV-52458,410,5,,"2,050"
Direct,285,25-Jul,Deshaka Bakers,Negombo,INV-52462,410,1,,410
Direct,286,25-Jul,Tharaka chinese restaurent and beer pub (Rice Kade),Negombo,INV-52466,410,1,,410
Direct,287,25-Jul,Thunhela Rasahala - Dambadeniya,Negombo,INV-52468,410,1,,410
Direct,288,25-Jul,Sethsawi Banquet Hall,Negombo,INV-52471,410,5,,"2,050"
Direct,289,25-Jul,New Tajmahal Hotel,Negombo,INV-52472,410,3,,"1,230"
Direct,290,25-Jul,Jayalanka Hotel,Negombo,INV-52473,410,1,,410
Direct,291,25-Jul,Athiliya,Negombo,INV-52474,410,2,,820
Direct,292,25-Jul,Oishi Family Resturant,Negombo,INV-52475,410,1,,410
Direct,293,25-Jul,Lotus Leaf (Dassanayake Hotel),Negombo,INV-52480,410,3,,"1,230"
Direct,294,25-Jul,Chinthaka Hotel,Negombo,INV-52481,410,5,,"2,050"
Direct,295,25-Jul,Suranga Caters,Negombo,INV-52483,410,1,,410
Direct,296,25-Jul,Suranga Caters,Negombo,INV-52484,410,2,,820
Direct,297,25-Jul,Superma Food And Bakers,Negombo,INV-52485,410,12,,"4,920"
Direct,298,25-Jul,Achala Hotel,Negombo,INV-52486,410,1,,410
Direct,299,25-Jul,Rosa Food,Negombo,INV-52487,410,1,,410
Direct,300,25-Jul,Aradhana Food Solutions (Pvt) Ltd,Negombo,INV-52489,410,1,,410
Direct,301,25-Jul,New Tajmahal Hotel,Negombo,INV-52491,410,1,,410
Direct,302,26-Jul,Nayomie's Resturant,Negombo,AGT2404498,410,6,,"2,460"
Direct,303,26-Jul,St. Joseph Hotel,Negombo,INV-52492,410,1,,410
Direct,304,26-Jul,Onali Foods,Negombo,INV-52494,410,2,,820
Direct,305,26-Jul,Rizan Tea Corner,Negombo,INV-52495,410,1,,410
Direct,306,26-Jul,Ajmeer Hotel,Negombo,INV-52497,410,1,,410
Direct,307,26-Jul,New Rest House,Negombo,INV-52499,410,1,,410
Direct,308,26-Jul,Jega Food,Negombo,INV-52502,410,1,,410
Direct,309,26-Jul,Candenlla Foods,Negombo,INV-52504,410,1,,410
Direct,310,26-Jul,LM Luckymo,Negombo,INV-52507,410,2,,820
Direct,311,26-Jul,Those Kade - Ja Ela (Dosai Kade),Negombo,INV-52511,410,1,,410
Direct,312,26-Jul,OHL Restaurant,Negombo,INV-52515,410,1,,410
Direct,313,26-Jul,Thilak Senanayaka Bakery,Negombo,INV-52517,410,1,,410
Direct,314,26-Jul,Jayalath Traders,Negombo,INV-52520,410,5,,"2,050"
Direct,315,26-Jul,The West Town,Negombo,INV-52528,410,2,,820
Direct,316,26-Jul,Madu Manjula,Negombo,INV-52534,410,3,,"1,230"
Direct,317,26-Jul,Mandakini Club House,Negombo,INV-52535,410,2,,820
Direct,318,26-Jul,Kamilka Family Restaurant,Negombo,INV-52537,410,2,,820
Direct,319,26-Jul,Brix Resturant & Cafe,Negombo,INV-52538,410,1,,410
Direct,320,26-Jul,Madara Bakery,Negombo,INV-52540,410,2,,820
Direct,321,26-Jul,New Tamarind Tree,Negombo,INV-52550,410,2,,820
Direct,322,26-Jul,Cabba's Kitchen - Kandana,Negombo,INV-52551,410,1,,410
Direct,323,26-Jul,Weligampitiya Hotel,Negombo,INV-52558,410,2,,820
Direct,324,26-Jul,Peach Net - Katunayake,Negombo,INV-52561,410,1,,410
Direct,325,26-Jul,Greens Corner - Negombo (Nafan Hotel),Negombo,INV-52567,410,2,,820
Direct,326,26-Jul,The Prince Chinese Resturant - Ja Ela,Negombo,INV-52571,410,2,,820
Direct,327,26-Jul,TTJ Those,Negombo,INV-52572,410,1,,410
Direct,328,26-Jul,Cafe two 88,Negombo,INV-52574,410,2,,820
Direct,329,26-Jul,Kandy Food Corner,Negombo,INV-52575,410,1,,410
Direct,330,26-Jul,Bread Cart Muddaragama,Negombo,INV-52578,410,11,,"4,510"
Direct,331,26-Jul,Big Nana Biriyani House,Negombo,INV-52580,410,1,,410
Direct,332,26-Jul,Cool Feel Hotel,Negombo,INV-52586,410,1,,410
Direct,333,26-Jul,Toro talk of the town,Negombo,INV-52589,410,9,,"3,690"
Direct,334,26-Jul,Teachers Choice,Negombo,INV-52596,410,6,,"2,460"
Direct,335,26-Jul,One Bambo Hotel,Negombo,INV-52597,410,1,,410
Direct,336,26-Jul,Cafe Cassendro,Negombo,INV-52600,410,1,,410
Direct,337,26-Jul,Leonardo by Bella Vita Italian restaurant,Negombo,INV-52602,410,4,,"1,640"
Direct,338,28-Jul,Spar Seeduwa,Negombo,AGT2404506,410,2,,820
Direct,339,28-Jul,Calton Factory Katana,Negombo,AGT2404507,410,6,,"2,460"
Direct,340,28-Jul,Trust Lanka Suppliers PVT LTD,Negombo,AGT2404516,410,2,,820
Direct,341,28-Jul,Light House,Negombo,INV-52608,410,3,,"1,230"
Direct,342,28-Jul,Aradhana Food Solutions (Pvt) Ltd,Negombo,INV-52609,410,3,,"1,230"
Direct,343,28-Jul,Pasindu Caters,Negombo,INV-52611,410,6,,"2,460"
Direct,344,28-Jul,Supun Hotel (Kelum Stores),Negombo,INV-52614,410,1,,410
Direct,345,28-Jul,Cinnamon Resi (Zigma Distributor),Negombo,INV-52622,410,2,,820
Direct,346,28-Jul,Gemunu Hotel,Negombo,INV-52624,410,1,,410
Direct,347,28-Jul,Best Bite Resturant,Negombo,INV-52628,410,2,,820
Direct,348,28-Jul,Gehan Bake House,Negombo,INV-52633,410,1,,410
Direct,349,28-Jul,Nihal Hotel,Negombo,INV-52636,410,1,,410
Direct,350,28-Jul,Land of Kings Winterfell,Negombo,INV-52637,410,3,,"1,230"
Direct,351,28-Jul,Peach Net - Katunayake,Negombo,INV-52640,410,2,,820
Direct,352,28-Jul,Jenat Hotel (I.S Distributor / K.G.M),Negombo,INV-52641,410,5,,"2,050"
Direct,353,28-Jul,Peach Net - Katunayake,Negombo,INV-52642,410,2,,820
Direct,354,28-Jul,Nimsara Hotel,Negombo,INV-52647,410,1,,410
Direct,355,28-Jul,Isuru Caters Pvt Ltd (Leopards) - Gampaha,Negombo,INV-52648,410,5,,"2,050"
Direct,356,28-Jul,Amoda Ranketh Hotel - Akaragama,Negombo,INV-52649,410,1,,410
Direct,357,28-Jul,Flavours Resturant,Negombo,INV-52650,410,1,,410
Direct,358,28-Jul,Sooriya Cafe & Family Resturant - Badalgama,Negombo,INV-52652,410,2,,820
Direct,359,28-Jul,Asiri Bakers,Negombo,INV-52654,410,1,,410
Direct,360,28-Jul,Lavonra Catering Service,Negombo,INV-52658,410,10,,"4,100"
Direct,361,28-Jul,Guruge Hotel - Miriswatta,Negombo,INV-52661,410,1,,410
Direct,362,28-Jul,Lakshman Bakers,Negombo,INV-52664,410,1,,410
Direct,363,28-Jul,Nethmi Foods,Negombo,INV-52677,410,2,,820
Direct,364,28-Jul,Rasa Bojun - Gampaha,Negombo,INV-52681,410,1,,410
Direct,365,28-Jul,Divashi Sinhala Hotel,Negombo,INV-52683,410,1,,410
Direct,366,28-Jul,CP Caters - Gampaha,Negombo,INV-52684,410,4,,"1,640"
Direct,367,28-Jul,Sundaragma,Negombo,INV-52687,410,4,,"1,640"
Direct,368,28-Jul,Dinushan Hotel & Fruit Center,Negombo,INV-52688,410,3,,"1,230"
Direct,369,28-Jul,Pabasara Dine Family Resturant - Udugampola,Negombo,INV-52689,410,1,,410
Direct,370,28-Jul,Mahaweli Hotel,Negombo,INV-52690,410,3,,"1,230"
Direct,371,28-Jul,Mr Mayoo,Negombo,INV-52693,410,1,,410
Direct,372,28-Jul,Happy Bright Hotel,Negombo,INV-52695,410,1,,410
Direct,373,28-Jul,Chef King Cafe & Restaurant - Minuwangoda,Negombo,INV-52699,410,2,,820
Direct,374,28-Jul,Pradeep Hotel,Negombo,INV-52700,410,1,,410
Direct,375,28-Jul,Airport City Hotel - Katunayaka,Negombo,INV-52702,410,28,,"11,480"
Direct,376,28-Jul,New Tamarind Tree,Negombo,INV-52705,410,2,,820
Direct,377,29-Jul,TTJ Those,Negombo,INV-52708,410,4,,"1,640"
Direct,378,29-Jul,Candenlla Foods,Negombo,INV-52709,410,1,,410
Direct,379,29-Jul,Sumith Hotel,Negombo,INV-52710,410,1,,410
Direct,380,29-Jul,N N Food (Pranee Vehicle),Negombo,INV-52711,410,1,,410
Direct,381,29-Jul,Priyashanthi Hotel,Negombo,INV-52712,410,1,,410
Direct,382,29-Jul,Cafe two 88,Negombo,INV-52713,410,1,,410
Direct,383,29-Jul,Kandy Food Corner,Negombo,INV-52715,410,1,,410
Direct,384,29-Jul,Negombo Hotel,Negombo,INV-52717,410,2,,820
Direct,385,29-Jul,Tanganiya Resturant,Negombo,INV-52720,410,1,,410
Direct,386,29-Jul,Gemi Gedara,Negombo,INV-52721,410,1,,410
Direct,387,29-Jul,One Bambo Hotel,Negombo,INV-52722,410,2,,820
Direct,388,29-Jul,Udaya Bakery,Negombo,INV-52723,410,4,,"1,640"
Direct,389,29-Jul,Castle Family (Nirosh Resturant),Negombo,INV-52724,410,1,,410
Direct,390,29-Jul,Hattiya - Kattuwa,Negombo,INV-52725,410,1,,410
Direct,391,29-Jul,Deshaka Bakers,Negombo,INV-52728,410,2,,820
Direct,392,29-Jul,Teachers Choice,Negombo,INV-52729,410,10,,"4,100"
Direct,393,29-Jul,Wasana Cake,Negombo,INV-52734,410,7,,"2,870"
Direct,394,29-Jul,Those Kade - Ja Ela (Dosai Kade),Negombo,INV-52735,410,1,,410
Direct,395,29-Jul,Thissera Bakery,Negombo,INV-52736,410,2,,820
Direct,396,29-Jul,Ocean La Banquets (Kochchi Family Resturant),Negombo,INV-52737,410,3,,"1,230"
Direct,397,29-Jul,Prasara Washing Plant,Negombo,INV-52740,410,3,,"1,230"
Direct,398,29-Jul,Saminro Reception Hall - Kadawatha,Negombo,INV-52742,410,10,,"4,100"
Direct,399,29-Jul,Aurion Cabans,Negombo,INV-52743,410,1,,410
Direct,400,29-Jul,Star Hotel & Cool Spot,Negombo,INV-52744,410,3,,"1,230"
Direct,401,29-Jul,Star Hotel & Cool Spot,Negombo,INV-52745,410,1,,410
Direct,402,29-Jul,Induruwa Caters,Negombo,INV-52746,410,13,,"5,330"
Direct,403,29-Jul,New Tajmahal Hotel,Negombo,INV-52748,410,2,,820
Direct,404,29-Jul,Madara Bakery,Negombo,INV-52749,410,1,,410
Direct,405,29-Jul,Jayalanka Hotel,Negombo,INV-52750,410,2,,820
Direct,406,29-Jul,Rosa Food,Negombo,INV-52751,410,1,,410
Direct,407,29-Jul,Chinthaka Hotel,Negombo,INV-52752,410,5,,"2,050"
Direct,408,29-Jul,Saffron Resturant - Welisara,Negombo,INV-52753,410,2,,820
Direct,409,29-Jul,Oven Fresh Bakery & Cafe,Negombo,INV-52754,410,1,,410
Direct,410,29-Jul,Roast Chicken - Kadana (Verona Resturant),Negombo,INV-52756,410,2,,820
Direct,411,29-Jul,Optimum Restaurant,Negombo,INV-52758,410,1,,410
Direct,412,29-Jul,Prasanna Bakery,Negombo,INV-52760,410,2,,820
Direct,413,29-Jul,The Point - Kurana (Caveman Resturant),Negombo,INV-52761,410,2,,820
Direct,414,29-Jul,St. Mary's Bakery And Grocery,Negombo,INV-52762,410,3,,"1,230"
Direct,415,29-Jul,Dolphin Hotel,Negombo,INV-52766,410,3,,"1,230"
Direct,416,29-Jul,Rich Table Family Restaurant,Negombo,INV-52767,410,2,,820
Direct,417,29-Jul,Dinithi Baker’s,Negombo,INV-52770,410,6,,"2,460"
Direct,418,30-Jul,Arie Lagoon,Negombo,AGT2404527,410,1,,410
Direct,419,30-Jul,Earl's Regent Negombo,Negombo,AGT2404530,410,2,,820
Direct,420,30-Jul,Nayomie's Resturant,Negombo,AGT2404531,410,10,,"4,100"
Direct,421,30-Jul,Aradhana Food Solutions (Pvt) Ltd,Negombo,INV-52771,410,2,,820
Direct,422,30-Jul,Greens Corner - Negombo (Nafan Hotel),Negombo,INV-52772,410,4,,"1,640"
Direct,423,30-Jul,Ranjith Hotel,Negombo,INV-52773,410,1,,410
Direct,424,30-Jul,St. Joseph Hotel,Negombo,INV-52774,410,1,,410
Direct,425,30-Jul,Gami Rasa,Negombo,INV-52775,410,1,,410
Direct,426,30-Jul,Negombo Cafe,Negombo,INV-52778,410,5,,"2,050"
Direct,427,30-Jul,Ajmeer Hotel,Negombo,INV-52779,410,4,,"1,640"
Direct,428,30-Jul,Hotel Blooming,Negombo,INV-52780,410,3,,"1,230"
Direct,429,30-Jul,Rizan Tea Corner,Negombo,INV-52781,410,1,,410
Direct,430,30-Jul,Rizan Tea Corner,Negombo,INV-52782,410,1,,410
Direct,431,30-Jul,Paradise Hotel,Negombo,INV-52783,410,2,,820
Direct,432,30-Jul,Senuri Grand Castello,Negombo,INV-52784,410,12,,"4,920"
Direct,433,30-Jul,New Rest House,Negombo,INV-52785,410,2,,820
Direct,434,30-Jul,Jega Food,Negombo,INV-52786,410,1,,410
Direct,435,30-Jul,St Anne Bakery,Negombo,INV-52788,410,2,,820
Direct,436,30-Jul,RR Hotel,Negombo,INV-52792,410,1,,410
Direct,437,30-Jul,Martin Restaurant & Pizza Lab,Negombo,INV-52793,410,2,,820
Direct,438,30-Jul,The West Town,Negombo,INV-52794,410,1,,410
Direct,439,30-Jul,Fabric Spar,Negombo,INV-52798,410,1,,410
Direct,440,30-Jul,Royal Family Hub,Negombo,INV-52802,410,1,,410
Direct,441,30-Jul,Rani Beach Resort,Negombo,INV-52803,410,1,,410
Direct,442,30-Jul,Ammeehulla Resturant,Negombo,INV-52804,410,1,,410
Direct,443,30-Jul,Bread Cart Muddaragama,Negombo,INV-52805,410,12,,"4,920"
Direct,444,30-Jul,Cafe Cassendro,Negombo,INV-52806,410,2,,820
Direct,445,30-Jul,Oyama Catering,Negombo,INV-52807,410,5,,"2,050"
Direct,446,30-Jul,Fish & Chips,Negombo,INV-52808,410,1,,410
Direct,447,31-Jul,Praneetha Rasa Bojun - Kurana,Negombo,INV-52821,410,1,,410
Direct,448,31-Jul,Pasindu Caters,Negombo,INV-52822,410,2,,820
Direct,449,31-Jul,Anura Cafe,Negombo,INV-52823,410,1,,410
Direct,450,31-Jul,Dolphin Hotel,Negombo,INV-52826,410,4,,"1,640"
Direct,451,31-Jul,Nihal Hotel,Negombo,INV-52828,410,5,,"2,050"
Direct,452,31-Jul,Jenat Hotel (I.S Distributor / K.G.M),Negombo,INV-52829,410,2,,820
Direct,453,31-Jul,Mahaweli Hotel,Negombo,INV-52830,410,1,,410
Direct,454,31-Jul,Divya Hotel,Negombo,INV-52831,410,1,,410
Direct,455,31-Jul,Wijerathna Bakery,Negombo,INV-52832,410,2,,820
Direct,456,31-Jul,Sooriya Cafe & Family Resturant - Badalgama,Negombo,INV-52834,410,1,,410
Direct,457,31-Jul,Aruna Hotel,Negombo,INV-52835,410,4,,"1,640"
Direct,458,31-Jul,Golden Bird Bakers,Negombo,INV-52842,410,11,,"4,510"
Direct,459,31-Jul,Chef King Cafe & Restaurant - Minuwangoda,Negombo,INV-52845,410,2,,820
Direct,460,31-Jul,Nimal Rathna Bojun Hala,Negombo,INV-52846,410,1,,410
Direct,461,31-Jul,Muthu Hotel & Catering Service,Negombo,INV-52849,410,1,,410
Direct,462,31-Jul,Gemunu Hotel,Negombo,INV-52854,410,1,,410
Direct,463,31-Jul,New Tamarind Tree,Negombo,INV-52861,410,6,,"2,460"
Direct,464,31-Jul,Flavours Resturant,Negombo,INV-52862,410,3,,"1,230"
Direct,465,31-Jul,Divashi Sinhala Hotel,Negombo,INV-52867,410,1,,410
Direct,466,31-Jul,Nethmi Foods,Negombo,INV-52874,410,2,,820
Direct,467,31-Jul,Athiliya,Negombo,INV-52875,410,2,,820
Direct,468,31-Jul,Rosa Food,Negombo,INV-52876,410,1,,410
Direct,1,1-Aug,Light House,Negombo,INV-52879,410,2,,820
Direct,2,1-Aug,Aradhana Food Solutions (Pvt) Ltd,Negombo,INV-52880,410,3,,"1,230"
Direct,3,1-Aug,Kanchana Food Center,Negombo,INV-52881,410,8,,"3,280"
Direct,4,1-Aug,Thora House,Negombo,INV-52882,410,2,,820
Direct,5,1-Aug,Sisila Hotel,Negombo,INV-52883,410,1,,410
Direct,6,1-Aug,Sandali Bakery,Negombo,INV-52884,410,2,,820
Direct,7,1-Aug,CN Caters (Game Kade),Negombo,INV-52886,410,2,,820
Direct,8,1-Aug,Best Bite Resturant,Negombo,INV-52888,410,3,,"1,230"
Direct,9,1-Aug,Che Resturant,Negombo,INV-52890,410,2,,820
Direct,10,1-Aug,Full Moon Restaurant - Makadura,Negombo,INV-52891,410,1,,410
Direct,11,1-Aug,Land of Kings Winterfell,Negombo,INV-52892,410,4,,"1,640"
Direct,12,1-Aug,Priyashanthi Hotel,Negombo,INV-52893,410,1,,410
Direct,13,1-Aug,Land of Kings Winterfell,Negombo,INV-52894,410,1,,410
Direct,14,1-Aug,Gihan Bakers - Makadura,Negombo,INV-52895,410,1,,410
Direct,15,1-Aug,Isuru Caters Pvt Ltd (Leopards) - Gampaha,Negombo,INV-52897,410,5,,"2,050"
Direct,16,1-Aug,TTJ Those,Negombo,INV-52898,410,2,,820
Direct,17,1-Aug,Asiri Bakers,Negombo,INV-52899,410,5,,"2,050"
Direct,18,1-Aug,Shanelo Hotel - Ettukala,Negombo,INV-52902,410,1,,410
Direct,19,1-Aug,NC Hotel,Negombo,INV-52903,410,4,,"1,640"
Direct,20,1-Aug,New Tajmahal Hotel,Negombo,INV-52905,410,4,,"1,640"
Direct,21,1-Aug,Waves By Tranquil Hotel Negombo,Negombo,INV-52906,410,2,,820
Direct,22,1-Aug,Zam Zam Hotel,Negombo,INV-52910,410,3,,"1,230"
Direct,23,1-Aug,Fresh Bakers - Gampaha,Negombo,INV-52911,410,1,,410
Direct,24,1-Aug,Tanganiya Resturant,Negombo,INV-52914,410,1,,410
Direct,25,1-Aug,Sethsawi Banquet Hall,Negombo,INV-52915,410,3,,"1,230"
Direct,26,1-Aug,Udaya Bakery,Negombo,INV-52921,410,2,,820
Direct,27,1-Aug,Memento Guest House,Negombo,INV-52922,410,1,,410
Direct,28,1-Aug,Teachers Choice,Negombo,INV-52924,410,6,,"2,460"
Direct,29,1-Aug,Dr. Food Resturant- Gampaha,Negombo,INV-52926,410,1,,410
Direct,30,1-Aug,Thunhela Rasahala - Dambadeniya,Negombo,INV-52927,410,1,,410
Direct,31,1-Aug,Sundaragma,Negombo,INV-52928,410,2,,820
Direct,32,1-Aug,Pabasara Dine Family Resturant - Udugampola,Negombo,INV-52930,410,2,,820
Direct,33,1-Aug,Deshaka Bakers,Negombo,INV-52931,410,2,,820
Direct,34,1-Aug,Saminro Reception Hall - Kadawatha,Negombo,INV-52933,410,12,,"4,920"
Direct,35,1-Aug,Thushara Bake House,Negombo,INV-52939,410,1,,410
Direct,36,1-Aug,Priyantha Sweets,Negombo,INV-52942,410,3,,"1,230"
Direct,37,1-Aug,Suranga Caters,Negombo,INV-52944,410,6,,"2,460"
Direct,38,1-Aug,Happy Bright Hotel,Negombo,INV-52945,410,2,,820
Direct,39,1-Aug,Nugara Hotel,Negombo,INV-52949,410,2,,820
Direct,40,1-Aug,Lotus Leaf (Dassanayake Hotel),Negombo,INV-52950,410,11,,"4,510"
Direct,41,1-Aug,Chinthaka Hotel,Negombo,INV-52951,410,5,,"2,050"
Direct,42,1-Aug,Rosa Food,Negombo,INV-52952,410,2,,820
Direct,43,2-Aug,Airport City Hotel - Katunayaka,Negombo,INV-52965,410,8,,"3,280"
Direct,44,2-Aug,Dolphin Hotel,Negombo,INV-52968,410,2,,820
Direct,45,4-Aug,Nayomie's Resturant,Negombo,AGT2404564,410,7,,"2,870"
Direct,46,4-Aug,MAG Pvt Ltd,Negombo,AGT2404568,410,1,,410
Direct,47,4-Aug,Light House,Negombo,INV-52977,410,2,,820
Direct,48,4-Aug,Aradhana Food Solutions (Pvt) Ltd,Negombo,INV-52978,410,4,,"1,640"
Direct,49,4-Aug,Thilak Senanayaka Bakery,Negombo,INV-52981,410,2,,820
Direct,50,4-Aug,Greens Corner - Negombo (Nafan Hotel),Negombo,INV-52982,410,3,,"1,230"
Direct,51,4-Aug,Sisil Sewana,Negombo,INV-52986,410,1,,410
Direct,52,4-Aug,Sabith Cafe,Negombo,INV-52988,410,1,,410
Direct,53,4-Aug,Negombo Cafe,Negombo,INV-52991,410,3,,"1,230"
Direct,54,4-Aug,Ajmeer Hotel,Negombo,INV-52994,410,2,,820
Direct,55,4-Aug,Rizan Tea Corner,Negombo,INV-52996,410,1,,410
Direct,56,4-Aug,Senuri Grand Castello,Negombo,INV-52997,410,7,,"2,870"
Direct,57,4-Aug,Candenlla Foods,Negombo,INV-52998,410,1,,410
Direct,58,4-Aug,Bombe Sweet Palace,Negombo,INV-52999,410,10,,"4,100"
Direct,59,4-Aug,LM Luckymo,Negombo,INV-53001,410,4,,"1,640"
Direct,60,4-Aug,LM Luckymo,Negombo,INV-53003,410,2,,820
Direct,61,4-Aug,Paradise Hotel,Negombo,INV-53005,410,1,,410
Direct,62,4-Aug,TTJ Those,Negombo,INV-53008,410,3,,"1,230"
Direct,63,4-Aug,New Rest House,Negombo,INV-53011,410,1,,410
Direct,64,4-Aug,Brix Resturant & Cafe,Negombo,INV-53016,410,3,,"1,230"
Direct,65,4-Aug,Cafe two 88,Negombo,INV-53020,410,3,,"1,230"
Direct,66,4-Aug,Kandy Food Corner,Negombo,INV-53026,410,1,,410
Direct,67,4-Aug,Black Nine Resturant,Negombo,INV-53037,410,1,,410
Direct,68,4-Aug,New Sea Villa,Negombo,INV-53045,410,2,,820
Direct,69,4-Aug,Leonardo by Bella Vita Italian restaurant,Negombo,INV-53054,410,6,,"2,460"
Direct,70,4-Aug,Thissera Bakery,Negombo,INV-53060,410,3,,"1,230"
Direct,71,4-Aug,Bread Cart Muddaragama,Negombo,INV-53065,410,12,,"4,920"
Direct,72,4-Aug,Sameera Bakery,Negombo,INV-53067,410,12,,"4,920"
Direct,73,4-Aug,Jayalath Traders,Negombo,INV-53069,410,4,,"1,640"
Direct,74,4-Aug,Mathara Bath Kade - Ja Ela,Negombo,INV-53074,410,2,,820
Direct,75,4-Aug,Mathara Bath Kade - Ja Ela,Negombo,INV-53076,410,1,,410
Direct,76,4-Aug,Madu Manjula,Negombo,INV-53077,410,3,,"1,230"
Direct,77,4-Aug,Kamilka Family Restaurant,Negombo,INV-53082,410,2,,820
Direct,78,4-Aug,Coronation Restaurant & Bar,Negombo,INV-53083,410,2,,820
Direct,79,4-Aug,Madara Bakery,Negombo,INV-53084,410,2,,820
Direct,80,4-Aug,St. Joseph Reception Hall,Negombo,INV-53087,410,7,,"2,870"
Direct,81,4-Aug,Game Cafe - Ragama,Negombo,INV-53088,410,1,,410
Direct,82,4-Aug,Saffron Resturant - Welisara,Negombo,INV-53091,410,4,,"1,640"
Direct,83,4-Aug,Shine Resturant,Negombo,INV-53093,410,1,,410
Direct,84,4-Aug,Roast Chicken - Kadana (Verona Resturant),Negombo,INV-53099,410,2,,820
Direct,85,4-Aug,Barista Hotel,Negombo,INV-53104,410,2,,820
Direct,86,4-Aug,Divashi Sinhala Hotel,Negombo,INV-53106,410,2,,820
Direct,87,4-Aug,Lagoon Deck,Negombo,INV-53112,410,1,,410
Direct,88,4-Aug,New Tamarind Tree,Negombo,INV-53113,410,7,,"2,870"
Direct,89,4-Aug,Airport City Hotel - Katunayaka,Negombo,INV-53114,410,14,,"5,740"
Direct,90,4-Aug,Dinushan Hotel & Fruit Center,Negombo,INV-53115,410,6,,"2,460"
Direct,91,4-Aug,Nimal Rathna Bojun Hala,Negombo,INV-53116,410,1,,410
Direct,92,5-Aug,Calton Factory Katana,Negombo,AGT2404579,410,9,,"3,690"
Direct,93,5-Aug,Spar Seeduwa,Negombo,AGT2404581,410,1,,410
Direct,94,5-Aug,Nihal Hotel,Negombo,INV-53124,410,2,,820
Direct,95,5-Aug,Raneesha Bakers,Negombo,INV-53125,410,1,,410
Direct,96,5-Aug,Jenat Hotel (I.S Distributor / K.G.M),Negombo,INV-53128,410,4,,"1,640"
Direct,97,5-Aug,Nimsara Hotel,Negombo,INV-53129,410,1,,410
Direct,98,5-Aug,Divya Hotel,Negombo,INV-53130,410,1,,410
Direct,99,5-Aug,Peach Net - Katunayake,Negombo,INV-53132,410,3,,"1,230"
Direct,100,5-Aug,Amoda Ranketh Hotel - Akaragama,Negombo,INV-53133,410,1,,410
Direct,101,5-Aug,Sooriya Cafe & Family Resturant - Badalgama,Negombo,INV-53137,410,1,,410
Direct,102,5-Aug,Aruna Hotel,Negombo,INV-53140,410,2,,820
Direct,103,5-Aug,Gemunu Hotel,Negombo,INV-53148,410,1,,410
Direct,104,5-Aug,One Bambo Hotel,Negombo,INV-53159,410,3,,"1,230"
Direct,105,5-Aug,Cinnamon Resi (Zigma Distributor),Negombo,INV-53161,410,2,,820
Direct,106,5-Aug,Siriduwa Hotel - Seeduwa,Negombo,INV-53167,410,1,,410
Direct,107,5-Aug,Sisila Hotel,Negombo,INV-53169,410,1,,410
Direct,108,5-Aug,Mr Mayoo,Negombo,INV-53178,410,1,,410
Direct,109,5-Aug,Best Bite Resturant,Negombo,INV-53182,410,3,,"1,230"
Direct,110,5-Aug,Wijerathna Bakery,Negombo,INV-53184,410,1,,410
Direct,111,5-Aug,Chef King Cafe & Restaurant - Minuwangoda,Negombo,INV-53189,410,2,,820
Direct,112,5-Aug,Land of Kings Winterfell,Negombo,INV-53192,410,3,,"1,230"
Direct,113,5-Aug,Asiri Bakers,Negombo,INV-53200,410,2,,820
Direct,114,5-Aug,Tango Bake House,Negombo,INV-53206,410,2,,820
Direct,115,5-Aug,Nethmi Foods,Negombo,INV-53213,410,1,,410
Direct,116,5-Aug,Sandamali Bakers & Hotel,Negombo,INV-53217,410,7,,"2,870"
Direct,117,5-Aug,Grand Star Resort,Negombo,INV-53233,410,5,,"2,050"
Direct,118,5-Aug,Fresh Bakers - Gampaha,Negombo,INV-53239,410,1,,410
Direct,119,5-Aug,Chef King - Kurana,Negombo,INV-53242,410,3,,"1,230"
Direct,120,5-Aug,The Point Resturant - Negombo,Negombo,INV-53246,410,3,,"1,230"
Direct,121,5-Aug,Thora House,Negombo,INV-53248,410,2,,820
Direct,122,5-Aug,Caya Hotel,Negombo,INV-53249,410,1,,410
Direct,123,5-Aug,N N Food (Pranee Vehicle),Negombo,INV-53250,410,1,,410
Direct,124,5-Aug,Rashanee Chinese Restaurant - Gampaha,Negombo,INV-53251,410,2,,820
Direct,125,5-Aug,Priyashanthi Hotel,Negombo,INV-53252,410,1,,410
Direct,126,5-Aug,NR Foods,Negombo,INV-53253,410,1,,410
Direct,127,5-Aug,Zam Zam Hotel,Negombo,INV-53254,410,3,,"1,230"
Direct,128,5-Aug,Sundaragma,Negombo,INV-53255,410,2,,820
Direct,129,5-Aug,Negombo Hotel,Negombo,INV-53256,410,2,,820
Direct,130,5-Aug,Chill Bro,Negombo,INV-53257,410,4,,"1,640"
Direct,131,5-Aug,Happy Bright Hotel,Negombo,INV-53258,410,1,,410
Direct,132,5-Aug,Cool Feel Hotel,Negombo,INV-53259,410,3,,"1,230"
Direct,133,5-Aug,Teachers Choice,Negombo,INV-53261,410,7,,"2,870"
Direct,134,5-Aug,LJ Bakery,Negombo,INV-53263,410,2,,820
Direct,135,6-Aug,Divya Hotel,Negombo,INV-53271,410,1,,410
Direct,136,6-Aug,Filo tex,Negombo,INV-53275,410,1,,410
Direct,137,6-Aug,Dinithi Baker’s,Negombo,INV-53278,410,5,,"2,050"
Direct,138,6-Aug,Pasindu Caters,Negombo,INV-53280,410,3,,"1,230"
Direct,139,6-Aug,Rich Table Family Restaurant,Negombo,INV-53286,410,3,,"1,230"
Direct,140,6-Aug,La Queens Banquet,Negombo,INV-53288,410,1,,410
Direct,141,6-Aug,Saminro Reception Hall - Kadawatha,Negombo,INV-53289,410,14,,"5,740"
Direct,142,6-Aug,Udaya Bakery,Negombo,INV-53296,410,5,,"2,050"
Direct,143,6-Aug,Hattiya - Kattuwa,Negombo,INV-53301,410,1,,410
Direct,144,6-Aug,Sethsawi Banquet Hall,Negombo,INV-53304,410,4,,"1,640"
Direct,145,6-Aug,Star Hotel & Cool Spot,Negombo,INV-53310,410,2,,820
Direct,146,6-Aug,New Tajmahal Hotel,Negombo,INV-53312,410,4,,"1,640"
Direct,147,6-Aug,NC Hotel,Negombo,INV-53320,410,2,,820
Direct,148,6-Aug,Bakeland Grand,Negombo,INV-53360,410,2,,820
Direct,149,6-Aug,Aurion Cabans,Negombo,INV-53371,410,1,,410
Direct,150,6-Aug,Oreeka Hotels - Kandawala,Negombo,INV-53377,410,5,,"2,050"
Direct,151,6-Aug,Renolika Hotel,Negombo,INV-53382,410,2,,820
Direct,152,6-Aug,Wasana Cake,Negombo,INV-53387,410,7,,"2,870"
Direct,153,6-Aug,Aradhana Food Solutions (Pvt) Ltd,Negombo,INV-53391,410,3,,"1,230"
Direct,154,6-Aug,One Rice - Giriulla,Negombo,INV-53395,410,5,,"2,050"
Direct,155,6-Aug,Martin Restaurant & Pizza Lab,Negombo,INV-53398,410,4,,"1,640"
Direct,156,6-Aug,Thunhela Rasahala - Dambadeniya,Negombo,INV-53399,410,2,,820
Direct,157,6-Aug,TTJ Those,Negombo,INV-53402,410,3,,"1,230"
Direct,158,7-Aug,DNS Holding Grandeeza Hotel,Negombo,AGT2404612,410,1,,410
Direct,159,7-Aug,Gemunu Hotel,Negombo,INV-53457,410,1,,410
Direct,160,7-Aug,Peach Net - Katunayake,Negombo,INV-53467,410,1,,410
Direct,161,7-Aug,Adisha Stores,Negombo,INV-53471,410,1,,410
Direct,162,7-Aug,Siriduwa Hotel - Seeduwa,Negombo,INV-53474,410,1,,410
Direct,163,7-Aug,Mahaweli Hotel,Negombo,INV-53552,410,1,,410
Direct,164,7-Aug,Cafe two 88,Negombo,INV-53441,410,1,,410
Direct,165,7-Aug,Castle Family (Nirosh Resturant),Negombo,INV-53483,410,1,,410
Direct,166,7-Aug,Those Kade - Ja Ela (Dosai Kade),Negombo,INV-53494,410,1,,410
Direct,167,7-Aug,Game Cafe - Ragama,Negombo,INV-53524,410,1,,410
Direct,168,7-Aug,Roast Chicken - Kadana (Verona Resturant),Negombo,INV-53534,410,1,,410
Direct,169,7-Aug,Pathima Food,Negombo,INV-53559,410,1,,410
Direct,170,7-Aug,OHL Restaurant,Negombo,INV-53416,410,1,,410
Direct,171,7-Aug,Ranaveera Foods,Negombo,INV-53427,410,1,,410
Direct,172,7-Aug,Muthu Hotel & Catering Service,Negombo,INV-53540,410,1,,410
Direct,173,7-Aug,New Tamarind Tree,Negombo,INV-53490,410,2,,820
Direct,174,7-Aug,Nethmi Foods,Negombo,INV-53496,410,2,,820
Direct,175,7-Aug,Mathara Bath Kade - Ja Ela,Negombo,INV-53502,410,2,,820
Direct,176,7-Aug,Prasanna Bakery,Negombo,INV-53541,410,2,,820
Direct,177,7-Aug,Keshan Food (C & L Bakery),Negombo,INV-53555,410,2,,820
Direct,178,7-Aug,Weligampitiya Hotel,Negombo,INV-53562,410,2,,820
Direct,179,7-Aug,Hot Meal,Negombo,INV-53563,410,2,,820
Direct,180,7-Aug,St. Mary's Bakery And Grocery,Negombo,INV-53556,410,3,,"1,230"
Direct,181,7-Aug,Deshaka Bakers,Negombo,INV-53519,410,3,,"1,230"
Direct,182,7-Aug,Toro talk of the town,Negombo,AGDPL127608,410,3,,"1,230"
Direct,183,7-Aug,Saffron Resturant - Welisara,Negombo,INV-53525,410,4,,"1,640"
Direct,184,7-Aug,Hotel Blooming,Negombo,INV-53421,410,4,,"1,640"
Direct,185,7-Aug,Bread Cart Muddaragama,Negombo,INV-53482,410,4,,"1,640"
Direct,186,7-Aug,Miracle Dome,Negombo,INV-53512,410,12,,"4,920"
Direct,187,7-Aug,Airport City Hotel - Katunayaka,Negombo,INV-53504,410,20,,"8,200"
Direct,188,8-Aug,Rosa Food,Negombo,INV-53574,410,1,,410
Direct,189,8-Aug,Light House,Negombo,INV-53584,410,2,,820
Direct,190,8-Aug,NR Foods,Negombo,INV-53588,410,2,,820
Direct,191,8-Aug,La Pizzaria,Negombo,INV-53596,410,2,,820
Direct,192,8-Aug,TTJ Those,Negombo,INV-53602,410,2,,820
Direct,193,8-Aug,Big Nana Biriyani House,Negombo,INV-53606,410,1,,410
Direct,194,8-Aug,Negombo Hotel,Negombo,INV-53610,410,2,,820
Direct,195,8-Aug,Tanganiya Resturant,Negombo,INV-53612,410,1,,410
Direct,196,8-Aug,Gemi Gedara,Negombo,INV-53613,410,1,,410
Direct,197,8-Aug,Udaya Bakery,Negombo,INV-53617,410,1,,410
Direct,198,8-Aug,LJ Bakery,Negombo,INV-53620,410,1,,410
Direct,199,8-Aug,Teachers Choice,Negombo,INV-53626,410,4,,"1,640"
Direct,200,8-Aug,Ocean La Banquets (Kochchi Family Resturant),Negombo,INV-53639,410,1,,410
Direct,201,8-Aug,Suranga Caters,Negombo,INV-53644,410,6,,"2,460"
Direct,202,8-Aug,Lotus Leaf (Dassanayake Hotel),Negombo,INV-53648,410,6,,"2,460"
Direct,203,9-Aug,Nayomie's Resturant,Negombo,AGT2404635,410,10,,"4,100"
Direct,204,9-Aug,Athiliya,Negombo,INV-53660,410,1,,410
Direct,205,9-Aug,Nihal Hotel,Negombo,INV-53661,410,3,,"1,230"
Direct,206,9-Aug,Flavours Resturant,Negombo,INV-53664,410,2,,820
Direct,207,9-Aug,Jenat Hotel (I.S Distributor / K.G.M),Negombo,INV-53665,410,5,,"2,050"
Direct,208,9-Aug,Golden Bird Bakers,Negombo,INV-53672,410,13,,"5,330"
Direct,209,9-Aug,Lavonra Catering Service,Negombo,INV-53674,410,9,,"3,690"
Direct,210,9-Aug,Greens Corner - Negombo (Nafan Hotel),Negombo,INV-53682,410,3,,"1,230"
Direct,211,9-Aug,Ranjith Hotel,Negombo,INV-53684,410,1,,410
Direct,212,9-Aug,Tharaka Bath Kade,Negombo,INV-53688,410,1,,410
Direct,213,9-Aug,Real Bombay Sweets,Negombo,INV-53693,410,1,,410
Direct,214,9-Aug,Raheemiya Hotel,Negombo,INV-53694,410,1,,410
Direct,215,9-Aug,Ajmeer Hotel,Negombo,INV-53698,410,2,,820
Direct,216,9-Aug,SS Beach Cafe,Negombo,INV-53699,410,3,,"1,230"
Direct,217,9-Aug,The Grill Master,Negombo,INV-53701,410,2,,820
Direct,218,9-Aug,Coronation Restaurant & Bar,Negombo,INV-53707,410,2,,820
Direct,219,9-Aug,Bombe Sweet Palace,Negombo,INV-53711,410,10,,"4,100"
Direct,220,9-Aug,New Rest House,Negombo,INV-53716,410,2,,820
Direct,221,9-Aug,Best Bite Resturant,Negombo,INV-53722,410,2,,820
Direct,222,9-Aug,Martin Restaurant & Pizza Lab,Negombo,INV-53735,410,2,,820
Direct,223,9-Aug,Land of Kings Winterfell,Negombo,INV-53737,410,5,,"2,050"
Direct,224,9-Aug,St Anne Bakery,Negombo,INV-53738,410,2,,820
Direct,225,9-Aug,Isuru Caters Pvt Ltd (Leopards) - Gampaha,Negombo,INV-53746,410,5,,"2,050"
Direct,226,9-Aug,Asiri Bakers,Negombo,INV-53750,410,2,,820
Direct,227,9-Aug,TTJ Those,Negombo,INV-53757,410,2,,820
Direct,228,9-Aug,Cafe Cassendro,Negombo,INV-53760,410,2,,820
Direct,229,9-Aug,Lakshman Bakers,Negombo,INV-53763,410,1,,410
Direct,230,9-Aug,Waves By Tranquil Hotel Negombo,Negombo,INV-53765,410,1,,410
Direct,231,9-Aug,Fish & Chips,Negombo,INV-53767,410,1,,410
Direct,232,9-Aug,Sea Horse,Negombo,INV-53778,410,1,,410
Direct,233,9-Aug,Rani Beach Resort,Negombo,INV-53782,410,1,,410
Direct,234,9-Aug,Airport City Hotel - Katunayaka,Negombo,INV-53792,410,16,,"6,560"
Direct,235,9-Aug,CP Caters - Gampaha,Negombo,INV-53793,410,3,,"1,230"
Direct,236,9-Aug,Toro talk of the town,Negombo,AGDPL127609,410,3,,"1,230"
Direct,237,9-Aug,Sundaragma,Negombo,INV-53798,410,3,,"1,230"
Direct,238,9-Aug,Pabasara Dine Family Resturant - Udugampola,Negombo,INV-53803,410,1,,410
Direct,239,9-Aug,New Tamarind Tree,Negombo,INV-53804,410,3,,"1,230"
Direct,240,9-Aug,Happy Bright Hotel,Negombo,INV-53806,410,1,,410
Direct,241,9-Aug,Lagoon Deck,Negombo,INV-53814,410,1,,410
Direct,242,9-Aug,Lagoon Deck,Negombo,INV-53815,410,1,,410
Direct,243,9-Aug,Nethmi Foods,Negombo,INV-53817,410,2,,820
Direct,244,9-Aug,One Bambo Hotel,Negombo,INV-53818,410,2,,820
Direct,245,9-Aug,Aradhana Food Solutions (Pvt) Ltd,Negombo,INV-53819,410,3,,"1,230"
Direct,246,11-Aug,Nihal Hotel,Negombo,INV-53825,410,2,,820
Direct,247,11-Aug,Raneesha Bakers,Negombo,INV-53826,410,1,,410
Direct,248,11-Aug,Jenat Hotel (I.S Distributor / K.G.M),Negombo,INV-53827,410,1,,410
Direct,249,11-Aug,Nimsara Hotel,Negombo,INV-53828,410,1,,410
Direct,250,11-Aug,Divya Hotel,Negombo,INV-53829,410,1,,410
Direct,251,11-Aug,Light House,Negombo,INV-53833,410,1,,410
Direct,252,11-Aug,Aradhana Food Solutions (Pvt) Ltd,Negombo,INV-53835,410,2,,820
Direct,253,11-Aug,Zam Zam Hotel,Negombo,INV-53842,410,4,,"1,640"
Direct,254,11-Aug,The Point Resturant - Negombo,Negombo,INV-53850,410,2,,820
Direct,255,11-Aug,One Bambo Hotel,Negombo,INV-53854,410,1,,410
Direct,256,11-Aug,Sisila Hotel,Negombo,INV-53858,410,1,,410
Direct,257,11-Aug,Best Bite Resturant,Negombo,INV-53861,410,1,,410
Direct,258,11-Aug,CN Caters (Game Kade),Negombo,INV-53864,410,1,,410
Direct,259,11-Aug,Che Resturant,Negombo,INV-53867,410,1,,410
Direct,260,11-Aug,Star Steel Limited,Negombo,INV-53869,410,2,,820
Direct,261,11-Aug,Land of Kings Winterfell,Negombo,INV-53871,410,3,,"1,230"
Direct,262,11-Aug,Chef King - Kurana,Negombo,INV-53882,410,3,,"1,230"
Direct,263,11-Aug,Isuru Caters Pvt Ltd (Leopards) - Gampaha,Negombo,INV-53887,410,5,,"2,050"
Direct,264,11-Aug,Asiri Bakers,Negombo,INV-53890,410,1,,410
Direct,265,11-Aug,Pasindu Caters,Negombo,INV-53893,410,1,,410
Direct,266,11-Aug,Guruge Hotel - Miriswatta,Negombo,INV-53898,410,1,,410
Direct,267,11-Aug,Gemunu Hotel,Negombo,INV-53903,410,1,,410
Direct,268,11-Aug,Memento Guest House,Negombo,INV-53910,410,1,,410
Direct,269,11-Aug,Rasa Bojun - Gampaha,Negombo,INV-53912,410,1,,410
Direct,270,11-Aug,Airport City Hotel - Katunayaka,Negombo,INV-53923,410,12,,"4,920"
Direct,271,11-Aug,Sundaragma,Negombo,INV-53926,410,1,,410
Direct,272,11-Aug,Pabasara Dine Family Resturant - Udugampola,Negombo,INV-53927,410,1,,410
Direct,273,11-Aug,Superma Food And Bakers,Negombo,INV-53929,410,16,,"6,560"
Direct,274,11-Aug,Toro talk of the town,Negombo,INV-53930,410,10,,"4,100"
Direct,275,11-Aug,Anura Cafe,Negombo,INV-53938,410,1,,410
Direct,276,11-Aug,Thushara Bake House,Negombo,INV-53942,410,1,,410
Direct,277,11-Aug,Mahaweli Hotel,Negombo,INV-53944,410,2,,820
Direct,278,11-Aug,Chef King Cafe & Restaurant - Minuwangoda,Negombo,INV-53946,410,2,,820
Direct,279,11-Aug,Priyantha Sweets,Negombo,INV-53947,410,3,,"1,230"
Direct,280,11-Aug,Nimal Rathna Bojun Hala,Negombo,INV-53949,410,1,,410
Direct,281,11-Aug,Nethmi Foods,Negombo,INV-53958,410,1,,410
Direct,282,11-Aug,Happy Bright Hotel,Negombo,INV-53959,410,2,,820
Direct,283,11-Aug,Cool Feel Hotel,Negombo,INV-53965,410,1,,410
Direct,284,11-Aug,Pradeep Hotel,Negombo,INV-53966,410,1,,410
Direct,285,12-Aug,Keells Food Product Ekala,Negombo,AGT2404668,410,3,,"1,230"
Direct,286,12-Aug,MAG Pvt Ltd,Negombo,AGT2404671,410,1,,410
Direct,287,12-Aug,Sri Lankan Catering,Negombo,AGT2404675,410,4,,"1,640"
Direct,288,12-Aug,Full Moon Restaurant - Makadura,Negombo,INV-53971,410,1,,410
Direct,289,12-Aug,Gami Rasa,Negombo,INV-53973,410,1,,410
Direct,290,12-Aug,TTJ Those,Negombo,INV-53974,410,3,,"1,230"
Direct,291,12-Aug,TTJ Those,Negombo,INV-53976,410,2,,820
Direct,292,12-Aug,Peach Net - Katunayake,Negombo,INV-53982,410,1,,410
Direct,293,12-Aug,Deshaka Bakers,Negombo,INV-53986,410,2,,820
Direct,294,12-Aug,Wasana Cake,Negombo,INV-53994,410,4,,"1,640"
Direct,295,12-Aug,LM Luckymo,Negombo,INV-53997,410,4,,"1,640"
Direct,296,12-Aug,Siriduwa Hotel - Seeduwa,Negombo,INV-54002,410,2,,820
Direct,297,12-Aug,Thunhela Rasahala - Dambadeniya,Negombo,INV-54004,410,1,,410
Direct,298,12-Aug,Cafe two 88,Negombo,INV-54006,410,2,,820
Direct,299,12-Aug,Kandy Food Corner,Negombo,INV-54009,410,3,,"1,230"
Direct,300,12-Aug,Mr Mayoo,Negombo,INV-54013,410,1,,410
Direct,301,12-Aug,Black Nine Resturant,Negombo,INV-54022,410,1,,410
Direct,302,12-Aug,Star Hotel & Cool Spot,Negombo,INV-54033,410,3,,"1,230"
Direct,303,12-Aug,New Tajmahal Hotel,Negombo,INV-54037,410,7,,"2,870"
Direct,304,12-Aug,Golden Bird Bakers,Negombo,INV-54040,410,14,,"5,740"
Direct,305,12-Aug,Jayalanka Hotel,Negombo,INV-54041,410,1,,410
Direct,306,12-Aug,NC Hotel,Negombo,INV-54044,410,4,,"1,640"
Direct,307,12-Aug,Oishi Family Resturant,Negombo,INV-54046,410,1,,410
Direct,308,12-Aug,Those Kade - Ja Ela (Dosai Kade),Negombo,INV-54051,410,2,,820
Direct,309,12-Aug,Thissera Bakery,Negombo,INV-54055,410,2,,820
Direct,310,12-Aug,Sameera Bakery,Negombo,INV-54060,410,12,,"4,920"
Direct,311,12-Aug,Nethmi Foods,Negombo,INV-54061,410,1,,410
Direct,312,12-Aug,Jayalath Traders,Negombo,INV-54064,410,3,,"1,230"
Direct,313,12-Aug,Saminro Reception Hall - Kadawatha,Negombo,INV-54080,410,12,,"4,920"
Direct,314,12-Aug,Zam Zam Hotel,Negombo,INV-54087,410,2,,820
Direct,315,12-Aug,Madara Bakery,Negombo,INV-54088,410,2,,820
Direct,316,12-Aug,Gemi Gedara,Negombo,INV-54092,410,2,,820
Direct,317,12-Aug,Saffron Resturant - Welisara,Negombo,INV-54094,410,4,,"1,640"
Direct,318,12-Aug,Prasara Washing Plant,Negombo,INV-54096,410,4,,"1,640"
Direct,319,12-Aug,Sheen Resturant - Ragama,Negombo,INV-54097,410,1,,410
Direct,320,12-Aug,Ocean La Banquets (Kochchi Family Resturant),Negombo,INV-54101,410,2,,820
Direct,321,12-Aug,Kanchana Food Center,Negombo,INV-54103,410,3,,"1,230"
Direct,322,12-Aug,Roast Chicken - Kadana (Verona Resturant),Negombo,INV-54104,410,2,,820
Direct,323,12-Aug,Teachers Choice,Negombo,INV-54107,410,12,,"4,920"
Direct,324,12-Aug,Prasanna Bakery,Negombo,INV-54110,410,2,,820
Direct,325,12-Aug,St. Mary's Bakery And Grocery,Negombo,INV-54111,410,2,,820
Direct,326,12-Aug,LJ Bakery,Negombo,INV-54112,410,1,,410
Direct,327,12-Aug,Pathima Food,Negombo,INV-54113,410,2,,820
Direct,328,12-Aug,Tanganiya Resturant,Negombo,INV-54114,410,1,,410
Direct,329,12-Aug,Ammeehulla Resturant,Negombo,INV-54117,410,2,,820
Direct,330,12-Aug,N N Food (Pranee Vehicle),Negombo,INV-54118,410,1,,410
Direct,331,12-Aug,Janatha Hotel,Negombo,INV-54119,410,2,,820
Direct,332,12-Aug,Janatha Hotel,Negombo,INV-54120,410,1,,410
Direct,333,12-Aug,Rosa Food,Negombo,INV-54123,410,1,,410
Direct,334,13-Aug,Nayomie's Resturant,Negombo,AGT2404678,410,9,,"3,690"
Direct,335,13-Aug,Arie Lagoon,Negombo,AGT2404681,410,2,,820
Direct,336,13-Aug,Jayabima Hotel,Negombo,INV-54124,410,1,,410
Direct,337,13-Aug,Ninewells Hospitality (Pvt) Ltd,Negombo,INV-54125,410,1,,410
Direct,338,13-Aug,Senuri Grand Castello,Negombo,INV-54131,410,13,,"5,330"
Direct,339,13-Aug,Dolphin Hotel,Negombo,INV-54137,410,6,,"2,460"
Direct,340,13-Aug,Airport City Hotel - Katunayaka,Negombo,INV-54143,410,6,,"2,460"
Direct,341,13-Aug,Athiliya,Negombo,INV-54156,410,1,,410
Direct,342,13-Aug,Athiliya,Negombo,INV-54158,410,1,,410
Direct,343,13-Aug,Greens Corner - Negombo (Nafan Hotel),Negombo,INV-54162,410,2,,820
Direct,344,13-Aug,Ranjith Hotel,Negombo,INV-54165,410,1,,410
Direct,345,13-Aug,St. Joseph Hotel,Negombo,INV-54166,410,1,,410
Direct,346,13-Aug,Gami Rasa,Negombo,INV-54167,410,1,,410
Direct,347,13-Aug,Onali Foods,Negombo,INV-54170,410,1,,410
Direct,348,13-Aug,Sabith Cafe,Negombo,INV-54173,410,1,,410
Direct,349,13-Aug,Negombo Hotel,Negombo,INV-54174,410,4,,"1,640"
Direct,350,13-Aug,Ajmeer Hotel,Negombo,INV-54175,410,2,,820
Direct,351,13-Aug,Coronation Restaurant & Bar,Negombo,INV-54181,410,1,,410
Direct,352,13-Aug,Paradise Hotel,Negombo,INV-54186,410,2,,820
Direct,353,13-Aug,TTJ Those,Negombo,INV-54188,410,1,,410
Direct,354,13-Aug,New Rest House,Negombo,INV-54191,410,1,,410
Direct,355,13-Aug,Bread Cart Muddaragama,Negombo,INV-54199,410,10,,"4,100"
Direct,356,13-Aug,St. Joseph Reception Hall,Negombo,INV-54205,410,5,,"2,050"
Direct,357,13-Aug,Oyama Catering,Negombo,INV-54206,410,5,,"2,050"
Direct,358,13-Aug,Martin Restaurant & Pizza Lab,Negombo,INV-54210,410,1,,410
Direct,359,13-Aug,The West Town,Negombo,INV-54225,410,1,,410
Direct,360,13-Aug,Royal Family Hub,Negombo,INV-54270,410,1,,410
Direct,361,13-Aug,Leonardo by Bella Vita Italian restaurant,Negombo,INV-54272,410,6,,"2,460"
Direct,362,13-Aug,Cafe Cassendro,Negombo,INV-54273,410,2,,820
Direct,363,14-Aug,Spar Seeduwa,Negombo,AGT2404692,410,1,,410
Direct,364,14-Aug,Calton Factory Katana,Negombo,AGT2404699,410,10,,"4,100"
Direct,365,14-Aug,Wet Water Resort,Negombo,AGT2404704,410,1,,410
Direct,366,14-Aug,Nihal Hotel,Negombo,INV-54275,410,3,,"1,230"
Direct,367,14-Aug,Jenat Hotel (I.S Distributor / K.G.M),Negombo,INV-54278,410,2,,820
Direct,368,14-Aug,Sooriya Cafe & Family Resturant - Badalgama,Negombo,INV-54281,410,3,,"1,230"
Direct,369,14-Aug,Aruna Hotel,Negombo,INV-54284,410,2,,820
Direct,370,14-Aug,Light House,Negombo,INV-54290,410,1,,410
Direct,371,14-Aug,Aradhana Food Solutions (Pvt) Ltd,Negombo,INV-54291,410,3,,"1,230"
Direct,372,14-Aug,Peach Net - Katunayake,Negombo,INV-54309,410,2,,820
Direct,373,14-Aug,Sisila Hotel,Negombo,INV-54313,410,1,,410
Direct,374,14-Aug,Gemunu Hotel,Negombo,INV-54316,410,1,,410
Direct,375,14-Aug,Sandali Bakery,Negombo,INV-54317,410,1,,410
Direct,376,14-Aug,Che Resturant,Negombo,INV-54322,410,1,,410
Direct,377,14-Aug,Land of Kings Winterfell,Negombo,INV-54329,410,4,,"1,640"
Direct,378,14-Aug,Red Dragon Hotel & Bar,Negombo,INV-54330,410,5,,"2,050"
Direct,379,14-Aug,Susantha Chinees,Negombo,INV-54337,410,3,,"1,230"
Direct,380,14-Aug,Dinuka Hotel,Negombo,INV-54339,410,4,,"1,640"
Direct,381,14-Aug,Cinnamon Resi (Zigma Distributor),Negombo,INV-54342,410,1,,410
Direct,382,14-Aug,Isuru Caters Pvt Ltd (Leopards) - Gampaha,Negombo,INV-54343,410,4,,"1,640"
Direct,383,14-Aug,Sunshine restaurant,Negombo,INV-54344,410,6,,"2,460"
Direct,384,14-Aug,Siriduwa Hotel - Seeduwa,Negombo,INV-54348,410,1,,410
Direct,385,14-Aug,Asiri Bakers,Negombo,INV-54349,410,1,,410
Direct,386,14-Aug,Resheen Hotel and Banquets,Negombo,INV-54350,410,7,,"2,870"
Direct,387,14-Aug,Kings Kitchen Family Restaurant,Negombo,INV-54357,410,3,,"1,230"
Direct,388,14-Aug,New Tamarind Tree,Negombo,INV-54361,410,4,,"1,640"
Direct,389,14-Aug,Lead Family Resturant - Nalla,Negombo,INV-54364,410,1,,410
Direct,390,14-Aug,Tharaka chinese restaurent and beer pub (Rice Kade),Negombo,INV-54366,410,1,,410
Direct,391,14-Aug,Nethmi Foods,Negombo,INV-54383,410,2,,820
Direct,392,14-Aug,Divashi Sinhala Hotel,Negombo,INV-54387,410,1,,410
Direct,393,14-Aug,Lagoon Deck,Negombo,INV-54397,410,2,,820
Direct,394,14-Aug,Lakshman Bakers,Negombo,INV-54402,410,1,,410
Direct,395,14-Aug,Flavours Resturant,Negombo,INV-54406,410,1,,410
Direct,396,14-Aug,Fresh Bakers - Gampaha,Negombo,INV-54407,410,1,,410
Direct,397,14-Aug,Mahaweli Hotel,Negombo,INV-54415,410,1,,410
Direct,398,14-Aug,Mr Mayoo,Negombo,INV-54417,410,1,,410
Direct,399,14-Aug,Rasa Bojun - Gampaha,Negombo,INV-54423,410,1,,410
Direct,400,14-Aug,Dr. Food Resturant- Gampaha,Negombo,INV-54425,410,1,,410
Direct,401,14-Aug,Tango Bake House,Negombo,INV-54427,410,2,,820
Direct,402,14-Aug,Sundaragma,Negombo,INV-54429,410,2,,820
Direct,403,14-Aug,Lotus Leaf (Dassanayake Hotel),Negombo,INV-54435,410,7,,"2,870"
Direct,404,14-Aug,Happy Bright Hotel,Negombo,INV-54436,410,1,,410
Direct,405,14-Aug,Chinthaka Hotel,Negombo,INV-54437,410,5,,"2,050"
Direct,406,14-Aug,Rosa Food,Negombo,INV-54440,410,1,,410
Direct,407,14-Aug,Green Rest,Negombo,INV-54445,410,1,,410
Direct,408,14-Aug,Stars Hotel -Makevita,Negombo,INV-54446,410,2,,820
Direct,409,14-Aug,Black Nine Resturant,Negombo,INV-54447,410,1,,410
Direct,410,15-Aug,Ramada,Negombo,AGT2404705,410,2,,820
Direct,411,15-Aug,Airport City Hotel - Katunayaka,Negombo,INV-54450,410,20,,"8,200"
Direct,412,15-Aug,Mas Active (Pvt) Ltd,Negombo,INV-54451,410,30,,"12,300"
Direct,413,15-Aug,Marshal Bakery,Negombo,INV-54453,410,1,,410
Direct,414,15-Aug,Thora House,Negombo,INV-54455,410,1,,410
Direct,415,15-Aug,Priyashanthi Hotel,Negombo,INV-54457,410,3,,"1,230"
Direct,416,15-Aug,Candenlla Foods,Negombo,INV-54458,410,2,,820
Direct,417,15-Aug,Dinithi Baker’s,Negombo,INV-54460,410,4,,"1,640"
Direct,418,15-Aug,LM Luckymo,Negombo,INV-54461,410,2,,820
Direct,419,15-Aug,Rich Table Family Restaurant,Negombo,INV-54469,410,2,,820
Direct,420,15-Aug,Kandy Food Corner,Negombo,INV-54471,410,1,,410
Direct,421,15-Aug,Zam Zam Hotel,Negombo,INV-54474,410,5,,"2,050"
Direct,422,15-Aug,Deshaka Bakers,Negombo,INV-54475,410,2,,820
Direct,423,15-Aug,Udaya Bakery,Negombo,INV-54478,410,6,,"2,460"
Direct,424,15-Aug,Jayalath Traders,Negombo,INV-54480,410,3,,"1,230"
Direct,425,15-Aug,LJ Bakery,Negombo,INV-54482,410,2,,820
Direct,426,15-Aug,Mathara Bath Kade - Ja Ela,Negombo,INV-54483,410,3,,"1,230"
Direct,427,15-Aug,Teachers Choice,Negombo,INV-54484,410,4,,"1,640"
Direct,428,15-Aug,Kamilka Family Restaurant,Negombo,INV-54485,410,2,,820
Direct,429,15-Aug,Thunhela Rasahala - Dambadeniya,Negombo,INV-54486,410,1,,410
Direct,430,15-Aug,Madara Bakery,Negombo,INV-54489,410,1,,410
Direct,431,15-Aug,Rice Kade,Negombo,INV-54490,410,1,,410
Direct,432,15-Aug,Game Cafe - Ragama,Negombo,INV-54492,410,1,,410
Direct,433,15-Aug,Cabba's Kitchen - Kandana,Negombo,INV-54498,410,2,,820
Direct,434,15-Aug,Pathima Food,Negombo,INV-54501,410,1,,410
Direct,435,15-Aug,Ocean La Banquets (Kochchi Family Resturant),Negombo,INV-54502,410,3,,"1,230"
Direct,436,15-Aug,Weligampitiya Hotel,Negombo,INV-54507,410,1,,410
Direct,437,15-Aug,Hot Meal,Negombo,INV-54510,410,1,,410
Direct,438,15-Aug,The Point Resturant - Negombo,Negombo,INV-54511,410,1,,410
Direct,439,15-Aug,Sethsawi Banquet Hall,Negombo,INV-54513,410,2,,820
Direct,440,15-Aug,Kandy Foods,Negombo,INV-54515,410,1,,410
Direct,441,15-Aug,Samudra Hotel (Abishek),Negombo,INV-54517,410,1,,410
Direct,442,15-Aug,New Tajmahal Hotel,Negombo,INV-54518,410,2,,820
Direct,443,15-Aug,Nugara Hotel,Negombo,INV-54522,410,1,,410
Direct,444,15-Aug,Lotus Leaf (Dassanayake Hotel),Negombo,INV-54524,410,2,,820
Direct,1,16-Aug,Nayomie's Resturant,Negombo,AGT2404717,410,6,,"2,460"
Direct,2,16-Aug,Aradhana Food Solutions (Pvt) Ltd,Negombo,INV-54530,410,3,,"1,230"
Direct,3,16-Aug,Greens Corner - Negombo (Nafan Hotel),Negombo,INV-54531,410,3,,"1,230"
Direct,4,16-Aug,Raheemiya Hotel,Negombo,INV-54532,410,1,,410
Direct,5,16-Aug,St. Joseph Hotel,Negombo,INV-54533,410,1,,410
Direct,6,16-Aug,Gami Rasa,Negombo,INV-54534,410,1,,410
Direct,7,16-Aug,Negombo Cafe,Negombo,INV-54535,410,2,,820
Direct,8,16-Aug,Rizan Tea Corner,Negombo,INV-54536,410,1,,410
Direct,9,16-Aug,Ajmeer Hotel,Negombo,INV-54537,410,2,,820
Direct,10,16-Aug,TTJ Those,Negombo,INV-54538,410,2,,820
Direct,11,16-Aug,New Rest House,Negombo,INV-54539,410,1,,410
Direct,12,16-Aug,Choy's,Negombo,INV-54542,410,1,,410
Direct,13,16-Aug,Thushan Cafe & Juice Bar,Negombo,INV-54543,410,1,,410
Direct,14,16-Aug,Brix Resturant & Cafe,Negombo,INV-54544,410,2,,820
Direct,15,16-Aug,Hotel Blooming,Negombo,INV-54545,410,1,,410
Direct,16,16-Aug,Jega Food,Negombo,INV-54546,410,1,,410
Direct,17,16-Aug,St Anne Bakery,Negombo,INV-54547,410,2,,820
Direct,18,16-Aug,Ranaveera Foods,Negombo,INV-54548,410,1,,410
Direct,19,16-Aug,RR Hotel,Negombo,INV-54551,410,1,,410
Direct,20,16-Aug,Martin Restaurant & Pizza Lab,Negombo,INV-54553,410,2,,820
Direct,21,16-Aug,The West Town,Negombo,INV-54555,410,1,,410
Direct,22,16-Aug,New Tamarind Tree,Negombo,INV-54560,410,5,,"2,050"
Direct,23,16-Aug,Bread Cart Muddaragama,Negombo,INV-54562,410,6,,"2,460"
Direct,24,16-Aug,Bombe Sweet Palace,Negombo,INV-54564,410,15,,"6,150"
Direct,25,16-Aug,New Sea Villa,Negombo,INV-54566,410,2,,820
Direct,26,16-Aug,Bhawana,Negombo,INV-54567,410,1,,410
Direct,27,16-Aug,Fish & Chips,Negombo,INV-54568,410,1,,410
Direct,28,16-Aug,Toro talk of the town,Negombo,INV-54569,410,2,,820
Direct,29,16-Aug,Ayu Care Medical Center,Negombo,INV-54573,410,2,,820
Direct,30,16-Aug,Airport City Hotel - Katunayaka,Negombo,INV-54574,410,12,,"4,920"
Direct,31,16-Aug,Flavours Resturant,Negombo,INV-54575,410,1,,410
Direct,32,16-Aug,Nethmi Foods,Negombo,INV-54576,410,2,,820
Direct,33,18-Aug,Damro Factory - Loluwagoda,Negombo,AGT2404729,410,2,,820
Direct,34,18-Aug,Saminro Reception Hall - Kadawatha,Negombo,AGT2404732,410,11,,"4,510"
Direct,35,18-Aug,Saminro Reception Hall - Kadawatha,Negombo,AGT2404733,410,2,,820
Direct,36,18-Aug,Trust Lanka Suppliers PVT LTD,Negombo,AGT2404738,410,2,,820
Direct,37,18-Aug,Light House,Negombo,INV-54577,410,2,,820
Direct,38,18-Aug,Aradhana Food Solutions (Pvt) Ltd,Negombo,INV-54578,410,3,,"1,230"
Direct,39,18-Aug,Nethmi Foods,Negombo,INV-54579,410,1,,410
Direct,40,18-Aug,Ranka Take Away Food Cabin,Negombo,INV-54580,410,1,,410
Direct,41,18-Aug,Pasindu Caters,Negombo,INV-54582,410,1,,410
Direct,42,18-Aug,Dinushan Hotel & Fruit Center,Negombo,INV-54583,410,3,,"1,230"
Direct,43,18-Aug,Mahaweli Hotel,Negombo,INV-54584,410,2,,820
Direct,44,18-Aug,Wijerathna Bakery,Negombo,INV-54585,410,1,,410
Direct,45,18-Aug,Nihal Hotel,Negombo,INV-54586,410,3,,"1,230"
Direct,46,18-Aug,Jenat Hotel (I.S Distributor / K.G.M),Negombo,INV-54587,410,4,,"1,640"
Direct,47,18-Aug,Sisila Hotel,Negombo,INV-54588,410,1,,410
Direct,48,18-Aug,Sooriya Cafe & Family Resturant - Badalgama,Negombo,INV-54590,410,1,,410
Direct,49,18-Aug,Best Bite Resturant,Negombo,INV-54591,410,4,,"1,640"
Direct,50,18-Aug,Sandali Bakery,Negombo,INV-54593,410,1,,410
Direct,51,18-Aug,Tango Bake House,Negombo,INV-54595,410,1,,410
Direct,52,18-Aug,Land of Kings Winterfell,Negombo,INV-54596,410,5,,"2,050"
Direct,53,18-Aug,Chef King Cafe & Restaurant - Minuwangoda,Negombo,INV-54599,410,2,,820
Direct,54,18-Aug,Chef King Cafe & Restaurant - Minuwangoda,Negombo,INV-54601,410,1,,410
Direct,55,18-Aug,Isuru Caters Pvt Ltd (Leopards) - Gampaha,Negombo,INV-54602,410,4,,"1,640"
Direct,56,18-Aug,Asiri Bakers,Negombo,INV-54604,410,4,,"1,640"
Direct,57,18-Aug,Siriduwa Hotel - Seeduwa,Negombo,INV-54607,410,1,,410
Direct,58,18-Aug,New Tamarind Tree,Negombo,INV-54609,410,1,,410
Direct,59,18-Aug,Fresh Bakers - Gampaha,Negombo,INV-54610,410,1,,410
Direct,60,18-Aug,Lucky Stores,Negombo,INV-54611,410,1,,410
Direct,61,18-Aug,Fresh Bakers - Gampaha,Negombo,INV-54613,410,1,,410
Direct,62,18-Aug,Supun Hotel (Kelum Stores),Negombo,INV-54614,410,1,,410
Direct,63,18-Aug,Cinnamon Resi (Zigma Distributor),Negombo,INV-54618,410,1,,410
Direct,64,18-Aug,Memento Guest House,Negombo,INV-54619,410,1,,410
Direct,65,18-Aug,Gemunu Hotel,Negombo,INV-54620,410,1,,410
Direct,66,18-Aug,Sundaragma,Negombo,INV-54623,410,3,,"1,230"
Direct,67,18-Aug,Dinuka Hotel,Negombo,INV-54624,410,1,,410
Direct,68,18-Aug,Chef King - Kurana,Negombo,INV-54625,410,4,,"1,640"
Direct,69,18-Aug,Divashi Sinhala Hotel,Negombo,INV-54627,410,1,,410
Direct,70,18-Aug,Priyantha Sweets,Negombo,INV-54636,410,1,,410
Direct,71,18-Aug,Airport City Hotel - Katunayaka,Negombo,INV-54640,410,10,,"4,100"
Direct,72,18-Aug,Happy Bright Hotel,Negombo,INV-54642,410,2,,820
Direct,73,18-Aug,Toro talk of the town,Negombo,INV-54643,410,10,,"4,100"
Direct,74,18-Aug,Stars Hotel -Makevita,Negombo,INV-54644,410,1,,410
Direct,75,18-Aug,Cool Feel Hotel,Negombo,INV-54645,410,2,,820
Direct,76,18-Aug,TTJ Those,Negombo,INV-54646,410,3,,"1,230"
Direct,77,19-Aug,Spar Seeduwa,Negombo,AGT2404746,410,1,,410
Direct,78,19-Aug,Thora House,Negombo,INV-54650,410,1,,410
Direct,79,19-Aug,The Grill Master,Negombo,INV-54651,410,1,,410
Direct,80,19-Aug,LM Luckymo,Negombo,INV-54654,410,3,,"1,230"
Direct,81,19-Aug,Priyashanthi Hotel,Negombo,INV-54655,410,1,,410
Direct,82,19-Aug,NR Foods,Negombo,INV-54656,410,1,,410
Direct,83,19-Aug,Negombo Hotel,Negombo,INV-54659,410,2,,820
Direct,84,19-Aug,Cafe two 88,Negombo,INV-54660,410,2,,820
Direct,85,19-Aug,Kandy Food Corner,Negombo,INV-54661,410,1,,410
Direct,86,19-Aug,Al Reem Negombo (Pvt) Ltd,Negombo,INV-54662,410,1,,410
Direct,87,19-Aug,Udaya Bakery,Negombo,INV-54664,410,2,,820
Direct,88,19-Aug,Castle Family (Nirosh Resturant),Negombo,INV-54666,410,1,,410
Direct,89,19-Aug,Those Kade - Ja Ela (Dosai Kade),Negombo,INV-54667,410,1,,410
Direct,90,19-Aug,Wasana Cake,Negombo,INV-54668,410,8,,"3,280"
Direct,91,19-Aug,Teachers Choice,Negombo,INV-54669,410,5,,"2,050"
Direct,92,19-Aug,Deshaka Bakers,Negombo,INV-54671,410,1,,410
Direct,93,19-Aug,Star Hotel & Cool Spot,Negombo,INV-54675,410,2,,820
Direct,94,19-Aug,Thissera Bakery,Negombo,INV-54676,410,3,,"1,230"
Direct,95,19-Aug,New Tajmahal Hotel,Negombo,INV-54677,410,3,,"1,230"
Direct,96,19-Aug,Sameera Bakery,Negombo,INV-54678,410,12,,"4,920"
Direct,97,19-Aug,Mathara Bath Kade - Ja Ela,Negombo,INV-54680,410,3,,"1,230"
Direct,98,19-Aug,Madu Manjula,Negombo,INV-54682,410,3,,"1,230"
Direct,99,19-Aug,Suranga Caters,Negombo,INV-54685,410,5,,"2,050"
Direct,100,19-Aug,Madara Bakery,Negombo,INV-54686,410,1,,410
Direct,101,19-Aug,Aurion Cabans,Negombo,INV-54687,410,1,,410
Direct,102,19-Aug,Game Cafe - Ragama,Negombo,INV-54688,410,1,,410
Direct,103,19-Aug,Gihan Bakers - Makadura,Negombo,INV-54689,410,2,,820
Direct,104,19-Aug,Saffron Resturant - Welisara,Negombo,INV-54690,410,6,,"2,460"
Direct,105,19-Aug,Lotus Leaf (Dassanayake Hotel),Negombo,INV-54692,410,3,,"1,230"
Direct,106,19-Aug,Rosa Food,Negombo,INV-54694,410,1,,410
Direct,107,19-Aug,Prasanna Bakery,Negombo,INV-54696,410,2,,820
Direct,108,19-Aug,Rich Table Family Restaurant,Negombo,INV-54697,410,1,,410
Direct,109,19-Aug,Oven Fresh Bakery & Cafe,Negombo,INV-54699,410,1,,410
Direct,110,19-Aug,La Queens Banquet,Negombo,INV-54700,410,1,,410
Direct,111,19-Aug,Optimum Restaurant,Negombo,INV-54702,410,1,,410
Direct,112,19-Aug,N N Food (Pranee Vehicle),Negombo,INV-54703,410,1,,410
Direct,113,19-Aug,Pathima Food,Negombo,INV-54705,410,2,,820
Direct,114,19-Aug,Nethmi Hotel & Banquet,Negombo,INV-54709,410,5,,"2,050"
Direct,115,19-Aug,Coronation Restaurant & Bar,Negombo,INV-54710,410,2,,820
Direct,116,19-Aug,Janatha Hotel,Negombo,INV-54714,410,2,,820
Direct,117,20-Aug,Nayomie's Resturant,Negombo,AGT2404750,410,5,,"2,050"
Direct,118,20-Aug,Greens Corner - Negombo (Nafan Hotel),Negombo,INV-54720,410,4,,"1,640"
Direct,119,20-Aug,Ranjith Hotel,Negombo,INV-54721,410,1,,410
Direct,120,20-Aug,Tharaka Bath Kade,Negombo,INV-54722,410,1,,410
Direct,121,20-Aug,Ravindu Hotel,Negombo,INV-54723,410,1,,410
Direct,122,20-Aug,Raheemiya Hotel,Negombo,INV-54724,410,1,,410
Direct,123,20-Aug,Onali Foods,Negombo,INV-54725,410,1,,410
Direct,124,20-Aug,Sisil Sewana,Negombo,INV-54726,410,1,,410
Direct,125,20-Aug,Negombo Cafe,Negombo,INV-54727,410,1,,410
Direct,126,20-Aug,Negombo Cafe,Negombo,INV-54728,410,1,,410
Direct,127,20-Aug,Rizan Tea Corner,Negombo,INV-54729,410,1,,410
Direct,128,20-Aug,Ajmeer Hotel,Negombo,INV-54730,410,3,,"1,230"
Direct,129,20-Aug,Paradise Hotel,Negombo,INV-54731,410,2,,820
Direct,130,20-Aug,TTJ Those,Negombo,INV-54732,410,2,,820
Direct,131,20-Aug,New Rest House,Negombo,INV-54736,410,2,,820
Direct,132,20-Aug,Brix Resturant & Cafe,Negombo,INV-54738,410,1,,410
Direct,133,20-Aug,St. Joseph Reception Hall,Negombo,INV-54743,410,6,,"2,460"
Direct,134,20-Aug,Martin Restaurant & Pizza Lab,Negombo,INV-54745,410,2,,820
Direct,135,20-Aug,Bread Cart Muddaragama,Negombo,INV-54750,410,8,,"3,280"
Direct,136,20-Aug,New Sea Villa,Negombo,INV-54753,410,2,,820
Direct,137,20-Aug,Cafe Cassendro,Negombo,INV-54754,410,2,,820
Direct,138,20-Aug,The Point Resturant - Negombo,Negombo,INV-54756,410,2,,820
Direct,139,20-Aug,The Point Resturant - Negombo,Negombo,INV-54757,410,1,,410
Direct,140,20-Aug,Aradhana Food Solutions (Pvt) Ltd,Negombo,INV-54758,410,3,,"1,230"
Direct,141,20-Aug,Airport City Hotel - Katunayaka,Negombo,INV-54760,410,14,,"5,740"
Direct,142,20-Aug,Airport City Hotel - Katunayaka,Negombo,INV-54761,410,5,,"2,050"
Direct,143,20-Aug,Airport City Hotel - Katunayaka,Negombo,INV-54762,410,1,,410
Direct,144,20-Aug,Flavours Resturant,Negombo,INV-54764,410,1,,410
Direct,145,20-Aug,Nethmi Foods,Negombo,INV-54765,410,2,,820
Direct,146,21-Aug,Calton Factory Katana,Negombo,AGT2404758,410,9,,"3,690"
Direct,147,21-Aug,Pasindu Caters,Negombo,INV-54774,410,1,,410
Direct,148,21-Aug,Dolphin Hotel,Negombo,INV-54778,410,5,,"2,050"
Direct,149,21-Aug,Mahaweli Hotel,Negombo,INV-54791,410,1,,410
Direct,150,21-Aug,Wijerathna Bakery,Negombo,INV-54793,410,1,,410
Direct,151,21-Aug,Nimal Rathna Bojun Hala,Negombo,INV-54797,410,1,,410
Direct,152,21-Aug,Kanchana Food Center,Negombo,INV-54798,410,5,,"2,050"
Direct,153,21-Aug,Nihal Hotel,Negombo,INV-54804,410,3,,"1,230"
Direct,154,21-Aug,Jenat Hotel (I.S Distributor / K.G.M),Negombo,INV-54811,410,4,,"1,640"
Direct,155,21-Aug,Che Resturant,Negombo,INV-54816,410,1,,410
Direct,156,21-Aug,Gehan Bake House,Negombo,INV-54819,410,1,,410
Direct,157,21-Aug,St Anthoney Bakery - Henatiyana,Negombo,INV-54823,410,1,,410
Direct,158,21-Aug,Amoda Ranketh Hotel - Akaragama,Negombo,INV-54826,410,1,,410
Direct,159,21-Aug,La Grande - Banquet Hotel,Negombo,INV-54831,410,2,,820
Direct,160,21-Aug,Golden Bird Bakers,Negombo,INV-54836,410,14,,"5,740"
Direct,161,21-Aug,Lavonra Catering Service,Negombo,INV-54839,410,6,,"2,460"
Direct,162,21-Aug,Isuru Caters Pvt Ltd (Leopards) - Gampaha,Negombo,INV-54842,410,4,,"1,640"
Direct,163,21-Aug,Asiri Bakers,Negombo,INV-54845,410,2,,820
Direct,164,21-Aug,Aruna Hotel,Negombo,INV-54846,410,2,,820
Direct,165,21-Aug,Siriduwa Hotel - Seeduwa,Negombo,INV-54852,410,1,,410
Direct,166,21-Aug,Adisha Stores,Negombo,INV-54854,410,1,,410
Direct,167,21-Aug,Fresh Bakers - Gampaha,Negombo,INV-54855,410,1,,410
Direct,168,21-Aug,New Tamarind Tree,Negombo,INV-54858,410,4,,"1,640"
Direct,169,21-Aug,Gemunu Hotel,Negombo,INV-54866,410,2,,820
Direct,170,21-Aug,Guruge Hotel - Miriswatta,Negombo,INV-54878,410,1,,410
Direct,171,21-Aug,Peach Net - Katunayake,Negombo,INV-54880,410,1,,410
Direct,172,21-Aug,Flavours Resturant,Negombo,INV-54887,410,1,,410
Direct,173,21-Aug,Lagoon Deck,Negombo,INV-54892,410,1,,410
Direct,174,21-Aug,Sunshine restaurant,Negombo,INV-54893,410,4,,"1,640"
Direct,175,21-Aug,CP Caters - Gampaha,Negombo,INV-54900,410,4,,"1,640"
Direct,176,21-Aug,Dr. Food Resturant- Gampaha,Negombo,INV-54903,410,1,,410
Direct,177,21-Aug,Rashanee Chinese Restaurant - Gampaha,Negombo,INV-54905,410,3,,"1,230"
Direct,178,21-Aug,Divashi Sinhala Hotel,Negombo,INV-54907,410,1,,410
Direct,179,21-Aug,Athiliya,Negombo,INV-54912,410,1,,410
Direct,180,21-Aug,Stars Hotel -Makevita,Negombo,INV-54916,410,1,,410
Direct,181,21-Aug,Cool Feel Hotel,Negombo,INV-54917,410,2,,820
Direct,182,22-Aug,Saminro Reception Hall - Kadawatha,Negombo,AGT2404778,410,12,,"4,920"
Direct,183,22-Aug,Dinithi Baker’s,Negombo,INV-54931,410,3,,"1,230"
Direct,184,22-Aug,Light House,Negombo,INV-54937,410,1,,410
Direct,185,22-Aug,Aradhana Food Solutions (Pvt) Ltd,Negombo,INV-54939,410,3,,"1,230"
Direct,186,22-Aug,LM Luckymo,Negombo,INV-54940,410,3,,"1,230"
Direct,187,22-Aug,Cafe two 88,Negombo,INV-54950,410,1,,410
Direct,188,22-Aug,Kandy Food Corner,Negombo,INV-54952,410,1,,410
Direct,189,22-Aug,Samudra Hotel (Abishek),Negombo,INV-54956,410,1,,410
Direct,190,22-Aug,Star Hotel & Cool Spot,Negombo,INV-54958,410,3,,"1,230"
Direct,191,22-Aug,New Tajmahal Hotel,Negombo,INV-54961,410,3,,"1,230"
Direct,192,22-Aug,Zam Zam Hotel,Negombo,INV-54962,410,5,,"2,050"
Direct,193,22-Aug,Negombo Hotel,Negombo,INV-54965,410,2,,820
Direct,194,22-Aug,Udaya Bakery,Negombo,INV-54969,410,1,,410
Direct,195,22-Aug,LJ Bakery,Negombo,INV-54978,410,2,,820
Direct,196,22-Aug,NC Hotel,Negombo,INV-54979,410,4,,"1,640"
Direct,197,22-Aug,Teachers Choice,Negombo,INV-54985,410,7,,"2,870"
Direct,198,22-Aug,Castle Family (Nirosh Resturant),Negombo,INV-54990,410,1,,410
Direct,199,22-Aug,Deshaka Bakers,Negombo,INV-55001,410,3,,"1,230"
Direct,200,22-Aug,Prasara Washing Plant,Negombo,INV-55003,410,3,,"1,230"
Direct,201,22-Aug,Thissera Bakery,Negombo,INV-55004,410,1,,410
Direct,202,22-Aug,Jayalath Traders,Negombo,INV-55008,410,3,,"1,230"
Direct,203,22-Aug,Rice Kade,Negombo,INV-55009,410,1,,410
Direct,204,22-Aug,Jayalath Traders,Negombo,INV-55010,410,2,,820
Direct,205,22-Aug,Ocean La Banquets (Kochchi Family Resturant),Negombo,INV-55011,410,3,,"1,230"
Direct,206,22-Aug,Mathara Bath Kade - Ja Ela,Negombo,INV-55013,410,2,,820
Direct,207,22-Aug,Madara Bakery,Negombo,INV-55018,410,1,,410
Direct,208,22-Aug,Tanganiya Resturant,Negombo,INV-55025,410,2,,820
Direct,209,22-Aug,Thora House,Negombo,INV-55036,410,1,,410
Direct,210,22-Aug,Suranga Caters,Negombo,INV-55045,410,5,,"2,050"
Direct,211,22-Aug,Sheen Resturant - Ragama,Negombo,INV-55047,410,1,,410
Direct,212,22-Aug,Roast Chicken - Kadana (Verona Resturant),Negombo,INV-55049,410,3,,"1,230"
Direct,213,22-Aug,Prasanna Bakery,Negombo,INV-55051,410,1,,410
Direct,214,22-Aug,Nugara Hotel,Negombo,INV-55053,410,3,,"1,230"
Direct,215,22-Aug,Lotus Leaf (Dassanayake Hotel),Negombo,INV-55057,410,4,,"1,640"
Direct,216,22-Aug,Keshan Food (C & L Bakery),Negombo,INV-55058,410,1,,410
Direct,217,22-Aug,St. Mary's Bakery And Grocery,Negombo,INV-55060,410,2,,820
Direct,218,22-Aug,Rosa Food,Negombo,INV-55061,410,1,,410
Direct,219,22-Aug,Pathima Food,Negombo,INV-55063,410,1,,410
Direct,220,22-Aug,Resturant 87,Negombo,INV-55071,410,1,,410
Direct,221,22-Aug,Airport City Hotel - Katunayaka,Negombo,INV-55073,410,13,,"5,330"
Direct,222,23-Aug,Nayomie's Resturant,Negombo,AGT2404786,410,6,,"2,460"
Direct,223,23-Aug,Greens Corner - Negombo (Nafan Hotel),Negombo,INV-55079,410,3,,"1,230"
Direct,224,23-Aug,Ranjith Hotel,Negombo,INV-55081,410,1,,410
Direct,225,23-Aug,St. Joseph Hotel,Negombo,INV-55083,410,1,,410
Direct,226,23-Aug,Gami Rasa,Negombo,INV-55084,410,1,,410
Direct,227,23-Aug,Rizan Tea Corner,Negombo,INV-55088,410,1,,410
Direct,228,23-Aug,Ajmeer Hotel,Negombo,INV-55092,410,3,,"1,230"
Direct,229,23-Aug,TTJ Those,Negombo,INV-55094,410,3,,"1,230"
Direct,230,23-Aug,New Rest House,Negombo,INV-55097,410,1,,410
Direct,231,23-Aug,Oyama Catering,Negombo,INV-55100,410,2,,820
Direct,232,23-Aug,Martin Restaurant & Pizza Lab,Negombo,INV-55107,410,2,,820
Direct,233,23-Aug,Bread Cart Muddaragama,Negombo,INV-55109,410,7,,"2,870"
Direct,234,23-Aug,St Anne Bakery,Negombo,INV-55114,410,1,,410
Direct,235,23-Aug,Jega Food,Negombo,INV-55127,410,1,,410
Direct,236,23-Aug,St. Joseph Reception Hall,Negombo,INV-55139,410,2,,820
Direct,237,23-Aug,Rani Beach Resort,Negombo,INV-55150,410,1,,410
Direct,238,23-Aug,Big Nana Biriyani House,Negombo,INV-55152,410,1,,410
Direct,239,23-Aug,Brix Resturant & Cafe,Negombo,INV-55168,410,1,,410
Direct,240,23-Aug,Ammeehulla Resturant,Negombo,INV-55187,410,1,,410
Direct,241,23-Aug,Senuri Grand Castello,Negombo,INV-55189,410,18,,"7,380"
Direct,242,23-Aug,Cafe Cassendro,Negombo,INV-55191,410,1,,410
Direct,243,23-Aug,OHL Restaurant,Negombo,INV-55199,410,1,,410
Direct,244,23-Aug,Toro talk of the town,Negombo,INV-55206,410,10,,"4,100"
Direct,245,23-Aug,New Tamarind Tree,Negombo,INV-55211,410,8,,"3,280"
Direct,246,23-Aug,Airport City Hotel - Katunayaka,Negombo,INV-55215,410,7,,"2,870"
Direct,247,23-Aug,Peach Net - Katunayake,Negombo,INV-55221,410,2,,820
Direct,248,25-Aug,DNS Holding Grandeeza Hotel,Negombo,AGT2404791,410,2,,820
Direct,249,25-Aug,Spar Seeduwa,Negombo,AGT2404797,410,1,,410
Direct,250,25-Aug,Light House,Negombo,INV-55229,410,1,,410
Direct,251,25-Aug,Aradhana Food Solutions (Pvt) Ltd,Negombo,INV-55230,410,3,,"1,230"
Direct,252,25-Aug,Nihal Hotel,Negombo,INV-55231,410,3,,"1,230"
Direct,253,25-Aug,Raneesha Bakers,Negombo,INV-55235,410,2,,820
Direct,254,25-Aug,Jenat Hotel (I.S Distributor / K.G.M),Negombo,INV-55237,410,5,,"2,050"
Direct,255,25-Aug,Praneetha Rasa Bojun - Kurana,Negombo,INV-55238,410,1,,410
Direct,256,25-Aug,Nimsara Hotel,Negombo,INV-55243,410,1,,410
Direct,257,25-Aug,Divya Hotel,Negombo,INV-55244,410,1,,410
Direct,258,25-Aug,Athiliya,Negombo,INV-55245,410,1,,410
Direct,259,25-Aug,Nimsara Hotel,Negombo,INV-55246,410,1,,410
Direct,260,25-Aug,Best Bite Resturant,Negombo,INV-55249,410,2,,820
Direct,261,25-Aug,Sooriya Cafe & Family Resturant - Badalgama,Negombo,INV-55253,410,1,,410
Direct,262,25-Aug,Nethmi Foods,Negombo,INV-55254,410,2,,820
Direct,263,25-Aug,Aruna Hotel,Negombo,INV-55255,410,1,,410
Direct,264,25-Aug,Aruna Hotel,Negombo,INV-55256,410,1,,410
Direct,265,25-Aug,Che Resturant,Negombo,INV-55258,410,1,,410
Direct,266,25-Aug,Chef King - Kurana,Negombo,INV-55259,410,2,,820
Direct,267,25-Aug,Gehan Bake House,Negombo,INV-55261,410,1,,410
Direct,268,25-Aug,Land of Kings Winterfell,Negombo,INV-55262,410,5,,"2,050"
Direct,269,25-Aug,Flavours Resturant,Negombo,INV-55268,410,1,,410
Direct,270,25-Aug,Pasindu Caters,Negombo,INV-55269,410,2,,820
Direct,271,25-Aug,Isuru Caters Pvt Ltd (Leopards) - Gampaha,Negombo,INV-55271,410,4,,"1,640"
Direct,272,25-Aug,Asiri Bakers,Negombo,INV-55275,410,2,,820
Direct,273,25-Aug,Dinuka Hotel,Negombo,INV-55279,410,3,,"1,230"
Direct,274,25-Aug,Resheen Hotel and Banquets,Negombo,INV-55285,410,4,,"1,640"
Direct,275,25-Aug,Cinnamon Resi (Zigma Distributor),Negombo,INV-55294,410,1,,410
Direct,276,25-Aug,Lakshman Bakers,Negombo,INV-55296,410,1,,410
Direct,277,25-Aug,Star Steel Limited,Negombo,INV-55297,410,1,,410
Direct,278,25-Aug,Gemunu Hotel,Negombo,INV-55300,410,1,,410
Direct,279,25-Aug,Siriduwa Hotel - Seeduwa,Negombo,INV-55305,410,1,,410
Direct,280,25-Aug,Golden Bird Bakers,Negombo,INV-55317,410,8,,"3,280"
Direct,281,25-Aug,Sundaragma,Negombo,INV-55330,410,3,,"1,230"
Direct,282,25-Aug,Pabasara Dine Family Resturant - Udugampola,Negombo,INV-55335,410,2,,820
Direct,283,25-Aug,New Tamarind Tree,Negombo,INV-55339,410,3,,"1,230"
Direct,284,25-Aug,Kavisha Bakers,Negombo,INV-55364,410,1,,410
Direct,285,25-Aug,Mahaweli Hotel,Negombo,INV-55369,410,1,,410
Direct,286,25-Aug,Happy Bright Hotel,Negombo,INV-55371,410,3,,"1,230"
Direct,287,25-Aug,Stars Hotel -Makevita,Negombo,INV-55375,410,2,,820
Direct,288,25-Aug,Cool Feel Hotel,Negombo,INV-55376,410,2,,820
Direct,289,25-Aug,Nimal Rathna Bojun Hala,Negombo,INV-55382,410,1,,410
Direct,290,26-Aug,Ramada,Negombo,AGT2404816,410,1,,410
Direct,291,26-Aug,Deshaka Bakers,Negombo,INV-55386,410,2,,820
Direct,292,26-Aug,Wasana Cake,Negombo,INV-55390,410,5,,"2,050"
Direct,293,26-Aug,Thunhela Rasahala - Dambadeniya,Negombo,INV-55393,410,2,,820
Direct,294,26-Aug,LM Luckymo,Negombo,INV-55395,410,5,,"2,050"
Direct,295,26-Aug,Cafe two 88,Negombo,INV-55400,410,1,,410
Direct,296,26-Aug,Kandy Food Corner,Negombo,INV-55403,410,1,,410
Direct,297,26-Aug,Thora House,Negombo,INV-55405,410,2,,820
Direct,298,26-Aug,Pradeep Hotel,Negombo,INV-55408,410,1,,410
Direct,299,26-Aug,Star Hotel & Cool Spot,Negombo,INV-55412,410,2,,820
Direct,300,26-Aug,Sumith Hotel,Negombo,INV-55415,410,1,,410
Direct,301,26-Aug,The Point Resturant - Negombo,Negombo,INV-55418,410,1,,410
Direct,302,26-Aug,New Tajmahal Hotel,Negombo,INV-55419,410,4,,"1,640"
Direct,303,26-Aug,Jayalanka Hotel,Negombo,INV-55421,410,2,,820
Direct,304,26-Aug,Thissera Bakery,Negombo,INV-55425,410,1,,410
Direct,305,26-Aug,Sameera Bakery,Negombo,INV-55429,410,11,,"4,510"
Direct,306,26-Aug,Airport City Hotel - Katunayaka,Negombo,INV-55430,410,19,,"7,790"
Direct,307,26-Aug,Mathara Bath Kade - Ja Ela,Negombo,INV-55432,410,2,,820
Direct,308,26-Aug,Mas Active (Pvt) Ltd,Negombo,INV-55439,410,15,,"6,150"
Direct,309,26-Aug,Madu Manjula,Negombo,INV-55443,410,6,,"2,460"
Direct,310,26-Aug,Madara Bakery,Negombo,INV-55448,410,2,,820
Direct,311,26-Aug,Wijerathna Bakery,Negombo,INV-55449,410,2,,820
Direct,312,26-Aug,Game Cafe - Ragama,Negombo,INV-55452,410,1,,410
Direct,313,26-Aug,Tango Bake House,Negombo,INV-55453,410,4,,"1,640"
Direct,314,26-Aug,Saffron Resturant - Welisara,Negombo,INV-55459,410,6,,"2,460"
Direct,315,26-Aug,Cabba's Kitchen - Kandana,Negombo,INV-55466,410,3,,"1,230"
Direct,316,26-Aug,Gentle Clean (Pvt) Ltd,Negombo,INV-55468,410,1,,410
Direct,317,26-Aug,Prasanna Bakery,Negombo,INV-55470,410,3,,"1,230"
Direct,318,26-Aug,St. Mary's Bakery And Grocery,Negombo,INV-55476,410,2,,820
Direct,319,26-Aug,Pathima Food,Negombo,INV-55477,410,2,,820
Direct,320,26-Aug,Rich Table Family Restaurant,Negombo,INV-55492,410,3,,"1,230"
Direct,321,26-Aug,Janatha Hotel,Negombo,INV-55494,410,2,,820
Direct,322,26-Aug,N N Food (Pranee Vehicle),Negombo,INV-55496,410,1,,410
Direct,323,26-Aug,Al Reem Negombo (Pvt) Ltd,Negombo,INV-55504,410,1,,410
Direct,324,26-Aug,Zam Zam Hotel,Negombo,INV-55507,410,2,,820
Direct,325,26-Aug,Negombo Hotel,Negombo,INV-55510,410,1,,410
Direct,326,26-Aug,Udaya Bakery,Negombo,INV-55512,410,6,,"2,460"
Direct,327,26-Aug,Teachers Choice,Negombo,INV-55520,410,10,,"4,100"
Direct,328,26-Aug,Prasara Washing Plant,Negombo,INV-55527,410,2,,820
Direct,329,26-Aug,Aurion Cabans,Negombo,INV-55529,410,1,,410
Direct,330,26-Aug,Lotus Leaf (Dassanayake Hotel),Negombo,INV-55530,410,3,,"1,230"
Direct,331,27-Aug,Nayomie's Resturant,Negombo,AGT2404832,410,7,,"2,870"
Direct,332,27-Aug,Earl's Regent Negombo,Negombo,AGT2404833,410,4,,"1,640"
Direct,333,27-Aug,Saminro Reception Hall - Kadawatha,Negombo,AGT2404835,410,8,,"3,280"
Direct,334,27-Aug,Thilak Senanayaka Bakery,Negombo,INV-55532,410,1,,410
Direct,335,27-Aug,Ranaveera Foods,Negombo,INV-55533,410,1,,410
Direct,336,27-Aug,Senuri Grand Castello,Negombo,INV-55535,410,10,,"4,100"
Direct,337,27-Aug,Choy's,Negombo,INV-55539,410,1,,410
Direct,338,27-Aug,Greens Corner - Negombo (Nafan Hotel),Negombo,INV-55541,410,4,,"1,640"
Direct,339,27-Aug,Ranjith Hotel,Negombo,INV-55543,410,1,,410
Direct,340,27-Aug,Raheemiya Hotel,Negombo,INV-55546,410,1,,410
Direct,341,27-Aug,St. Joseph Hotel,Negombo,INV-55547,410,1,,410
Direct,342,27-Aug,Gami Rasa,Negombo,INV-55550,410,1,,410
Direct,343,27-Aug,Onali Foods,Negombo,INV-55551,410,1,,410
Direct,344,27-Aug,Sisil Sewana,Negombo,INV-55554,410,1,,410
Direct,345,27-Aug,Rizan Tea Corner,Negombo,INV-55557,410,1,,410
Direct,346,27-Aug,Ajmeer Hotel,Negombo,INV-55559,410,2,,820
Direct,347,27-Aug,Coronation Restaurant & Bar,Negombo,INV-55568,410,1,,410
Direct,348,27-Aug,Coronation Restaurant & Bar,Negombo,INV-55570,410,1,,410
Direct,349,27-Aug,Bombe Sweet Palace,Negombo,INV-55574,410,10,,"4,100"
Direct,350,27-Aug,Paradise Hotel,Negombo,INV-55577,410,2,,820
Direct,351,27-Aug,TTJ Those,Negombo,INV-55578,410,3,,"1,230"
Direct,352,27-Aug,New Rest House,Negombo,INV-55582,410,1,,410
Direct,353,27-Aug,Bread Cart Muddaragama,Negombo,INV-55595,410,10,,"4,100"
Direct,354,27-Aug,St Anne Bakery,Negombo,INV-55604,410,2,,820
Direct,355,27-Aug,Oyama Catering,Negombo,INV-55628,410,5,,"2,050"
Direct,356,27-Aug,Waves By Tranquil Hotel Negombo,Negombo,INV-55629,410,1,,410
Direct,357,27-Aug,Cafe Cassendro,Negombo,INV-55633,410,1,,410
Direct,358,27-Aug,Sea Horse,Negombo,INV-55638,410,1,,410
Direct,359,27-Aug,New Sea Villa,Negombo,INV-55640,410,2,,820
Direct,360,27-Aug,Ammeehulla Resturant,Negombo,INV-55643,410,1,,410
Direct,361,27-Aug,Superma Food And Bakers,Negombo,INV-55646,410,16,,"6,560"
Direct,362,27-Aug,Suranga Caters,Negombo,INV-55650,410,4,,"1,640"
Direct,363,27-Aug,Renolika Hotel,Negombo,INV-55652,410,1,,410
Direct,364,27-Aug,Rosa Food,Negombo,INV-55654,410,1,,410
Direct,365,27-Aug,Optimum Restaurant,Negombo,INV-55656,410,1,,410
Direct,366,28-Aug,Nihal Hotel,Negombo,INV-55659,410,2,,820
Direct,367,28-Aug,Jenat Hotel (I.S Distributor / K.G.M),Negombo,INV-55662,410,3,,"1,230"
Direct,368,28-Aug,Amoda Ranketh Hotel - Akaragama,Negombo,INV-55664,410,1,,410
Direct,369,28-Aug,Light House,Negombo,INV-55665,410,2,,820
Direct,370,28-Aug,Aradhana Food Solutions (Pvt) Ltd,Negombo,INV-55668,410,2,,820
Direct,371,28-Aug,Sooriya Cafe & Family Resturant - Badalgama,Negombo,INV-55669,410,1,,410
Direct,372,28-Aug,Athiliya,Negombo,INV-55677,410,2,,820
Direct,373,28-Aug,Aruna Hotel,Negombo,INV-55680,410,3,,"1,230"
Direct,374,28-Aug,Nethmi Foods,Negombo,INV-55688,410,3,,"1,230"
Direct,375,28-Aug,Divashi Sinhala Hotel,Negombo,INV-55692,410,2,,820
Direct,376,28-Aug,Chef King - Kurana,Negombo,INV-55697,410,2,,820
Direct,377,28-Aug,La Pizzaria,Negombo,INV-55700,410,2,,820
Direct,378,28-Aug,Dinuka Hotel,Negombo,INV-55701,410,5,,"2,050"
Direct,379,28-Aug,Sunshine restaurant,Negombo,INV-55704,410,3,,"1,230"
Direct,380,28-Aug,Resheen Hotel and Banquets,Negombo,INV-55707,410,2,,820
Direct,381,28-Aug,Best Bite Resturant,Negombo,INV-55709,410,2,,820
Direct,382,28-Aug,Kings Kitchen Family Restaurant,Negombo,INV-55710,410,3,,"1,230"
Direct,383,28-Aug,Peach Net - Katunayake,Negombo,INV-55715,410,1,,410
Direct,384,28-Aug,Tharaka chinese restaurent and beer pub,Negombo,INV-55718,410,2,,820
Direct,385,28-Aug,Sandamali Bakers & Hotel,Negombo,INV-55721,410,1,,410
Direct,386,28-Aug,CN Caters (Game Kade),Negombo,INV-55723,410,1,,410
Direct,387,28-Aug,Che Resturant,Negombo,INV-55728,410,1,,410
Direct,388,28-Aug,Siriduwa Hotel - Seeduwa,Negombo,INV-55735,410,1,,410
Direct,389,28-Aug,Isuru Caters Pvt Ltd (Leopards) - Gampaha,Negombo,INV-55736,410,3,,"1,230"
Direct,390,28-Aug,Cinnamon Resi (Zigma Distributor),Negombo,INV-55738,410,1,,410
Direct,391,28-Aug,Gemunu Hotel,Negombo,INV-55743,410,2,,820
Direct,392,28-Aug,Flavours Resturant,Negombo,INV-55753,410,1,,410
Direct,393,28-Aug,Pasindu Caters,Negombo,INV-55757,410,1,,410
Direct,394,28-Aug,Pasindu Caters,Negombo,INV-55758,410,1,,410
Direct,395,28-Aug,Dinithi Baker’s,Negombo,INV-55763,410,5,,"2,050"
Direct,396,28-Aug,New Tamarind Tree,Negombo,INV-55777,410,4,,"1,640"
Direct,397,28-Aug,Memento Guest House,Negombo,INV-55784,410,1,,410
Direct,398,28-Aug,Airport City Hotel - Katunayaka,Negombo,INV-55785,410,12,,"4,920"
Direct,399,28-Aug,Caya Hotel,Negombo,INV-55786,410,1,,410
Direct,400,28-Aug,Asiri Bakers,Negombo,INV-55787,410,2,,820
Direct,401,28-Aug,Mahaweli Hotel,Negombo,INV-55788,410,2,,820
Direct,402,28-Aug,Pabasara Dine Family Resturant - Udugampola,Negombo,INV-55790,410,1,,410
Direct,403,28-Aug,The Point Resturant - Negombo,Negombo,INV-55795,410,3,,"1,230"
Direct,404,28-Aug,Kavisha Bakers,Negombo,INV-55796,410,5,,"2,050"
Direct,405,28-Aug,Kavisha Bakers,Negombo,INV-55797,410,1,,410
Direct,406,28-Aug,Black Nine Resturant,Negombo,INV-55798,410,1,,410
Direct,407,29-Aug,Spar Seeduwa,Negombo,AGT2404860,410,1,,410
Direct,408,29-Aug,Divya Hotel,Negombo,INV-55800,410,1,,410
Direct,409,29-Aug,Marshal Bakery,Negombo,INV-55807,410,1,,410
Direct,410,29-Aug,Thunhela Rasahala - Dambadeniya,Negombo,INV-55816,410,1,,410
Direct,411,29-Aug,Candenlla Foods,Negombo,INV-55817,410,1,,410
Direct,412,29-Aug,LM Luckymo,Negombo,INV-55820,410,2,,820
Direct,413,29-Aug,Cafe two 88,Negombo,INV-55826,410,1,,410
Direct,414,29-Aug,Priyashanthi Hotel,Negombo,INV-55827,410,2,,820
Direct,415,29-Aug,NR Foods,Negombo,INV-55829,410,1,,410
Direct,416,29-Aug,Star Hotel & Cool Spot,Negombo,INV-55839,410,2,,820
Direct,417,29-Aug,Miura Dutch Edge Hotel (Pvt) Ltd,Negombo,INV-55842,410,5,,"2,050"
Direct,418,29-Aug,New Tajmahal Hotel,Negombo,INV-55843,410,2,,820
Direct,419,29-Aug,Priyantha Sweets,Negombo,INV-55846,410,3,,"1,230"
Direct,420,29-Aug,TTJ Those,Negombo,INV-55849,410,1,,410
Direct,421,29-Aug,NC Hotel,Negombo,INV-55850,410,3,,"1,230"
Direct,422,29-Aug,Zam Zam Hotel,Negombo,INV-55853,410,3,,"1,230"
Direct,423,29-Aug,Negombo Hotel,Negombo,INV-55857,410,1,,410
Direct,424,29-Aug,Praveen Hotel,Negombo,INV-55858,410,1,,410
Direct,425,29-Aug,Happy Bright Hotel,Negombo,INV-55859,410,1,,410
Direct,426,29-Aug,Gemi Gedara,Negombo,INV-55861,410,1,,410
Direct,427,29-Aug,Udaya Bakery,Negombo,INV-55864,410,1,,410
Direct,428,29-Aug,Stars Hotel -Makevita,Negombo,INV-55871,410,3,,"1,230"
Direct,429,29-Aug,LJ Bakery,Negombo,INV-55873,410,2,,820
Direct,430,29-Aug,Castle Family (Nirosh Resturant),Negombo,INV-55876,410,1,,410
Direct,431,29-Aug,Teachers Choice,Negombo,INV-55883,410,5,,"2,050"
Direct,432,29-Aug,Those Kade - Ja Ela (Dosai Kade),Negombo,INV-55889,410,1,,410
Direct,433,29-Aug,Thissera Bakery,Negombo,INV-55890,410,1,,410
Direct,434,29-Aug,Jayalath Traders,Negombo,INV-55896,410,2,,820
Direct,435,29-Aug,Ocean La Banquets (Kochchi Family Resturant),Negombo,INV-55899,410,2,,820
Direct,436,29-Aug,Mathara Bath Kade - Ja Ela,Negombo,INV-55900,410,2,,820
Direct,437,29-Aug,Game Cafe - Ragama,Negombo,INV-55903,410,1,,410
Direct,438,29-Aug,Saffron Resturant - Welisara,Negombo,INV-55906,410,2,,820
Direct,439,29-Aug,Toro talk of the town,Negombo,INV-55914,410,12,,"4,920"
Direct,440,29-Aug,Pathima Food,Negombo,INV-55917,410,1,,410
Direct,441,29-Aug,Chill Bro,Negombo,INV-55918,410,4,,"1,640"
Direct,442,29-Aug,Hot Meal,Negombo,INV-55920,410,2,,820
Direct,443,29-Aug,Induruwa Caters,Negombo,INV-55921,410,12,,"4,920"
Direct,444,29-Aug,Renolika Hotel,Negombo,INV-55923,410,1,,410
Direct,445,29-Aug,Rosa Food,Negombo,INV-55925,410,1,,410
Direct,446,29-Aug,Aradhana Food Solutions (Pvt) Ltd,Negombo,INV-55927,410,2,,820
Direct,447,29-Aug,Burger Master,Negombo,INV-55932,410,1,,410
Direct,448,29-Aug,Chinthaka Hotel,Negombo,INV-55933,410,5,,"2,050"
Direct,449,29-Aug,Lotus Leaf (Dassanayake Hotel),Negombo,INV-55934,410,2,,820
Direct,450,30-Aug,Saminro Reception Hall - Kadawatha,Negombo,AGT2404862,410,10,,"4,100"
Direct,451,30-Aug,Sanmik Food (PVT) Ltd,Negombo,AGT2404864,410,2,,820
Direct,452,30-Aug,Nayomie's Resturant,Negombo,AGT2404865,410,5,,"2,050"
Direct,453,30-Aug,Arie Lagoon,Negombo,AGT2404867,410,2,,820
Direct,454,30-Aug,Jayabima Hotel,Negombo,INV-55936,410,1,,410
Direct,455,30-Aug,Thushan Cafe & Juice Bar,Negombo,INV-55938,410,1,,410
Direct,456,30-Aug,Thushara Bake House,Negombo,INV-55953,410,1,,410
Direct,457,30-Aug,Greens Corner - Negombo (Nafan Hotel),Negombo,INV-55957,410,1,,410
Direct,458,30-Aug,Ranjith Hotel,Negombo,INV-55959,410,1,,410
Direct,459,30-Aug,Negombo Cafe,Negombo,INV-55965,410,2,,820
Direct,460,30-Aug,SS Beach Cafe,Negombo,INV-55967,410,3,,"1,230"
Direct,461,30-Aug,Rizan Tea Corner,Negombo,INV-55968,410,1,,410
Direct,462,30-Aug,Ajmeer Hotel,Negombo,INV-55974,410,3,,"1,230"
Direct,463,30-Aug,TTJ Those,Negombo,INV-55979,410,2,,820
Direct,464,30-Aug,New Rest House,Negombo,INV-55982,410,1,,410
Direct,465,30-Aug,Bread Cart Muddaragama,Negombo,INV-55986,410,6,,"2,460"
Direct,466,30-Aug,Jega Food,Negombo,INV-55994,410,1,,410
Direct,467,30-Aug,Thora Bidi,Negombo,INV-56013,410,16,,"6,560"
Direct,468,30-Aug,The West Town,Negombo,INV-56021,410,3,,"1,230"
Direct,469,30-Aug,Fish & Chips,Negombo,INV-56029,410,1,,410
Direct,470,30-Aug,New Tamarind Tree,Negombo,INV-56039,410,5,,"2,050"
Direct,471,30-Aug,Airport City Hotel - Katunayaka,Negombo,INV-56040,410,16,,"6,560"
Direct,472,30-Aug,Peach Net - Katunayake,Negombo,INV-56044,410,1,,410
Direct,473,30-Aug,Flavours Resturant,Negombo,INV-56047,410,1,,410
Direct,1,1-Sep,Spar negombo,Negombo,AGT2404875,410,2,,820
Direct,2,1-Sep,Calton Factory Katana,Negombo,AGT2404876,410,7,,"2,870"
Direct,3,1-Sep,Light House,Negombo,INV-56051,410,2,,820
Direct,4,1-Sep,Aradhana Food Solutions (Pvt) Ltd,Negombo,INV-56054,410,3,,"1,230"
Direct,5,1-Sep,Praneetha Rasa Bojun - Kurana,Negombo,INV-56063,410,1,,410
Direct,6,1-Sep,Jenat Hotel (I.S Distributor / K.G.M),Negombo,INV-56072,410,3,,"1,230"
Direct,7,1-Sep,Black Nine Resturant,Negombo,INV-56075,410,1,,410
Direct,8,1-Sep,Divya Hotel,Negombo,INV-56076,410,1,,410
Direct,9,1-Sep,Nethmi Foods,Negombo,INV-56078,410,2,,820
Direct,10,1-Sep,Amoda Ranketh Hotel - Akaragama,Negombo,INV-56079,410,1,,410
Direct,11,1-Sep,Divashi Sinhala Hotel,Negombo,INV-56081,410,1,,410
Direct,12,1-Sep,Sisila Hotel,Negombo,INV-56082,410,1,,410
Direct,13,1-Sep,TheW Food Corner (Kusal Hotel / Roshan Food Corner),Negombo,INV-56083,410,2,,820
Direct,14,1-Sep,Best Bite Resturant,Negombo,INV-56085,410,2,,820
Direct,15,1-Sep,Chef King - Kurana,Negombo,INV-56087,410,1,,410
Direct,16,1-Sep,Lavonra Catering Service,Negombo,INV-56090,410,6,,"2,460"
Direct,17,1-Sep,Sandali Bakery,Negombo,INV-56091,410,2,,820
Direct,18,1-Sep,Aruna Hotel,Negombo,INV-56093,410,1,,410
Direct,19,1-Sep,Pasindu Caters,Negombo,INV-56097,410,4,,"1,640"
Direct,20,1-Sep,Che Resturant,Negombo,INV-56098,410,1,,410
Direct,21,1-Sep,Land of Kings Winterfell,Negombo,INV-56101,410,4,,"1,640"
Direct,22,1-Sep,Peach Net - Katunayake,Negombo,INV-56102,410,1,,410
Direct,23,1-Sep,Isuru Caters Pvt Ltd (Leopards) - Gampaha,Negombo,INV-56107,410,5,,"2,050"
Direct,24,1-Sep,Asiri Bakers,Negombo,INV-56110,410,1,,410
Direct,25,1-Sep,Gemunu Hotel,Negombo,INV-56113,410,1,,410
Direct,26,1-Sep,Cinnamon Resi (Zigma Distributor),Negombo,INV-56123,410,2,,820
Direct,27,1-Sep,Siriduwa Hotel - Seeduwa,Negombo,INV-56125,410,1,,410
Direct,28,1-Sep,Rasa Bojun - Gampaha,Negombo,INV-56126,410,2,,820
Direct,29,1-Sep,Golden Bird Bakers,Negombo,INV-56134,410,14,,"5,740"
Direct,30,1-Sep,Fresh Bakers - Gampaha,Negombo,INV-56135,410,1,,410
Direct,31,1-Sep,Susantha Chinees,Negombo,INV-56154,410,6,,"2,460"
Direct,32,1-Sep,Kings Kitchen Family Restaurant,Negombo,INV-56160,410,2,,820
Direct,33,1-Sep,Rashanee Chinese Restaurant - Gampaha,Negombo,INV-56161,410,1,,410
Direct,34,1-Sep,Sundaragma,Negombo,INV-56165,410,2,,820
Direct,35,1-Sep,Chef King Cafe & Restaurant - Minuwangoda,Negombo,INV-56168,410,1,,410
Direct,36,1-Sep,Sandamali Bakers & Hotel,Negombo,INV-56172,410,2,,820
Direct,37,1-Sep,Wijerathna Bakery,Negombo,INV-56176,410,1,,410
Direct,38,1-Sep,Mr Mayoo,Negombo,INV-56177,410,1,,410
Direct,39,1-Sep,Dinushan Hotel & Fruit Center,Negombo,INV-56179,410,2,,820
Direct,40,1-Sep,Happy Bright Hotel,Negombo,INV-56180,410,2,,820
Direct,41,1-Sep,Stars Hotel -Makevita,Negombo,INV-56181,410,2,,820
Direct,42,1-Sep,Cool Feel Hotel,Negombo,INV-56182,410,2,,820
Direct,43,1-Sep,Airport City Hotel - Katunayaka,Negombo,INV-56184,410,11,,"4,510"
Direct,44,1-Sep,New Tamarind Tree,Negombo,INV-56187,410,2,,820
Direct,45,1-Sep,Flavours Resturant,Negombo,INV-56188,410,1,,410
Direct,46,2-Sep,Nihal Hotel,Negombo,INV-56189,410,4,,"1,640"
Direct,47,2-Sep,Dinithi Baker’s,Negombo,INV-56194,410,3,,"1,230"
Direct,48,2-Sep,Thora House,Negombo,INV-56196,410,1,,410
Direct,49,2-Sep,New Rest House,Negombo,INV-56200,410,2,,820
Direct,50,2-Sep,Rich Table Family Restaurant,Negombo,INV-56201,410,1,,410
Direct,51,2-Sep,Full Moon Restaurant - Makadura,Negombo,INV-56207,410,1,,410
Direct,52,2-Sep,Deshaka Bakers,Negombo,INV-56220,410,1,,410
Direct,53,2-Sep,Pradeep Hotel,Negombo,INV-56224,410,1,,410
Direct,54,2-Sep,One Rice - Giriulla,Negombo,INV-56232,410,5,,"2,050"
Direct,55,2-Sep,Kandy Food Corner,Negombo,INV-56234,410,1,,410
Direct,56,2-Sep,Mas Active (Pvt) Ltd,Negombo,INV-56238,410,30,,"12,300"
Direct,57,2-Sep,Cafe two 88,Negombo,INV-56243,410,2,,820
Direct,58,2-Sep,Those Kade - Ja Ela (Dosai Kade),Negombo,INV-56248,410,1,,410
Direct,59,2-Sep,Those Kade - Ja Ela (Dosai Kade),Negombo,INV-56249,410,1,,410
Direct,60,2-Sep,Wasana Cake,Negombo,INV-56251,410,7,,"2,870"
Direct,61,2-Sep,Thissera Bakery,Negombo,INV-56257,410,1,,410
Direct,62,2-Sep,Rice Kade,Negombo,INV-56260,410,1,,410
Direct,63,2-Sep,Lotus Leaf (Dassanayake Hotel),Negombo,INV-56262,410,7,,"2,870"
Direct,64,2-Sep,Sameera Bakery,Negombo,INV-56265,410,9,,"3,690"
Direct,65,2-Sep,Chinthaka Hotel,Negombo,INV-56267,410,5,,"2,050"
Direct,66,2-Sep,Achala Hotel,Negombo,INV-56273,410,1,,410
Direct,67,2-Sep,Rosa Food,Negombo,INV-56275,410,1,,410
Direct,68,2-Sep,Jayalath Traders,Negombo,INV-56276,410,3,,"1,230"
Direct,69,2-Sep,Mathara Bath Kade - Ja Ela,Negombo,INV-56278,410,2,,820
Direct,70,2-Sep,Star Hotel & Cool Spot,Negombo,INV-56279,410,1,,410
Direct,71,2-Sep,N N Food (Pranee Vehicle),Negombo,INV-56283,410,1,,410
Direct,72,2-Sep,Madu Manjula,Negombo,INV-56286,410,3,,"1,230"
Direct,73,2-Sep,New Tajmahal Hotel,Negombo,INV-56288,410,3,,"1,230"
Direct,74,2-Sep,Kamilka Family Restaurant,Negombo,INV-56290,410,2,,820
Direct,75,2-Sep,NC Hotel,Negombo,INV-56295,410,2,,820
Direct,76,2-Sep,Madara Bakery,Negombo,INV-56301,410,2,,820
Direct,77,2-Sep,Ocean La Banquets (Kochchi Family Resturant),Negombo,INV-56303,410,4,,"1,640"
Direct,78,2-Sep,Saffron Resturant - Welisara,Negombo,INV-56312,410,7,,"2,870"
Direct,79,2-Sep,Prasara Washing Plant,Negombo,INV-56313,410,3,,"1,230"
Direct,80,2-Sep,Shine Resturant,Negombo,INV-56315,410,1,,410
Direct,81,2-Sep,Roast Chicken - Kadana (Verona Resturant),Negombo,INV-56324,410,3,,"1,230"
Direct,82,2-Sep,Cabba's Kitchen - Kandana,Negombo,INV-56325,410,2,,820
Direct,83,2-Sep,Prasanna Bakery,Negombo,INV-56329,410,3,,"1,230"
Direct,84,2-Sep,Teachers Choice,Negombo,INV-56332,410,5,,"2,050"
Direct,85,2-Sep,Teachers Choice,Negombo,INV-56333,410,2,,820
Direct,86,2-Sep,Pathima Food,Negombo,INV-56336,410,1,,410
Direct,87,2-Sep,St. Mary's Bakery And Grocery,Negombo,INV-56339,410,3,,"1,230"
Direct,88,2-Sep,Udaya Bakery,Negombo,INV-56340,410,4,,"1,640"
Direct,89,2-Sep,Keshan Food (C & L Bakery),Negombo,INV-56341,410,1,,410
Direct,90,2-Sep,Gihan Bakers - Makadura,Negombo,INV-56342,410,1,,410
Direct,91,2-Sep,Gemi Gedara,Negombo,INV-56345,410,1,,410
Direct,92,2-Sep,Tanganiya Resturant,Negombo,INV-56346,410,2,,820
Direct,93,2-Sep,LM Luckymo,Negombo,INV-56352,410,4,,"1,640"
Direct,94,2-Sep,Priyashanthi Hotel,Negombo,INV-56354,410,2,,820
Direct,95,2-Sep,NR Foods,Negombo,INV-56355,410,1,,410
Direct,96,2-Sep,Zam Zam Hotel,Negombo,INV-56357,410,3,,"1,230"
Direct,97,2-Sep,Aurion Cabans,Negombo,INV-56358,410,1,,410
Direct,98,2-Sep,Aradhana Food Solutions (Pvt) Ltd,Negombo,INV-56359,410,2,,820
Direct,99,3-Sep,Nayomie's Resturant,Negombo,AGT2404906,410,6,,"2,460"
Direct,100,3-Sep,Arie Lagoon,Negombo,AGT2404908,410,2,,820
Direct,101,3-Sep,Earl's Regent Negombo,Negombo,AGT2404910,410,1,,410
Direct,102,3-Sep,Saminro Reception Hall - Kadawatha,Negombo,AGT2404912,410,15,,"6,150"
Direct,103,3-Sep,OHL Restaurant,Negombo,INV-56360,410,1,,410
Direct,104,3-Sep,Thilak Senanayaka Bakery,Negombo,INV-56361,410,1,,410
Direct,105,3-Sep,AYOWA GRAND Hotel,Negombo,INV-56366,410,1,,410
Direct,106,3-Sep,Greens Corner - Negombo (Nafan Hotel),Negombo,INV-56368,410,3,,"1,230"
Direct,107,3-Sep,Ranjith Hotel,Negombo,INV-56370,410,1,,410
Direct,108,3-Sep,Raheemiya Hotel,Negombo,INV-56373,410,1,,410
Direct,109,3-Sep,St. Joseph Hotel,Negombo,INV-56374,410,1,,410
Direct,110,3-Sep,Nethmi Hotel & Banquet,Negombo,INV-56377,410,4,,"1,640"
Direct,111,3-Sep,Bombe Sweet Palace,Negombo,INV-56379,410,10,,"4,100"
Direct,112,3-Sep,Negombo Cafe,Negombo,INV-56385,410,2,,820
Direct,113,3-Sep,Ajmeer Hotel,Negombo,INV-56386,410,5,,"2,050"
Direct,114,3-Sep,TTJ Those,Negombo,INV-56390,410,3,,"1,230"
Direct,115,3-Sep,St. Joseph Reception Hall,Negombo,INV-56406,410,3,,"1,230"
Direct,116,3-Sep,Martin Restaurant & Pizza Lab,Negombo,INV-56413,410,5,,"2,050"
Direct,117,3-Sep,Oyama Catering,Negombo,INV-56436,410,3,,"1,230"
Direct,118,3-Sep,Bread Cart Muddaragama,Negombo,INV-56443,410,8,,"3,280"
Direct,119,3-Sep,Ammeehulla Resturant,Negombo,INV-56444,410,1,,410
Direct,120,3-Sep,New Sea Villa,Negombo,INV-56448,410,2,,820
Direct,121,3-Sep,Peach Net - Katunayake,Negombo,INV-56478,410,1,,410
Direct,122,3-Sep,Senuri Grand Castello,Negombo,INV-56481,410,14,,"5,740"
Direct,123,3-Sep,Airport City Hotel - Katunayaka,Negombo,INV-56489,410,17,,"6,970"
Direct,124,4-Sep,Trust Lanka Suppliers PVT LTD,Negombo,AGT2404928,410,2,,820
Direct,125,4-Sep,Light House,Negombo,INV-56503,410,2,,820
Direct,126,4-Sep,Aradhana Food Solutions (Pvt) Ltd,Negombo,INV-56505,410,3,,"1,230"
Direct,127,4-Sep,Kanchana Food Center,Negombo,INV-56512,410,6,,"2,460"
Direct,128,4-Sep,Nihal Hotel,Negombo,INV-56515,410,2,,820
Direct,129,4-Sep,Sisila Hotel,Negombo,INV-56517,410,1,,410
Direct,130,4-Sep,Jenat Hotel (I.S Distributor / K.G.M),Negombo,INV-56521,410,3,,"1,230"
Direct,131,4-Sep,Che Resturant,Negombo,INV-56523,410,1,,410
Direct,132,4-Sep,Gehan Bake House,Negombo,INV-56526,410,1,,410
Direct,133,4-Sep,Land of Kings Winterfell,Negombo,INV-56528,410,2,,820
Direct,134,4-Sep,Land of Kings Winterfell,Negombo,INV-56529,410,1,,410
Direct,135,4-Sep,Sooriya Cafe & Family Resturant - Badalgama,Negombo,INV-56535,410,1,,410
Direct,136,4-Sep,Isuru Caters Pvt Ltd (Leopards) - Gampaha,Negombo,INV-56537,410,1,,410
Direct,137,4-Sep,Asiri Bakers,Negombo,INV-56541,410,3,,"1,230"
Direct,138,4-Sep,Chef King - Kurana,Negombo,INV-56542,410,2,,820
Direct,139,4-Sep,Fresh Bakers - Gampaha,Negombo,INV-56553,410,1,,410
Direct,140,4-Sep,Pasindu Caters,Negombo,INV-56557,410,1,,410
Direct,141,4-Sep,Lucky Stores,Negombo,INV-56564,410,1,,410
Direct,142,4-Sep,Dinuka Hotel,Negombo,INV-56565,410,5,,"2,050"
Direct,143,4-Sep,Lakshman Bakers,Negombo,INV-56567,410,1,,410
Direct,144,4-Sep,Sunshine restaurant,Negombo,INV-56568,410,4,,"1,640"
Direct,145,4-Sep,Resheen Hotel and Banquets,Negombo,INV-56571,410,5,,"2,050"
Direct,146,4-Sep,Guruge Hotel - Miriswatta,Negombo,INV-56574,410,1,,410
Direct,147,4-Sep,Memento Guest House,Negombo,INV-56580,410,1,,410
Direct,148,4-Sep,Gemunu Hotel,Negombo,INV-56582,410,1,,410
Direct,149,4-Sep,Deshaka Bakers,Negombo,INV-56583,410,3,,"1,230"
Direct,150,4-Sep,Siriduwa Hotel - Seeduwa,Negombo,INV-56584,410,2,,820
Direct,151,4-Sep,CP Caters - Gampaha,Negombo,INV-56590,410,3,,"1,230"
Direct,152,4-Sep,Muthu Hotel & Catering Service,Negombo,INV-56593,410,1,,410
Direct,153,4-Sep,Sundaragma,Negombo,INV-56594,410,3,,"1,230"
Direct,154,4-Sep,Pabasara Dine Family Resturant - Udugampola,Negombo,INV-56596,410,1,,410
Direct,155,4-Sep,Priyantha Sweets,Negombo,INV-56603,410,3,,"1,230"
Direct,156,4-Sep,Flavours Resturant,Negombo,INV-56604,410,1,,410
Direct,157,4-Sep,Nethmi Foods,Negombo,INV-56606,410,2,,820
Direct,158,4-Sep,Badulu Hotel,Negombo,INV-56618,410,1,,410
Direct,159,4-Sep,Stars Hotel -Makevita,Negombo,INV-56621,410,2,,820
Direct,160,4-Sep,Cool Feel Hotel,Negombo,INV-56622,410,2,,820
Direct,161,4-Sep,Cool Feel Hotel,Negombo,INV-56623,410,4,,"1,640"
Direct,162,4-Sep,Black Nine Resturant,Negombo,INV-56624,410,1,,410
Direct,163,4-Sep,One Bambo Hotel,Negombo,INV-56626,410,2,,820
Direct,164,5-Sep,Marshal Bakery,Negombo,INV-56627,410,1,,410
Direct,165,5-Sep,Thora House,Negombo,INV-56629,410,2,,820
Direct,166,5-Sep,Zam Zam Hotel,Negombo,INV-56634,410,4,,"1,640"
Direct,167,5-Sep,Negombo Hotel,Negombo,INV-56635,410,1,,410
Direct,168,5-Sep,Udaya Bakery,Negombo,INV-56637,410,1,,410
Direct,169,5-Sep,SS Beach Cafe,Negombo,INV-56639,410,1,,410
Direct,170,5-Sep,LJ Bakery,Negombo,INV-56640,410,3,,"1,230"
Direct,171,5-Sep,Teachers Choice,Negombo,INV-56643,410,7,,"2,870"
Direct,172,5-Sep,Kochchikade Resturant,Negombo,INV-56645,410,1,,410
Direct,173,5-Sep,Ocean La Banquets (Kochchi Family Resturant),Negombo,INV-56647,410,1,,410
Direct,174,5-Sep,Al Reem Negombo (Pvt) Ltd,Negombo,INV-56654,410,1,,410
Direct,175,5-Sep,Suranga Caters,Negombo,INV-56656,410,7,,"2,870"
Direct,176,5-Sep,Oreeka Hotels - Kandawala,Negombo,INV-56658,410,3,,"1,230"
Direct,177,5-Sep,Nugara Hotel,Negombo,INV-56662,410,2,,820
Direct,178,5-Sep,Rosa Food,Negombo,INV-56664,410,1,,410
Direct,179,5-Sep,The Point Resturant - Negombo,Negombo,INV-56668,410,1,,410
Direct,180,5-Sep,Divashi Sinhala Hotel,Negombo,INV-56670,410,2,,820
Direct,181,5-Sep,Nethmi Foods,Negombo,INV-56673,410,2,,820
Direct,182,6-Sep,Nayomie's Resturant,Negombo,AGT2404941,410,8,,"3,280"
Direct,183,6-Sep,Tharaka Bath Kade,Negombo,INV-56679,410,1,,410
Direct,184,6-Sep,St. Joseph Hotel,Negombo,INV-56683,410,1,,410
Direct,185,6-Sep,Gami Rasa,Negombo,INV-56685,410,1,,410
Direct,186,6-Sep,Onali Foods,Negombo,INV-56688,410,1,,410
Direct,187,6-Sep,Onali Foods,Negombo,INV-56689,410,1,,410
Direct,188,6-Sep,Negombo Cafe,Negombo,INV-56692,410,2,,820
Direct,189,6-Sep,Rizan Tea Corner,Negombo,INV-56693,410,1,,410
Direct,190,6-Sep,Ajmeer Hotel,Negombo,INV-56697,410,4,,"1,640"
Direct,191,6-Sep,Paradise Hotel,Negombo,INV-56705,410,2,,820
Direct,192,6-Sep,TTJ Those,Negombo,INV-56707,410,2,,820
Direct,193,6-Sep,New Rest House,Negombo,INV-56711,410,1,,410
Direct,194,6-Sep,Black Nine Resturant,Negombo,INV-56720,410,1,,410
Direct,195,6-Sep,Pradeep Hotel,Negombo,INV-56724,410,1,,410
Direct,196,6-Sep,Brix Resturant & Cafe,Negombo,INV-56726,410,3,,"1,230"
Direct,197,6-Sep,Greens Corner - Negombo (Nafan Hotel),Negombo,INV-56731,410,2,,820
Direct,198,6-Sep,New Tamarind Tree,Negombo,INV-56739,410,6,,"2,460"
Direct,199,6-Sep,Airport City Hotel - Katunayaka,Negombo,INV-56748,410,22,,"9,020"
Direct,200,6-Sep,Bread Cart Muddaragama,Negombo,INV-56753,410,4,,"1,640"
Direct,201,6-Sep,Kandy Food Corner,Negombo,INV-56754,410,2,,820
Direct,202,6-Sep,Flavours Resturant,Negombo,INV-56766,410,1,,410
Direct,203,6-Sep,Those Kade - Ja Ela (Dosai Kade),Negombo,INV-56769,410,1,,410
Direct,204,6-Sep,Jayalath Traders,Negombo,INV-56775,410,3,,"1,230"
Direct,205,6-Sep,Mathara Bath Kade - Ja Ela,Negombo,INV-56776,410,1,,410
Direct,206,6-Sep,Nethmi Foods,Negombo,INV-56779,410,1,,410
Direct,207,6-Sep,Kavisha Bakers,Negombo,INV-56787,410,1,,410
Direct,208,6-Sep,St. Joseph Reception Hall,Negombo,INV-56789,410,5,,"2,050"
Direct,209,6-Sep,Oyama Catering,Negombo,INV-56790,410,4,,"1,640"
Direct,210,6-Sep,Madara Bakery,Negombo,INV-56793,410,2,,820
Direct,211,6-Sep,Game Cafe - Ragama,Negombo,INV-56797,410,1,,410
Direct,212,6-Sep,Saffron Resturant - Welisara,Negombo,INV-56799,410,3,,"1,230"
Direct,213,6-Sep,Prasanna Bakery,Negombo,INV-56806,410,1,,410
Direct,214,6-Sep,St. Mary's Bakery And Grocery,Negombo,INV-56807,410,1,,410
Direct,215,6-Sep,Pathima Food,Negombo,INV-56812,410,2,,820
Direct,216,6-Sep,Fish & Chips,Negombo,INV-56814,410,1,,410
Direct,217,6-Sep,Sea Horse,Negombo,INV-56816,410,1,,410
Direct,218,6-Sep,Toro talk of the town,Negombo,INV-56817,410,9,,"3,690"
Direct,219,6-Sep,Janatha Hotel,Negombo,INV-56820,410,2,,820
Direct,220,6-Sep,Resturant 87,Negombo,INV-56825,410,1,,410
Direct,221,6-Sep,LM Luckymo,Negombo,INV-56827,410,3,,"1,230"
Direct,222,8-Sep,Christic Lanka Polymers - Badalgama,Negombo,AGT2404953,410,1,,410
Direct,223,8-Sep,Spar Seeduwa,Negombo,AGT2404962,410,1,,410
Direct,224,8-Sep,Sameeha Family Restaurant,Negombo,AGT2404968,410,50,,"20,500"
Direct,225,8-Sep,Nihal Hotel,Negombo,INV-56832,410,4,,"1,640"
Direct,226,8-Sep,Raneesha Bakers,Negombo,INV-56833,410,2,,820
Direct,227,8-Sep,Jenat Hotel (I.S Distributor / K.G.M),Negombo,INV-56836,410,2,,820
Direct,228,8-Sep,Nimsara Hotel,Negombo,INV-56839,410,1,,410
Direct,229,8-Sep,Divya Hotel,Negombo,INV-56840,410,1,,410
Direct,230,8-Sep,Light House,Negombo,INV-56841,410,2,,820
Direct,231,8-Sep,Amoda Ranketh Hotel - Akaragama,Negombo,INV-56843,410,1,,410
Direct,232,8-Sep,Aradhana Food Solutions (Pvt) Ltd,Negombo,INV-56844,410,1,,410
Direct,233,8-Sep,Aruna Hotel,Negombo,INV-56847,410,4,,"1,640"
Direct,234,8-Sep,Geethma Hotel,Negombo,INV-56849,410,2,,820
Direct,235,8-Sep,Sisila Hotel,Negombo,INV-56855,410,1,,410
Direct,236,8-Sep,Sandali Bakery,Negombo,INV-56861,410,1,,410
Direct,237,8-Sep,Chef King - Kurana,Negombo,INV-56864,410,3,,"1,230"
Direct,238,8-Sep,Land of Kings Winterfell,Negombo,INV-56866,410,3,,"1,230"
Direct,239,8-Sep,Lagoon Deck,Negombo,INV-56868,410,2,,820
Direct,240,8-Sep,Isuru Caters Pvt Ltd (Leopards) - Gampaha,Negombo,INV-56873,410,3,,"1,230"
Direct,241,8-Sep,Dinuka Hotel,Negombo,INV-56877,410,3,,"1,230"
Direct,242,8-Sep,Pasindu Caters,Negombo,INV-56881,410,5,,"2,050"
Direct,243,8-Sep,Peach Net - Katunayake,Negombo,INV-56888,410,2,,820
Direct,244,8-Sep,Cinnamon Resi (Zigma Distributor),Negombo,INV-56905,410,1,,410
Direct,245,8-Sep,Gemunu Hotel,Negombo,INV-56907,410,1,,410
Direct,246,8-Sep,Lakshman Bakers,Negombo,INV-56911,410,1,,410
Direct,247,8-Sep,Siriduwa Hotel - Seeduwa,Negombo,INV-56916,410,1,,410
Direct,248,8-Sep,Dinushan Hotel & Fruit Center,Negombo,INV-56926,410,5,,"2,050"
Direct,249,8-Sep,Wijerathna Bakery,Negombo,INV-56932,410,1,,410
Direct,250,8-Sep,Chef King Cafe & Restaurant - Minuwangoda,Negombo,INV-56938,410,1,,410
Direct,251,8-Sep,CP Caters - Gampaha,Negombo,INV-56944,410,3,,"1,230"
Direct,252,8-Sep,Rashanee Chinese Restaurant - Gampaha,Negombo,INV-56952,410,1,,410
Direct,253,8-Sep,Sesindu Sathsilu Product,Negombo,INV-56957,410,23,,"9,430"
Direct,254,8-Sep,Sundaragma,Negombo,INV-56963,410,3,,"1,230"
Direct,255,8-Sep,Airport City Hotel - Katunayaka,Negombo,INV-56965,410,14,,"5,740"
Direct,256,8-Sep,Flavours Resturant,Negombo,INV-56968,410,1,,410
Direct,257,8-Sep,Divashi Sinhala Hotel,Negombo,INV-56970,410,2,,820
Direct,258,8-Sep,Nethmi Foods,Negombo,INV-56972,410,2,,820
Direct,259,8-Sep,Priyantha Sweets,Negombo,INV-56973,410,2,,820
Direct,260,8-Sep,Happy Bright Hotel,Negombo,INV-56975,410,3,,"1,230"
Direct,261,8-Sep,Stars Hotel -Makevita,Negombo,INV-56976,410,1,,410
Direct,262,8-Sep,Cool Feel Hotel,Negombo,INV-56977,410,1,,410
Direct,263,8-Sep,One Bambo Hotel,Negombo,INV-56978,410,1,,410
Direct,264,9-Sep,Rich Table Family Restaurant,Negombo,INV-56979,410,2,,820
Direct,265,9-Sep,La Queens Banquet,Negombo,INV-56980,410,2,,820
Direct,266,9-Sep,Full Moon Restaurant - Makadura,Negombo,INV-56981,410,1,,410
Direct,267,9-Sep,Aradhana Food Solutions (Pvt) Ltd,Negombo,INV-56983,410,3,,"1,230"
Direct,268,9-Sep,Priyashanthi Hotel,Negombo,INV-56993,410,1,,410
Direct,269,9-Sep,N N Food (Pranee Vehicle),Negombo,INV-56999,410,1,,410
Direct,270,9-Sep,Star Hotel & Cool Spot,Negombo,INV-57001,410,1,,410
Direct,271,9-Sep,Mathara Hotel,Negombo,INV-57004,410,1,,410
Direct,272,9-Sep,Zam Zam Hotel,Negombo,INV-57006,410,3,,"1,230"
Direct,273,9-Sep,New Tajmahal Hotel,Negombo,INV-57008,410,6,,"2,460"
Direct,274,9-Sep,Candenlla Foods,Negombo,INV-57010,410,1,,410
Direct,275,9-Sep,LM Luckymo,Negombo,INV-57014,410,3,,"1,230"
Direct,276,9-Sep,Udaya Bakery,Negombo,INV-57017,410,3,,"1,230"
Direct,277,9-Sep,Jayalanka Hotel,Negombo,INV-57018,410,1,,410
Direct,278,9-Sep,Lily Cheese,Negombo,INV-57022,410,1,,410
Direct,279,9-Sep,NC Hotel,Negombo,INV-57024,410,3,,"1,230"
Direct,280,9-Sep,Cafe two 88,Negombo,INV-57038,410,1,,410
Direct,281,9-Sep,Teachers Choice,Negombo,INV-57041,410,9,,"3,690"
Direct,282,9-Sep,Machan - Ekala,Negombo,INV-57062,410,1,,410
Direct,283,9-Sep,Ocean La Banquets (Kochchi Family Resturant),Negombo,INV-57066,410,2,,820
Direct,284,9-Sep,Castle Family (Nirosh Resturant),Negombo,INV-57067,410,1,,410
Direct,285,9-Sep,Prasara Washing Plant,Negombo,INV-57075,410,2,,820
Direct,286,9-Sep,Those Kade - Ja Ela (Dosai Kade),Negombo,INV-57091,410,1,,410
Direct,287,9-Sep,Hattiya - Kattuwa,Negombo,INV-57093,410,1,,410
Direct,288,9-Sep,Tanganiya Resturant,Negombo,INV-57095,410,1,,410
Direct,289,9-Sep,Thissera Bakery,Negombo,INV-57096,410,1,,410
Direct,290,9-Sep,Sameera Bakery,Negombo,INV-57105,410,12,,"4,920"
Direct,291,9-Sep,Madu Manjula,Negombo,INV-57111,410,4,,"1,640"
Direct,292,9-Sep,Deshaka Bakers,Negombo,INV-57113,410,1,,410
Direct,293,9-Sep,Madara Bakery,Negombo,INV-57118,410,1,,410
Direct,294,9-Sep,Rice Kade,Negombo,INV-57119,410,1,,410
Direct,295,9-Sep,Chinthaka Hotel,Negombo,INV-57121,410,5,,"2,050"
Direct,296,9-Sep,Saffron Resturant - Welisara,Negombo,INV-57126,410,3,,"1,230"
Direct,297,9-Sep,Wasana Cake,Negombo,INV-57129,410,7,,"2,870"
Direct,298,9-Sep,Shine Resturant,Negombo,INV-57130,410,1,,410
Direct,299,9-Sep,Rosa Food,Negombo,INV-57134,410,1,,410
Direct,300,9-Sep,Tharaka chinese restaurent and beer pub,Negombo,INV-57137,410,2,,820
Direct,301,9-Sep,Roast Chicken - Kadana (Verona Resturant),Negombo,INV-57138,410,2,,820
Direct,302,9-Sep,Prasanna Bakery,Negombo,INV-57143,410,1,,410
Direct,303,9-Sep,Oven Fresh Bakery & Cafe,Negombo,INV-57146,410,1,,410
Direct,304,9-Sep,St. Mary's Bakery And Grocery,Negombo,INV-57148,410,2,,820
Direct,305,9-Sep,Keshan Food (C & L Bakery),Negombo,INV-57151,410,1,,410
Direct,306,9-Sep,The Point Resturant - Negombo,Negombo,INV-57153,410,1,,410
Direct,307,9-Sep,Tanganiya Resturant,Negombo,INV-57154,410,1,,410
Direct,308,9-Sep,New Rest House,Negombo,AGDPL127635,410,1,,410
Direct,309,10-Sep,Saminro Reception Hall - Kadawatha,Negombo,AGT2404985,410,15,,"6,150"
Direct,310,10-Sep,Nayomie's Resturant,Negombo,AGT2404988,410,6,,"2,460"
Direct,311,10-Sep,Sanmik Food (PVT) Ltd,Negombo,AGT2404989,410,1,,410
Direct,312,10-Sep,OHL Restaurant,Negombo,INV-57155,410,1,,410
Direct,313,10-Sep,Thushan Cafe & Juice Bar,Negombo,INV-57156,410,1,,410
Direct,314,10-Sep,Greens Corner - Negombo (Nafan Hotel),Negombo,INV-57163,410,3,,"1,230"
Direct,315,10-Sep,Ranjith Hotel,Negombo,INV-57166,410,1,,410
Direct,316,10-Sep,Ravindu Hotel,Negombo,INV-57168,410,1,,410
Direct,317,10-Sep,Raheemiya Hotel,Negombo,INV-57170,410,1,,410
Direct,318,10-Sep,St. Joseph Hotel,Negombo,INV-57171,410,1,,410
Direct,319,10-Sep,Real Bombay Sweets,Negombo,INV-57173,410,1,,410
Direct,320,10-Sep,Gami Rasa,Negombo,INV-57176,410,1,,410
Direct,321,10-Sep,Sisil Sewana,Negombo,INV-57177,410,1,,410
Direct,322,10-Sep,Negombo Cafe,Negombo,INV-57185,410,5,,"2,050"
Direct,323,10-Sep,Rizan Tea Corner,Negombo,INV-57186,410,1,,410
Direct,324,10-Sep,Ajmeer Hotel,Negombo,INV-57189,410,2,,820
Direct,325,10-Sep,Coronation Restaurant & Bar,Negombo,INV-57191,410,2,,820
Direct,326,10-Sep,Senuri Grand Castello,Negombo,INV-57194,410,11,,"4,510"
Direct,327,10-Sep,Paradise Hotel,Negombo,INV-57195,410,1,,410
Direct,328,10-Sep,TTJ Those,Negombo,INV-57199,410,4,,"1,640"
Direct,329,10-Sep,New Rest House,Negombo,INV-57203,410,1,,410
Direct,330,10-Sep,Dolphin Hotel,Negombo,INV-57215,410,2,,820
Direct,331,10-Sep,St. Joseph Reception Hall,Negombo,INV-57235,410,4,,"1,640"
Direct,332,10-Sep,Bread Cart Muddaragama,Negombo,INV-57238,410,6,,"2,460"
Direct,333,10-Sep,New Sea Villa,Negombo,INV-57258,410,2,,820
Direct,334,10-Sep,Superma Food And Bakers,Negombo,INV-57263,410,11,,"4,510"
Direct,335,10-Sep,Airport City Hotel - Katunayaka,Negombo,INV-57266,410,13,,"5,330"
Direct,336,10-Sep,Flavours Resturant,Negombo,INV-57268,410,1,,410
Direct,337,10-Sep,The Blue Moya Resort & Resturant,Negombo,INV-57276,410,1,,410
Direct,338,10-Sep,Fish & Chips,Negombo,INV-57277,410,1,,410
Direct,339,11-Sep,Calton Factory Katana,Negombo,AGT2405005,410,17,,"6,970"
Direct,340,11-Sep,Trust Lanka Suppliers PVT LTD,Negombo,AGT2405006,410,1,,410
Direct,341,11-Sep,Nihal Hotel,Negombo,INV-57281,410,1,,410
Direct,342,11-Sep,Jenat Hotel (I.S Distributor / K.G.M),Negombo,INV-57283,410,3,,"1,230"
Direct,343,11-Sep,Nimsara Hotel,Negombo,INV-57285,410,1,,410
Direct,344,11-Sep,Light House,Negombo,INV-57286,410,1,,410
Direct,345,11-Sep,Aradhana Food Solutions (Pvt) Ltd,Negombo,INV-57288,410,2,,820
Direct,346,11-Sep,Amoda Ranketh Hotel - Akaragama,Negombo,INV-57289,410,1,,410
Direct,347,11-Sep,Cabana Cafe & Resturant,Negombo,INV-57291,410,1,,410
Direct,348,11-Sep,Sooriya Cafe & Family Resturant - Badalgama,Negombo,INV-57293,410,1,,410
Direct,349,11-Sep,Lavonra Catering Service,Negombo,INV-57296,410,13,,"5,330"
Direct,350,11-Sep,Divashi Sinhala Hotel,Negombo,INV-57300,410,2,,820
Direct,351,11-Sep,Sisila Hotel,Negombo,INV-57311,410,1,,410
Direct,352,11-Sep,Pasindu Caters,Negombo,INV-57314,410,3,,"1,230"
Direct,353,11-Sep,Best Bite Resturant,Negombo,INV-57316,410,2,,820
Direct,354,11-Sep,Che Resturant,Negombo,INV-57321,410,1,,410
Direct,355,11-Sep,Land of Kings Winterfell,Negombo,INV-57324,410,4,,"1,640"
Direct,356,11-Sep,Gemunu Hotel,Negombo,INV-57330,410,1,,410
Direct,357,11-Sep,Gemunu Hotel,Negombo,INV-57332,410,2,,820
Direct,358,11-Sep,Dr. Food Resturant- Gampaha,Negombo,INV-57335,410,1,,410
Direct,359,11-Sep,Dinuka Hotel,Negombo,INV-57336,410,3,,"1,230"
Direct,360,11-Sep,Isuru Caters Pvt Ltd (Leopards) - Gampaha,Negombo,INV-57338,410,2,,820
Direct,361,11-Sep,Sunshine restaurant,Negombo,INV-57339,410,3,,"1,230"
Direct,362,11-Sep,Kings Kitchen Family Restaurant,Negombo,INV-57345,410,3,,"1,230"
Direct,363,11-Sep,Asiri Bakers,Negombo,INV-57352,410,2,,820
Direct,364,11-Sep,Golden Bird Bakers,Negombo,INV-57357,410,16,,"6,560"
Direct,365,11-Sep,Tango Bake House,Negombo,INV-57364,410,4,,"1,640"
Direct,366,11-Sep,Muthu Hotel & Catering Service,Negombo,INV-57366,410,1,,410
Direct,367,11-Sep,Wijerathna Bakery,Negombo,INV-57372,410,1,,410
Direct,368,11-Sep,Mahaweli Hotel,Negombo,INV-57376,410,1,,410
Direct,369,11-Sep,Memento Guest House,Negombo,INV-57380,410,1,,410
Direct,370,11-Sep,New Tamarind Tree,Negombo,INV-57386,410,4,,"1,640"
Direct,371,11-Sep,Rashanee Chinese Restaurant - Gampaha,Negombo,INV-57387,410,1,,410
Direct,372,11-Sep,Nethmi Foods,Negombo,INV-57389,410,3,,"1,230"
Direct,373,11-Sep,Sundaragma,Negombo,INV-57393,410,1,,410
Direct,374,11-Sep,Pabasara Dine Family Resturant - Udugampola,Negombo,INV-57395,410,1,,410
Direct,375,11-Sep,Cool Feel Hotel,Negombo,INV-57403,410,2,,820
Direct,376,11-Sep,Toro talk of the town,Negombo,INV-57404,410,10,,"4,100"
Direct,377,11-Sep,Black Nine Resturant,Negombo,INV-57405,410,1,,410
Direct,378,11-Sep,One Bambo Hotel,Negombo,INV-57406,410,1,,410
Direct,379,11-Sep,The Point Resturant - Negombo,Negombo,INV-57407,410,2,,820
Direct,380,11-Sep,Flavours Resturant,Negombo,INV-57408,410,1,,410
Direct,381,11-Sep,Rosa Food,Negombo,INV-57410,410,1,,410
Direct,382,12-Sep,Ramada,Negombo,AGT2405011,410,3,,"1,230"
Direct,383,12-Sep,Thunhela Rasahala - Dambadeniya,Negombo,INV-57424,410,2,,820
Direct,384,12-Sep,Priyashanthi Hotel,Negombo,INV-57426,410,1,,410
Direct,385,12-Sep,NR Foods,Negombo,INV-57429,410,1,,410
Direct,386,12-Sep,Deshaka Bakers,Negombo,INV-57431,410,2,,820
Direct,387,12-Sep,Mathara Hotel,Negombo,INV-57434,410,1,,410
Direct,388,12-Sep,SS Beach Cafe,Negombo,INV-57435,410,1,,410
Direct,389,12-Sep,LM Luckymo,Negombo,INV-57443,410,3,,"1,230"
Direct,390,12-Sep,Zam Zam Hotel,Negombo,INV-57447,410,3,,"1,230"
Direct,391,12-Sep,Cafe two 88,Negombo,INV-57452,410,1,,410
Direct,392,12-Sep,Kandy Food Corner,Negombo,INV-57453,410,1,,410
Direct,393,12-Sep,Udaya Bakery,Negombo,INV-57457,410,1,,410
Direct,394,12-Sep,Pradeep Hotel - Ekala,Negombo,INV-57458,410,1,,410
Direct,395,12-Sep,Samudra Hotel (Abishek),Negombo,INV-57462,410,1,,410
Direct,396,12-Sep,Star Hotel & Cool Spot,Negombo,INV-57464,410,2,,820
Direct,397,12-Sep,LJ Bakery,Negombo,INV-57469,410,1,,410
Direct,398,12-Sep,New Tajmahal Hotel,Negombo,INV-57470,410,3,,"1,230"
Direct,399,12-Sep,Those Kade - Ja Ela (Dosai Kade),Negombo,INV-57472,410,1,,410
Direct,400,12-Sep,Teachers Choice,Negombo,INV-57476,410,6,,"2,460"
Direct,401,12-Sep,Thissera Bakery,Negombo,INV-57477,410,2,,820
Direct,402,12-Sep,Jayalath Traders,Negombo,INV-57486,410,3,,"1,230"
Direct,403,12-Sep,Kamilka Family Restaurant,Negombo,INV-57491,410,2,,820
Direct,404,12-Sep,Madara Bakery,Negombo,INV-57494,410,1,,410
Direct,405,12-Sep,Game Cafe - Ragama,Negombo,INV-57497,410,1,,410
Direct,406,12-Sep,Suranga Caters,Negombo,INV-57499,410,4,,"1,640"
Direct,407,12-Sep,Saffron Resturant - Welisara,Negombo,INV-57502,410,6,,"2,460"
Direct,408,12-Sep,Aurion Cabans,Negombo,INV-57503,410,1,,410
Direct,409,12-Sep,Roast Chicken - Kadana (Verona Resturant),Negombo,INV-57506,410,1,,410
Direct,410,12-Sep,Lotus Leaf (Dassanayake Hotel),Negombo,INV-57508,410,10,,"4,100"
Direct,411,12-Sep,Cabba's Kitchen - Kandana,Negombo,INV-57509,410,3,,"1,230"
Direct,412,12-Sep,Sethsawi Banquet Hall,Negombo,INV-57511,410,2,,820
Direct,413,12-Sep,Prasanna Bakery,Negombo,INV-57512,410,2,,820
Direct,414,12-Sep,Pathima Food,Negombo,INV-57517,410,1,,410
Direct,415,12-Sep,Pathima Food,Negombo,INV-57521,410,1,,410
Direct,416,12-Sep,Weligampitiya Hotel,Negombo,INV-57527,410,2,,820
Direct,417,12-Sep,Gihan Bakers - Makadura,Negombo,INV-57534,410,1,,410
Direct,418,12-Sep,Hot Meal,Negombo,INV-57535,410,2,,820
Direct,419,12-Sep,Full Moon Restaurant - Makadura,Negombo,INV-57536,410,1,,410
Direct,420,12-Sep,Dinithi Baker’s,Negombo,INV-57538,410,4,,"1,640"
Direct,421,13-Sep,Nayomie's Resturant,Negombo,AGT2405033,410,5,,"2,050"
Direct,422,13-Sep,Hotel Blooming,Negombo,INV-57541,410,2,,820
Direct,423,13-Sep,Thilak Senanayaka Bakery,Negombo,INV-57543,410,1,,410
Direct,424,13-Sep,Airport City Hotel - Katunayaka,Negombo,INV-57569,410,18,,"7,380"
Direct,425,13-Sep,Nethmi Hotel & Banquet,Negombo,INV-57583,410,2,,820
Direct,426,13-Sep,Ranjith Hotel,Negombo,INV-57591,410,1,,410
Direct,427,13-Sep,Gami Rasa,Negombo,INV-57594,410,1,,410
Direct,428,13-Sep,Bombe Sweet Palace,Negombo,INV-57597,410,10,,"4,100"
Direct,429,13-Sep,Ajmeer Hotel,Negombo,INV-57602,410,3,,"1,230"
Direct,430,13-Sep,TTJ Those,Negombo,INV-57605,410,2,,820
Direct,431,13-Sep,New Rest House,Negombo,INV-57613,410,1,,410
Direct,432,13-Sep,Jega Food,Negombo,INV-57622,410,1,,410
Direct,433,13-Sep,Bread Cart Muddaragama,Negombo,INV-57623,410,10,,"4,100"
Direct,434,13-Sep,Martin Restaurant & Pizza Lab,Negombo,INV-57624,410,3,,"1,230"
Direct,435,13-Sep,St Anne Bakery,Negombo,INV-57626,410,1,,410
Direct,436,13-Sep,Oyama Catering,Negombo,INV-57627,410,5,,"2,050"
Direct,437,13-Sep,Rani Beach Resort,Negombo,INV-57636,410,1,,410
Direct,438,13-Sep,Big Nana Biriyani House,Negombo,INV-57638,410,1,,410
Direct,439,13-Sep,Cafe Cassendro,Negombo,INV-57639,410,1,,410
Direct,440,13-Sep,Chill Bro,Negombo,INV-57646,410,4,,"1,640"
Direct,441,13-Sep,Aradhana Food Solutions (Pvt) Ltd,Negombo,INV-57647,410,2,,820
Direct,442,13-Sep,Greens Corner - Negombo (Nafan Hotel),Negombo,INV-57648,410,2,,820
Direct,443,15-Sep,Nihal Hotel,Negombo,INV-57649,410,3,,"1,230"
Direct,444,15-Sep,Jenat Hotel (I.S Distributor / K.G.M),Negombo,INV-57653,410,5,,"2,050"
Direct,445,15-Sep,Nimsara Hotel,Negombo,INV-57656,410,1,,410
Direct,446,15-Sep,Amoda Ranketh Hotel - Akaragama,Negombo,INV-57658,410,1,,410
Direct,447,15-Sep,Aruna Hotel,Negombo,INV-57666,410,2,,820
Direct,448,15-Sep,Sisila Hotel,Negombo,INV-57679,410,1,,410
Direct,449,15-Sep,Sandali Bakery,Negombo,INV-57684,410,1,,410
Direct,450,15-Sep,Che Resturant,Negombo,INV-57686,410,1,,410
Direct,451,15-Sep,Land of Kings Winterfell,Negombo,INV-57688,410,3,,"1,230"
Direct,452,15-Sep,Light House,Negombo,INV-57691,410,2,,820
Direct,453,15-Sep,Aradhana Food Solutions (Pvt) Ltd,Negombo,INV-57693,410,3,,"1,230"
Direct,454,15-Sep,Asiri Bakers,Negombo,INV-57697,410,4,,"1,640"
Direct,455,15-Sep,Isuru Caters Pvt Ltd (Leopards) - Gampaha,Negombo,INV-57699,410,4,,"1,640"
Direct,456,15-Sep,Praneetha Rasa Bojun - Kurana,Negombo,INV-57702,410,1,,410
Direct,457,15-Sep,Sandamali Bakers & Hotel,Negombo,INV-57712,410,6,,"2,460"
Direct,458,15-Sep,Chef King - Kurana,Negombo,INV-57719,410,1,,410
Direct,459,15-Sep,Chef King - Kurana,Negombo,INV-57720,410,1,,410
Direct,460,15-Sep,Lakshman Bakers,Negombo,INV-57735,410,1,,410
Direct,461,15-Sep,Guruge Hotel - Miriswatta,Negombo,INV-57739,410,1,,410
Direct,462,15-Sep,Mahaweli Hotel,Negombo,INV-57746,410,1,,410
Direct,463,15-Sep,Mr Mayoo,Negombo,INV-57748,410,1,,410
Direct,464,15-Sep,Rashanee Chinese Restaurant - Gampaha,Negombo,INV-57755,410,1,,410
Direct,465,15-Sep,Tango Bake House,Negombo,INV-57756,410,3,,"1,230"
Direct,466,15-Sep,Chef King Cafe & Restaurant - Minuwangoda,Negombo,INV-57758,410,1,,410
Direct,467,15-Sep,Sundaragma,Negombo,INV-57760,410,3,,"1,230"
Direct,468,15-Sep,Pabasara Dine Family Resturant - Udugampola,Negombo,INV-57762,410,1,,410
Direct,469,15-Sep,Sesindu Sathsilu Product,Negombo,INV-57763,410,10,,"4,100"
Direct,470,15-Sep,Airport City Hotel - Katunayaka,Negombo,INV-57765,410,18,,"7,380"
Direct,471,15-Sep,New Tamarind Tree,Negombo,INV-57768,410,6,,"2,460"
Direct,472,15-Sep,Priyantha Sweets,Negombo,INV-57769,410,3,,"1,230"
Direct,473,15-Sep,Siriduwa Hotel - Seeduwa,Negombo,INV-57770,410,4,,"1,640"
Direct,474,15-Sep,Happy Bright Hotel,Negombo,INV-57772,410,3,,"1,230"
Direct,475,15-Sep,Cinnamon Resi (Zigma Distributor),Negombo,INV-57773,410,2,,820
Direct,476,15-Sep,Stars Hotel -Makevita,Negombo,INV-57774,410,4,,"1,640"
Direct,477,15-Sep,Peach Net - Katunayake,Negombo,INV-57775,410,3,,"1,230"
Direct,478,15-Sep,Castle Family (Nirosh Resturant),Negombo,INV-57776,410,1,,410
Direct,479,15-Sep,Nethmi Foods,Negombo,INV-57777,410,2,,820
Direct,480,15-Sep,Black Nine Resturant,Negombo,INV-57778,410,1,,410
Direct,481,15-Sep,One Bambo Hotel,Negombo,INV-57779,410,2,,820
Direct,1,16-Sep,Pasindu Caters,Negombo,INV-57784,410,5,,"2,050"
Direct,2,16-Sep,Full Moon Restaurant - Makadura,Negombo,INV-57790,410,1,,410
Direct,3,16-Sep,Deshaka Bakers,Negombo,INV-57797,410,1,,410
Direct,4,16-Sep,Pradeep Hotel - Ekala,Negombo,INV-57804,410,1,,410
Direct,5,16-Sep,Thunhela Rasahala - Dambadeniya,Negombo,INV-57806,410,1,,410
Direct,6,16-Sep,Wasana Cake,Negombo,INV-57815,410,10,,"4,100"
Direct,7,16-Sep,Kandy Food Corner,Negombo,INV-57820,410,1,,410
Direct,8,16-Sep,Cafe two 88,Negombo,INV-57827,410,1,,410
Direct,9,16-Sep,Those Kade - Ja Ela (Dosai Kade),Negombo,INV-57839,410,1,,410
Direct,10,16-Sep,Sumith Hotel,Negombo,INV-57845,410,1,,410
Direct,11,16-Sep,Sameera Bakery,Negombo,INV-57846,410,8,,"3,280"
Direct,12,16-Sep,Mathara Bath Kade - Ja Ela,Negombo,INV-57858,410,2,,820
Direct,13,16-Sep,Star Hotel & Cool Spot,Negombo,INV-57860,410,1,,410
Direct,14,16-Sep,NR Foods,Negombo,INV-57864,410,1,,410
Direct,15,16-Sep,New Tajmahal Hotel,Negombo,INV-57865,410,2,,820
Direct,16,16-Sep,NC Hotel,Negombo,INV-57869,410,3,,"1,230"
Direct,17,16-Sep,Madu Manjula,Negombo,INV-57870,410,5,,"2,050"
Direct,18,16-Sep,Madara Bakery,Negombo,INV-57876,410,1,,410
Direct,19,16-Sep,Zam Zam Hotel,Negombo,INV-57881,410,3,,"1,230"
Direct,20,16-Sep,Game Cafe - Ragama,Negombo,INV-57883,410,1,,410
Direct,21,16-Sep,Saffron Resturant - Welisara,Negombo,INV-57885,410,3,,"1,230"
Direct,22,16-Sep,Al Reem Negombo (Pvt) Ltd,Negombo,INV-57886,410,1,,410
Direct,23,16-Sep,Gemi Gedara,Negombo,INV-57894,410,1,,410
Direct,24,16-Sep,Roast Chicken - Kadana (Verona Resturant),Negombo,INV-57896,410,1,,410
Direct,25,16-Sep,Udaya Bakery,Negombo,INV-57898,410,3,,"1,230"
Direct,26,16-Sep,Teachers Choice,Negombo,INV-57907,410,7,,"2,870"
Direct,27,16-Sep,St. Mary's Bakery And Grocery,Negombo,INV-57912,410,3,,"1,230"
Direct,28,16-Sep,Keshan Food (C & L Bakery),Negombo,INV-57915,410,1,,410
Direct,29,16-Sep,La Grande - Banquet Hotel,Negombo,INV-57918,410,1,,410
Direct,30,16-Sep,Ocean La Banquets (Kochchi Family Resturant),Negombo,INV-57919,410,2,,820
Direct,31,16-Sep,Janatha Hotel,Negombo,INV-57923,410,2,,820
Direct,32,16-Sep,Prasara Washing Plant,Negombo,INV-57930,410,2,,820
Direct,33,16-Sep,LM Luckymo,Negombo,INV-57931,410,2,,820
Direct,34,16-Sep,Chinthaka Hotel,Negombo,INV-57936,410,5,,"2,050"
Direct,35,16-Sep,Rosa Food,Negombo,INV-57937,410,1,,410
Direct,36,16-Sep,Optimum Restaurant,Negombo,INV-57939,410,1,,410
Direct,37,16-Sep,N N Food (Pranee Vehicle),Negombo,INV-57940,410,1,,410
Direct,38,16-Sep,Ayu Care Medical Center,Negombo,INV-57941,410,1,,410
Direct,39,16-Sep,The Point Resturant - Negombo,Negombo,INV-57943,410,2,,820
Direct,40,17-Sep,Nayomie's Resturant,Negombo,AGT2405074,410,6,,"2,460"
Direct,41,17-Sep,Sanmik Food (PVT) Ltd,Negombo,AGT2405076,410,1,,410
Direct,42,17-Sep,Aradhana Food Solutions (Pvt) Ltd,Negombo,INV-57952,410,3,,"1,230"
Direct,43,17-Sep,Greens Corner - Negombo (Nafan Hotel),Negombo,INV-57956,410,3,,"1,230"
Direct,44,17-Sep,Ranjith Hotel,Negombo,INV-57957,410,1,,410
Direct,45,17-Sep,Raheemiya Hotel,Negombo,INV-57960,410,1,,410
Direct,46,17-Sep,St. Joseph Hotel,Negombo,INV-57964,410,1,,410
Direct,47,17-Sep,Onali Foods,Negombo,INV-57965,410,1,,410
Direct,48,17-Sep,Sisil Sewana,Negombo,INV-57967,410,1,,410
Direct,49,17-Sep,Negombo Cafe,Negombo,INV-57970,410,5,,"2,050"
Direct,50,17-Sep,Ajmeer Hotel,Negombo,INV-57975,410,3,,"1,230"
Direct,51,17-Sep,TTJ Those,Negombo,INV-57979,410,4,,"1,640"
Direct,52,17-Sep,New Rest House,Negombo,INV-57983,410,2,,820
Direct,53,17-Sep,St. Joseph Reception Hall,Negombo,INV-58000,410,6,,"2,460"
Direct,54,17-Sep,The West Town,Negombo,INV-58014,410,1,,410
Direct,55,17-Sep,Toro talk of the town,Negombo,INV-58030,410,10,,"4,100"
Direct,56,17-Sep,Bread Cart Muddaragama,Negombo,INV-58039,410,10,,"4,100"
Direct,57,17-Sep,The Blue Moya Resort & Resturant,Negombo,INV-58042,410,1,,410
Direct,58,17-Sep,Hot & Cool Restaurant,Negombo,INV-58045,410,1,,410
Direct,59,17-Sep,Senuri Grand Castello,Negombo,INV-58048,410,21,,"8,610"
Direct,60,18-Sep,Imo Chicken & Agro Processing Plant Loluwagoda,Negombo,AGT2405084,410,1,,410
Direct,61,18-Sep,Damro Factory - Loluwagoda,Negombo,AGT2405089,410,3,,"1,230"
Direct,62,18-Sep,Trust Lanka Suppliers PVT LTD,Negombo,AGT2405094,410,1,,410
Direct,63,18-Sep,Nihal Hotel,Negombo,INV-58060,410,2,,820
Direct,64,18-Sep,Jenat Hotel (I.S Distributor / K.G.M),Negombo,INV-58062,410,2,,820
Direct,65,18-Sep,Sooriya Cafe & Family Resturant - Badalgama,Negombo,INV-58063,410,1,,410
Direct,66,18-Sep,Cabana Cafe & Resturant,Negombo,INV-58068,410,1,,410
Direct,67,18-Sep,Praneetha Rasa Bojun - Kurana,Negombo,INV-58070,410,1,,410
Direct,68,18-Sep,Sisila Hotel,Negombo,INV-58071,410,1,,410
Direct,69,18-Sep,Athiliya,Negombo,INV-58073,410,1,,410
Direct,70,18-Sep,Divashi Sinhala Hotel,Negombo,INV-58080,410,1,,410
Direct,71,18-Sep,Sandali Bakery,Negombo,INV-58082,410,1,,410
Direct,72,18-Sep,Dinuka Hotel,Negombo,INV-58083,410,4,,"1,640"
Direct,73,18-Sep,Che Resturant,Negombo,INV-58085,410,1,,410
Direct,74,18-Sep,Sunshine restaurant,Negombo,INV-58089,410,4,,"1,640"
Direct,75,18-Sep,Land of Kings Winterfell,Negombo,INV-58090,410,4,,"1,640"
Direct,76,18-Sep,Resheen Hotel and Banquets,Negombo,INV-58093,410,7,,"2,870"
Direct,77,18-Sep,Kings Kitchen Family Restaurant,Negombo,INV-58096,410,2,,820
Direct,78,18-Sep,Asiri Bakers,Negombo,INV-58102,410,2,,820
Direct,79,18-Sep,Ranka Take Away Food Cabin,Negombo,INV-58103,410,1,,410
Direct,80,18-Sep,Isuru Caters Pvt Ltd (Leopards) - Gampaha,Negombo,INV-58105,410,3,,"1,230"
Direct,81,18-Sep,Pasindu Caters,Negombo,INV-58108,410,3,,"1,230"
Direct,82,18-Sep,Sandamali Bakers & Hotel,Negombo,INV-58111,410,4,,"1,640"
Direct,83,18-Sep,Gemunu Hotel,Negombo,INV-58120,410,1,,410
Direct,84,18-Sep,Siriduwa Hotel - Seeduwa,Negombo,INV-58132,410,1,,410
Direct,85,18-Sep,Memento Guest House,Negombo,INV-58136,410,1,,410
Direct,86,18-Sep,Sundaragma,Negombo,INV-58140,410,2,,820
Direct,87,18-Sep,Tharaka chinese restaurent and beer pub,Negombo,INV-58141,410,1,,410
Direct,88,18-Sep,Golden Bird Bakers,Negombo,INV-58142,410,11,,"4,510"
Direct,89,18-Sep,Lucky Stores,Negombo,INV-58148,410,2,,820
Direct,90,18-Sep,Thushara Bake House,Negombo,INV-58152,410,1,,410
Direct,91,18-Sep,Kanchana Food Center,Negombo,INV-58153,410,6,,"2,460"
Direct,92,18-Sep,The Emprean Hotel,Negombo,INV-58154,410,5,,"2,050"
Direct,93,18-Sep,Mahaweli Hotel,Negombo,INV-58157,410,1,,410
Direct,94,18-Sep,Badulu Hotel,Negombo,INV-58161,410,1,,410
Direct,95,18-Sep,Chamudika Hotel,Negombo,INV-58164,410,2,,820
Direct,96,18-Sep,Black Nine Resturant,Negombo,INV-58165,410,1,,410
Direct,97,18-Sep,Airport City Hotel - Katunayaka,Negombo,INV-58166,410,18,,"7,380"
Direct,98,18-Sep,One Bambo Hotel,Negombo,INV-58167,410,1,,410
Direct,99,18-Sep,Nethmi Foods,Negombo,INV-58169,410,3,,"1,230"
Direct,100,19-Sep,Light House,Negombo,INV-58179,410,1,,410
Direct,101,19-Sep,Aradhana Food Solutions (Pvt) Ltd,Negombo,INV-58181,410,1,,410
Direct,102,19-Sep,Mathara Hotel,Negombo,INV-58184,410,1,,410
Direct,103,19-Sep,Marshal Bakery,Negombo,INV-58185,410,1,,410
Direct,104,19-Sep,LM Luckymo,Negombo,INV-58190,410,4,,"1,640"
Direct,105,19-Sep,Dolphin Hotel,Negombo,INV-58196,410,1,,410
Direct,106,19-Sep,Cafe two 88,Negombo,INV-58197,410,1,,410
Direct,107,19-Sep,Those Kade - Ja Ela (Dosai Kade),Negombo,INV-58220,410,1,,410
Direct,108,19-Sep,Thissera Bakery,Negombo,INV-58224,410,1,,410
Direct,109,19-Sep,Jayalath Traders,Negombo,INV-58227,410,3,,"1,230"
Direct,110,19-Sep,New Tamarind Tree,Negombo,INV-58230,410,4,,"1,640"
Direct,111,19-Sep,Mathara Bath Kade - Ja Ela,Negombo,INV-58231,410,1,,410
Direct,112,19-Sep,Kamilka Family Restaurant,Negombo,INV-58234,410,2,,820
Direct,113,19-Sep,Madara Bakery,Negombo,INV-58236,410,1,,410
Direct,114,19-Sep,Game Cafe - Ragama,Negombo,INV-58243,410,1,,410
Direct,115,19-Sep,Shine Resturant,Negombo,INV-58246,410,1,,410
Direct,116,19-Sep,The Grill Master,Negombo,INV-58248,410,1,,410
Direct,117,19-Sep,Roast Chicken - Kadana (Verona Resturant),Negombo,INV-58252,410,3,,"1,230"
Direct,118,19-Sep,Priyashanthi Hotel,Negombo,INV-58254,410,1,,410
Direct,119,19-Sep,Cabba's Kitchen - Kandana,Negombo,INV-58256,410,2,,820
Direct,120,19-Sep,NR Foods,Negombo,INV-58258,410,1,,410
Direct,121,19-Sep,St. Mary's Bakery And Grocery,Negombo,INV-58260,410,3,,"1,230"
Direct,122,19-Sep,Pathima Food,Negombo,INV-58262,410,2,,820
Direct,123,19-Sep,Zam Zam Hotel,Negombo,INV-58264,410,2,,820
Direct,124,19-Sep,Waves By Tranquil Hotel Negombo,Negombo,INV-58269,410,1,,410
Direct,125,19-Sep,Kavisha Bakers,Negombo,INV-58271,410,2,,820
Direct,126,19-Sep,Kavisha Bakers,Negombo,INV-58272,410,1,,410
Direct,127,19-Sep,Negombo Hotel,Negombo,INV-58274,410,1,,410
Direct,128,19-Sep,Weligampitiya Hotel,Negombo,INV-58276,410,1,,410
Direct,129,19-Sep,Teachers Choice,Negombo,INV-58277,410,5,,"2,050"
Direct,130,19-Sep,Ocean La Banquets (Kochchi Family Resturant),Negombo,INV-58282,410,1,,410
Direct,131,19-Sep,Rosa Food,Negombo,INV-58284,410,1,,410
Direct,132,20-Sep,Greens Corner - Negombo (Nafan Hotel),Negombo,INV-58293,410,1,,410
Direct,133,20-Sep,St. Joseph Hotel,Negombo,INV-58295,410,1,,410
Direct,134,20-Sep,Gami Rasa,Negombo,INV-58297,410,2,,820
Direct,135,20-Sep,Bombe Sweet Palace,Negombo,INV-58302,410,15,,"6,150"
Direct,136,20-Sep,Star Hotel & Cool Spot,Negombo,INV-58303,410,1,,410
Direct,137,20-Sep,Rizan Tea Corner,Negombo,INV-58307,410,1,,410
Direct,138,20-Sep,Ajmeer Hotel,Negombo,INV-58309,410,2,,820
Direct,139,20-Sep,SS Beach Cafe,Negombo,INV-58311,410,2,,820
Direct,140,20-Sep,New Tajmahal Hotel,Negombo,INV-58312,410,6,,"2,460"
Direct,141,20-Sep,TTJ Those,Negombo,INV-58314,410,1,,410
Direct,142,20-Sep,Jega Food,Negombo,INV-58327,410,1,,410
Direct,143,20-Sep,Martin Restaurant & Pizza Lab,Negombo,INV-58329,410,2,,820
Direct,144,20-Sep,St Anne Bakery,Negombo,INV-58332,410,2,,820
Direct,145,20-Sep,The West Town,Negombo,INV-58345,410,1,,410
Direct,146,20-Sep,Brix Resturant & Cafe,Negombo,INV-58346,410,1,,410
Direct,147,20-Sep,Ammeehulla Resturant,Negombo,INV-58353,410,1,,410
Direct,148,20-Sep,Big Nana Biriyani House,Negombo,INV-58358,410,1,,410
Direct,149,20-Sep,New Sea Villa,Negombo,INV-58359,410,2,,820
Direct,150,20-Sep,Cafe Cassendro,Negombo,INV-58361,410,1,,410
Direct,151,20-Sep,Deshaka Bakers,Negombo,INV-58365,410,1,,410
Direct,152,20-Sep,The Blue Moya Resort & Resturant,Negombo,INV-58368,410,1,,410
Direct,153,20-Sep,Tharaka chinese restaurent and beer pub,Negombo,INV-58370,410,1,,410
Direct,154,20-Sep,Bismillah Hotel - Minuwangoda,Negombo,INV-58379,410,6,,"2,460"
Direct,155,20-Sep,Mas Active (Pvt) Ltd,Negombo,INV-58384,410,15,,"6,150"
Direct,156,20-Sep,Airport City Hotel - Katunayaka,Negombo,INV-58386,410,13,,"5,330"
Direct,157,20-Sep,Nugara Hotel,Negombo,INV-58390,410,4,,"1,640"
Direct,158,20-Sep,Bread Cart Muddaragama,Negombo,INV-58391,410,7,,"2,870"
Direct,159,20-Sep,Bread Cart Muddaragama,Negombo,INV-58392,410,2,,820
Direct,160,20-Sep,Aradhana Food Solutions (Pvt) Ltd,Negombo,INV-58395,410,2,,820
Direct,161,22-Sep,Calton Factory Katana,Negombo,AGT2405115,410,7,,"2,870"
Direct,162,22-Sep,Wet Water Resort,Negombo,AGT2405132,410,1,,410
Direct,163,22-Sep,Light House,Negombo,INV-58410,410,2,,820
Direct,164,22-Sep,Nihal Hotel,Negombo,INV-58421,410,4,,"1,640"
Direct,165,22-Sep,Athiliya,Negombo,INV-58430,410,1,,410
Direct,166,22-Sep,Black Nine Resturant,Negombo,INV-58432,410,1,,410
Direct,167,22-Sep,One Bambo Hotel,Negombo,INV-58438,410,3,,"1,230"
Direct,168,22-Sep,Jenat Hotel (I.S Distributor / K.G.M),Negombo,INV-58439,410,3,,"1,230"
Direct,169,22-Sep,Nimsara Hotel,Negombo,INV-58442,410,1,,410
Direct,170,22-Sep,Divya Hotel,Negombo,INV-58443,410,1,,410
Direct,171,22-Sep,Divashi Sinhala Hotel,Negombo,INV-58444,410,1,,410
Direct,172,22-Sep,Sisila Hotel,Negombo,INV-58446,410,1,,410
Direct,173,22-Sep,Amoda Ranketh Hotel - Akaragama,Negombo,INV-58447,410,1,,410
Direct,174,22-Sep,Chef King - Kurana,Negombo,INV-58450,410,2,,820
Direct,175,22-Sep,Chef King - Kurana,Negombo,INV-58451,410,1,,410
Direct,176,22-Sep,TheW Food Corner (Kusal Hotel / Roshan Food Corner),Negombo,INV-58452,410,1,,410
Direct,177,22-Sep,Best Bite Resturant,Negombo,INV-58453,410,2,,820
Direct,178,22-Sep,Sooriya Cafe & Family Resturant - Badalgama,Negombo,INV-58455,410,2,,820
Direct,179,22-Sep,La Pizzaria,Negombo,INV-58456,410,2,,820
Direct,180,22-Sep,CN Caters (Game Kade),Negombo,INV-58458,410,1,,410
Direct,181,22-Sep,Aruna Hotel,Negombo,INV-58460,410,2,,820
Direct,182,22-Sep,Che Resturant,Negombo,INV-58463,410,1,,410
Direct,183,22-Sep,Land of Kings Winterfell,Negombo,INV-58465,410,3,,"1,230"
Direct,184,22-Sep,Asiri Bakers,Negombo,INV-58476,410,1,,410
Direct,185,22-Sep,Isuru Caters Pvt Ltd (Leopards) - Gampaha,Negombo,INV-58480,410,5,,"2,050"
Direct,186,22-Sep,Peach Net - Katunayake,Negombo,INV-58481,410,2,,820
Direct,187,22-Sep,Gemunu Hotel,Negombo,INV-58489,410,1,,410
Direct,188,22-Sep,Fresh Bakers - Gampaha,Negombo,INV-58491,410,1,,410
Direct,189,22-Sep,Dinuka Hotel,Negombo,INV-58500,410,1,,410
Direct,190,22-Sep,Mahaweli Hotel,Negombo,INV-58504,410,2,,820
Direct,191,22-Sep,Mahaweli Hotel,Negombo,INV-58507,410,1,,410
Direct,192,22-Sep,Wijerathna Bakery,Negombo,INV-58510,410,1,,410
Direct,193,22-Sep,Lakshman Bakers,Negombo,INV-58512,410,1,,410
Direct,194,22-Sep,Nimal Rathna Bojun Hala,Negombo,INV-58513,410,1,,410
Direct,195,22-Sep,Tango Bake House,Negombo,INV-58520,410,3,,"1,230"
Direct,196,22-Sep,Guruge Hotel - Miriswatta,Negombo,INV-58522,410,1,,410
Direct,197,22-Sep,Memento Guest House,Negombo,INV-58528,410,1,,410
Direct,198,22-Sep,Rasa Bojun - Gampaha,Negombo,INV-58531,410,2,,820
Direct,199,22-Sep,Anura Cafe,Negombo,INV-58538,410,1,,410
Direct,200,22-Sep,New Tamarind Tree,Negombo,INV-58541,410,4,,"1,640"
Direct,201,22-Sep,Adisha Stores,Negombo,INV-58542,410,1,,410
Direct,202,22-Sep,CP Caters - Gampaha,Negombo,INV-58543,410,3,,"1,230"
Direct,203,22-Sep,Rashanee Chinese Restaurant - Gampaha,Negombo,INV-58545,410,1,,410
Direct,204,22-Sep,Nethmi Foods,Negombo,INV-58546,410,2,,820
Direct,205,22-Sep,Sundaragma,Negombo,INV-58548,410,2,,820
Direct,206,22-Sep,Pabasara Dine Family Resturant - Udugampola,Negombo,INV-58549,410,2,,820
Direct,207,22-Sep,Sesindu Sathsilu Product,Negombo,INV-58550,410,11,,"4,510"
Direct,208,22-Sep,Happy Bright Hotel,Negombo,INV-58552,410,2,,820
Direct,209,22-Sep,New Rest House,Negombo,INV-58554,410,2,,820
Direct,210,22-Sep,Rani Beach Resort,Negombo,INV-58557,410,2,,820
Direct,211,22-Sep,Cool Feel Hotel,Negombo,INV-58558,410,3,,"1,230"
Direct,212,22-Sep,Toro talk of the town,Negombo,INV-58559,410,5,,"2,050"
Direct,213,22-Sep,Cool Feel Hotel,Negombo,INV-58560,410,1,,410
Direct,214,22-Sep,Stars Hotel -Makevita,Negombo,INV-58561,410,4,,"1,640"
Direct,215,23-Sep,Dinithi Baker’s,Negombo,AGDPL127552,410,3,,"1,230"
Direct,216,23-Sep,La Queens Banquet,Negombo,INV-58611,410,2,,820
Direct,217,23-Sep,Full Moon Restaurant - Makadura,Negombo,INV-58613,410,1,,410
Direct,218,23-Sep,Candenlla Foods,Negombo,INV-58621,410,2,,820
Direct,219,23-Sep,Airport City Hotel - Katunayaka,Negombo,INV-58627,410,16,,"6,560"
Direct,220,23-Sep,Thora House,Negombo,INV-58637,410,1,,410
Direct,221,23-Sep,Deshaka Bakers,Negombo,INV-58638,410,3,,"1,230"
Direct,222,23-Sep,Hot & Cool Restaurant,Negombo,INV-58641,410,1,,410
Direct,223,23-Sep,Cafe two 88,Negombo,INV-58643,410,1,,410
Direct,224,23-Sep,Kandy Food Corner,Negombo,INV-58644,410,1,,410
Direct,225,23-Sep,Wasana Cake,Negombo,INV-58646,410,8,,"3,280"
Direct,226,23-Sep,Priyashanthi Hotel,Negombo,INV-58653,410,1,,410
Direct,227,23-Sep,Pradeep Hotel - Ekala,Negombo,INV-58656,410,1,,410
Direct,228,23-Sep,N N Food (Pranee Vehicle),Negombo,INV-58657,410,1,,410
Direct,229,23-Sep,Thunhela Rasahala - Dambadeniya,Negombo,INV-58658,410,2,,820
Direct,230,23-Sep,Oven Fresh Bakery & Cafe,Negombo,INV-58661,410,1,,410
Direct,231,23-Sep,Those Kade - Ja Ela (Dosai Kade),Negombo,INV-58670,410,1,,410
Direct,232,23-Sep,Thissera Bakery,Negombo,INV-58674,410,3,,"1,230"
Direct,233,23-Sep,Sameera Bakery,Negombo,INV-58683,410,11,,"4,510"
Direct,234,23-Sep,Zam Zam Hotel,Negombo,INV-58684,410,4,,"1,640"
Direct,235,23-Sep,LJ Bakery,Negombo,INV-58687,410,3,,"1,230"
Direct,236,23-Sep,Tanganiya Resturant,Negombo,INV-58693,410,2,,820
Direct,237,23-Sep,Madu Manjula,Negombo,INV-58696,410,5,,"2,050"
Direct,238,23-Sep,Jayalanka Hotel,Negombo,INV-58698,410,1,,410
Direct,239,23-Sep,Gemi Gedara,Negombo,INV-58700,410,1,,410
Direct,240,23-Sep,Kamilka Family Restaurant,Negombo,INV-58704,410,2,,820
Direct,241,23-Sep,Teachers Choice,Negombo,INV-58706,410,5,,"2,050"
Direct,242,23-Sep,Kavisha Bakers,Negombo,INV-58710,410,4,,"1,640"
Direct,243,23-Sep,Prasara Washing Plant,Negombo,INV-58728,410,3,,"1,230"
Direct,244,23-Sep,Saffron Resturant - Welisara,Negombo,INV-58731,410,4,,"1,640"
Direct,245,23-Sep,Ocean La Banquets (Kochchi Family Resturant),Negombo,INV-58732,410,2,,820
Direct,246,23-Sep,Cabba's Kitchen - Kandana,Negombo,INV-58737,410,2,,820
Direct,247,23-Sep,Suranga Caters,Negombo,INV-58743,410,10,,"4,100"
Direct,248,23-Sep,Pathima Food,Negombo,INV-58744,410,2,,820
Direct,249,23-Sep,Aurion Cabans,Negombo,INV-58745,410,1,,410
Direct,250,23-Sep,Keshan Food (C & L Bakery),Negombo,INV-58747,410,1,,410
Direct,251,23-Sep,Lotus Leaf (Dassanayake Hotel),Negombo,INV-58748,410,10,,"4,100"
Direct,252,23-Sep,Chinthaka Hotel,Negombo,INV-58750,410,5,,"2,050"
Direct,253,23-Sep,Rosa Food,Negombo,INV-58752,410,1,,410
Direct,254,23-Sep,Weligampitiya Hotel,Negombo,INV-58755,410,2,,820
Direct,255,23-Sep,Aradhana Food Solutions (Pvt) Ltd,Negombo,INV-58757,410,2,,820
Direct,256,23-Sep,LM Luckymo,Negombo,INV-58759,410,3,,"1,230"
Direct,257,24-Sep,Saminro Reception Hall - Kadawatha,Negombo,AGT2405152,410,12,,"4,920"
Direct,258,24-Sep,Nayomie's Resturant,Negombo,AGT2405157,410,8,,"3,280"
Direct,259,24-Sep,Sanmik Food (PVT) Ltd,Negombo,AGT2405160,410,1,,410
Direct,260,24-Sep,Hotel Blooming,Negombo,INV-58761,410,2,,820
Direct,261,24-Sep,Thilak Senanayaka Bakery,Negombo,INV-58763,410,1,,410
Direct,262,24-Sep,Ranjith Hotel,Negombo,INV-58770,410,1,,410
Direct,263,24-Sep,Raheemiya Hotel,Negombo,INV-58771,410,1,,410
Direct,264,24-Sep,St. Joseph Hotel,Negombo,INV-58772,410,1,,410
Direct,265,24-Sep,Rizan Tea Corner,Negombo,INV-58779,410,1,,410
Direct,266,24-Sep,Paradise Hotel,Negombo,INV-58783,410,1,,410
Direct,267,24-Sep,Paradise Hotel,Negombo,INV-58784,410,1,,410
Direct,268,24-Sep,TTJ Those,Negombo,INV-58790,410,2,,820
Direct,269,24-Sep,Bismillah Hotel - Minuwangoda,Negombo,INV-58799,410,3,,"1,230"
Direct,270,24-Sep,Greens Corner - Negombo (Nafan Hotel),Negombo,INV-58809,410,2,,820
Direct,271,24-Sep,Bread Cart Muddaragama,Negombo,INV-58830,410,10,,"4,100"
Direct,272,24-Sep,St. Joseph Reception Hall,Negombo,INV-58831,410,5,,"2,050"
Direct,273,24-Sep,Oyama Catering,Negombo,INV-58836,410,6,,"2,460"
Direct,274,24-Sep,Cafe Cassendro,Negombo,INV-58858,410,2,,820
Direct,275,24-Sep,Induruwa Caters,Negombo,INV-58881,410,9,,"3,690"
Direct,276,24-Sep,Nethuli Food,Negombo,INV-58884,410,18,,"7,380"
Direct,277,25-Sep,Spar Seeduwa,Negombo,AGT2405170,410,1,,410
Direct,278,25-Sep,Nihal Hotel,Negombo,INV-58889,410,2,,820
Direct,279,25-Sep,Raneesha Bakers,Negombo,INV-58890,410,2,,820
Direct,280,25-Sep,Cabana Cafe & Resturant,Negombo,INV-58899,410,1,,410
Direct,281,25-Sep,Divya Hotel,Negombo,INV-58900,410,1,,410
Direct,282,25-Sep,Lavonra Catering Service,Negombo,INV-58904,410,5,,"2,050"
Direct,283,25-Sep,Best Bite Resturant,Negombo,INV-58908,410,1,,410
Direct,284,25-Sep,Sandali Bakery,Negombo,INV-58913,410,1,,410
Direct,285,25-Sep,Sandali Bakery,Negombo,INV-58914,410,1,,410
Direct,286,25-Sep,Che Resturant,Negombo,INV-58915,410,1,,410
Direct,287,25-Sep,Gehan Bake House,Negombo,INV-58916,410,1,,410
Direct,288,25-Sep,Land of Kings Winterfell,Negombo,INV-58919,410,4,,"1,640"
Direct,289,25-Sep,Peach Net - Katunayake,Negombo,INV-58921,410,2,,820
Direct,290,25-Sep,Dinuka Hotel,Negombo,INV-58922,410,2,,820
Direct,291,25-Sep,Sunshine restaurant,Negombo,INV-58924,410,4,,"1,640"
Direct,292,25-Sep,Dr. Food Resturant- Gampaha,Negombo,INV-58929,410,1,,410
Direct,293,25-Sep,Kings Kitchen Family Restaurant,Negombo,INV-58932,410,3,,"1,230"
Direct,294,25-Sep,Asiri Bakers,Negombo,INV-58938,410,2,,820
Direct,295,25-Sep,Asiri Bakers,Negombo,INV-58939,410,1,,410
Direct,296,25-Sep,Isuru Caters Pvt Ltd (Leopards) - Gampaha,Negombo,INV-58941,410,3,,"1,230"
Direct,297,25-Sep,Cinnamon Resi (Zigma Distributor),Negombo,INV-58945,410,2,,820
Direct,298,25-Sep,Fresh Bakers - Gampaha,Negombo,INV-58949,410,1,,410
Direct,299,25-Sep,Gemunu Hotel,Negombo,INV-58951,410,1,,410
Direct,300,25-Sep,Siriduwa Hotel - Seeduwa,Negombo,INV-58956,410,2,,820
Direct,301,25-Sep,Golden Bird Bakers,Negombo,INV-58965,410,9,,"3,690"
Direct,302,25-Sep,Lakshman Bakers,Negombo,INV-58973,410,1,,410
Direct,303,25-Sep,Chef King Cafe & Restaurant - Minuwangoda,Negombo,INV-58977,410,3,,"1,230"
Direct,304,25-Sep,Jenat Hotel (I.S Distributor / K.G.M),Negombo,INV-58978,410,4,,"1,640"
Direct,305,25-Sep,Wijerathna Bakery,Negombo,INV-58989,410,3,,"1,230"
Direct,306,25-Sep,Mahaweli Hotel,Negombo,INV-58992,410,1,,410
Direct,307,25-Sep,New Tamarind Tree,Negombo,INV-58999,410,4,,"1,640"
Direct,308,25-Sep,Airport City Hotel - Katunayaka,Negombo,INV-59004,410,15,,"6,150"
Direct,309,25-Sep,Pabasara Dine Family Resturant - Udugampola,Negombo,INV-59005,410,1,,410
Direct,310,25-Sep,Sesindu Sathsilu Product,Negombo,INV-59009,410,18,,"7,380"
Direct,311,25-Sep,Nethmi Foods,Negombo,INV-59012,410,2,,820
Direct,312,25-Sep,Priyantha Sweets,Negombo,INV-59013,410,4,,"1,640"
Direct,313,25-Sep,The Point Resturant - Negombo,Negombo,INV-59016,410,2,,820
Direct,314,25-Sep,Stars Hotel -Makevita,Negombo,INV-59019,410,1,,410
Direct,315,25-Sep,Castle Family (Nirosh Resturant),Negombo,INV-59021,410,1,,410
Direct,316,25-Sep,Black Nine Resturant,Negombo,INV-59022,410,1,,410
Direct,317,26-Sep,MAG Pvt Ltd,Negombo,AGT2405188,410,1,,410
Direct,318,26-Sep,Light House,Negombo,INV-59027,410,2,,820
Direct,319,26-Sep,Aradhana Food Solutions (Pvt) Ltd,Negombo,INV-59029,410,2,,820
Direct,320,26-Sep,Candenlla Foods,Negombo,INV-59030,410,1,,410
Direct,321,26-Sep,Marshal Bakery,Negombo,INV-59032,410,1,,410
Direct,322,26-Sep,Priyashanthi Hotel,Negombo,INV-59042,410,1,,410
Direct,323,26-Sep,NR Foods,Negombo,INV-59043,410,1,,410
Direct,324,26-Sep,Cafe two 88,Negombo,INV-59047,410,1,,410
Direct,325,26-Sep,Kandy Food Corner,Negombo,INV-59049,410,1,,410
Direct,326,26-Sep,Zam Zam Hotel,Negombo,INV-59056,410,3,,"1,230"
Direct,327,26-Sep,Negombo Hotel,Negombo,INV-59058,410,1,,410
Direct,328,26-Sep,One Bambo Hotel,Negombo,INV-59063,410,2,,820
Direct,329,26-Sep,Udaya Bakery,Negombo,INV-59065,410,5,,"2,050"
Direct,330,26-Sep,SS Beach Cafe,Negombo,INV-59071,410,2,,820
Direct,331,26-Sep,LJ Bakery,Negombo,INV-59074,410,1,,410
Direct,332,26-Sep,Those Kade - Ja Ela (Dosai Kade),Negombo,INV-59086,410,1,,410
Direct,333,26-Sep,Thissera Bakery,Negombo,INV-59090,410,1,,410
Direct,334,26-Sep,Jayalath Traders,Negombo,INV-59101,410,2,,820
Direct,335,26-Sep,Ocean La Banquets (Kochchi Family Resturant),Negombo,INV-59103,410,1,,410
Direct,336,26-Sep,Madara Bakery,Negombo,INV-59108,410,1,,410
Direct,337,26-Sep,Madara Bakery,Negombo,INV-59109,410,1,,410
Direct,338,26-Sep,Teachers Choice,Negombo,INV-59113,410,4,,"1,640"
Direct,339,26-Sep,Game Cafe - Ragama,Negombo,INV-59114,410,1,,410
Direct,340,26-Sep,Saffron Resturant - Welisara,Negombo,INV-59117,410,3,,"1,230"
Direct,341,26-Sep,Sheen Resturant - Ragama,Negombo,INV-59118,410,1,,410
Direct,342,26-Sep,Oreeka Hotels - Kandawala,Negombo,INV-59119,410,3,,"1,230"
Direct,343,26-Sep,Roast Chicken - Kadana (Verona Resturant),Negombo,INV-59123,410,1,,410
Direct,344,26-Sep,Rosa Food,Negombo,INV-59126,410,1,,410
Direct,345,26-Sep,Pathima Food,Negombo,INV-59130,410,1,,410
Direct,346,26-Sep,St. Mary's Bakery And Grocery,Negombo,INV-59131,410,3,,"1,230"
Direct,347,26-Sep,Janatha Hotel,Negombo,INV-59136,410,2,,820
Direct,348,26-Sep,Resturant 87,Negombo,INV-59138,410,1,,410
Direct,349,26-Sep,Hot Meal,Negombo,INV-59140,410,2,,820
Direct,350,26-Sep,LM Luckymo,Negombo,INV-59142,410,4,,"1,640"
Direct,351,27-Sep,Nayomie's Resturant,Negombo,AGT2405197,410,10,,820
Direct,352,27-Sep,Arie Lagoon,Negombo,AGT2405201,410,1,,410
Direct,353,27-Sep,Greens Corner - Negombo (Nafan Hotel),Negombo,INV-59163,410,1,,410
Direct,354,27-Sep,Ranjith Hotel,Negombo,INV-59166,410,1,,"1,230"
Direct,355,27-Sep,Ravindu Hotel,Negombo,INV-59167,410,1,,"1,230"
Direct,356,27-Sep,St. Joseph Hotel,Negombo,INV-59170,410,1,,410
Direct,357,27-Sep,Gami Rasa,Negombo,INV-59173,410,1,,820
Direct,358,27-Sep,Sisil Sewana,Negombo,INV-59177,410,1,,410
Direct,359,27-Sep,Rizan Tea Corner,Negombo,INV-59181,410,1,,820
Direct,360,27-Sep,Ajmeer Hotel,Negombo,INV-59182,410,2,,410
Direct,361,27-Sep,Paradise Hotel,Negombo,INV-59186,410,2,,820
Direct,362,27-Sep,TTJ Those,Negombo,INV-59190,410,5,,820
Direct,363,27-Sep,New Rest House,Negombo,INV-59195,410,1,,820
Direct,364,27-Sep,Choy's,Negombo,INV-59202,410,2,,"2,870"
Direct,365,27-Sep,Martin Restaurant & Pizza Lab,Negombo,INV-59212,410,3,,"4,920"
Direct,366,27-Sep,Toro talk of the town,Negombo,INV-59232,410,9,,410
Direct,367,27-Sep,Superma Food And Bakers,Negombo,INV-59243,410,18,,410
Direct,368,27-Sep,Airport City Hotel - Katunayaka,Negombo,INV-59247,410,10,,"1,230"
Direct,369,27-Sep,Dolphin Hotel,Negombo,INV-59249,410,2,,410
Direct,370,27-Sep,New Tamarind Tree,Negombo,INV-59250,410,4,,410
Direct,371,27-Sep,Sarasa Park Hotel,Negombo,INV-59253,410,7,,410
Direct,372,29-Sep,Spar negombo,Negombo,AGT2405217,410,2,,"1,230"
Direct,373,29-Sep,Trust Lanka Suppliers PVT LTD,Negombo,AGT2405227,410,1,,410
Direct,374,29-Sep,Thushan Cafe & Juice Bar,Negombo,INV-59257,410,1,,"3,280"
Direct,375,29-Sep,Hotel Blooming,Negombo,INV-59259,410,3,,820
Direct,376,29-Sep,Bismillah Hotel - Minuwangoda,Negombo,INV-59268,410,3,,"1,230"
Direct,377,29-Sep,Sisila Hotel,Negombo,INV-59279,410,1,,410
Direct,378,29-Sep,Best Bite Resturant,Negombo,INV-59283,410,2,,410
Direct,379,29-Sep,Che Resturant,Negombo,INV-59289,410,1,,"2,050"
Direct,380,29-Sep,New Sea Villa,Negombo,INV-59293,410,2,,410
Direct,381,29-Sep,The Blue Moya Resort & Resturant,Negombo,INV-59298,410,1,,410
Direct,382,29-Sep,Fish & Chips,Negombo,INV-59299,410,2,,"6,970"
Direct,383,29-Sep,Asiri Bakers,Negombo,INV-59305,410,2,,410
Direct,384,29-Sep,Asiri Bakers,Negombo,INV-59309,410,2,,"1,640"
Direct,385,29-Sep,Isuru Caters Pvt Ltd (Leopards) - Gampaha,Negombo,INV-59311,410,7,,410
Direct,386,29-Sep,Bread Cart Muddaragama,Negombo,INV-59314,410,12,,"2,870"
Direct,387,29-Sep,Fresh Bakers - Gampaha,Negombo,INV-59321,410,1,,820
Direct,388,29-Sep,Light House,Negombo,INV-59330,410,1,,820
Direct,389,29-Sep,Aradhana Food Solutions (Pvt) Ltd,Negombo,INV-59334,410,3,,"2,050"
Direct,390,29-Sep,Lakshman Bakers,Negombo,INV-59341,410,1,,"5,740"
Direct,391,29-Sep,Athiliya,Negombo,INV-59345,410,1,,"1,230"
Direct,392,29-Sep,Thunhela Rasahala - Dambadeniya,Negombo,INV-59350,410,1,,"1,230"
Direct,393,29-Sep,One Rice - Giriulla,Negombo,INV-59354,410,3,,410
Direct,394,29-Sep,Nethmi Foods,Negombo,INV-59357,410,1,,"1,640"
Direct,395,29-Sep,Wasana Cake,Negombo,INV-59360,410,8,,410
Direct,396,29-Sep,Divashi Sinhala Hotel,Negombo,INV-59361,410,2,,820
Direct,397,29-Sep,Chef King - Kurana,Negombo,INV-59363,410,3,,"4,100"
Direct,398,29-Sep,Memento Guest House,Negombo,INV-59369,410,1,,410
Direct,399,29-Sep,Rashanee Chinese Restaurant - Gampaha,Negombo,INV-59376,410,1,,410
Direct,400,29-Sep,Sundaragma,Negombo,INV-59379,410,5,,410
Direct,401,29-Sep,Tharaka chinese restaurent and beer pub,Negombo,INV-59380,410,1,,410
Direct,402,29-Sep,Pabasara Dine Family Resturant - Udugampola,Negombo,INV-59384,410,1,,410
Direct,403,29-Sep,Sesindu Sathsilu Product,Negombo,INV-59388,410,17,,410
Direct,404,29-Sep,Peach Net - Katunayake,Negombo,INV-59389,410,1,,410
Direct,405,29-Sep,Star Hotel & Cool Spot,Negombo,INV-59393,410,4,,410
Direct,406,29-Sep,Gemunu Hotel,Negombo,INV-59394,410,1,,820
Direct,407,29-Sep,New Tajmahal Hotel,Negombo,INV-59396,410,7,,820
Direct,408,29-Sep,Siriduwa Hotel - Seeduwa,Negombo,INV-59397,410,2,,"2,050"
Direct,409,29-Sep,Swarna Banquest Hall,Negombo,INV-59398,410,2,,410
Direct,410,29-Sep,New Tamarind Tree,Negombo,INV-59399,410,5,,820
Direct,411,29-Sep,Airport City Hotel - Katunayaka,Negombo,INV-59400,410,14,,"1,230"
Direct,412,29-Sep,Kavisha Bakers,Negombo,INV-59402,410,3,,"3,690"
Direct,413,29-Sep,Rich Table Family Restaurant,Negombo,INV-59404,410,3,,"7,380"
Direct,414,29-Sep,Mahaweli Hotel,Negombo,INV-59405,410,1,,"4,100"
Direct,415,29-Sep,Nihal Hotel,Negombo,INV-59407,410,4,,820
Direct,416,29-Sep,Machan - Ekala,Negombo,INV-59410,410,1,,"1,640"
Direct,417,29-Sep,One Bambo Hotel,Negombo,INV-59411,410,2,,"2,870"
Direct,418,30-Sep,Ramada,Negombo,AGT2405237,410,1,,410
Direct,419,30-Sep,Thora House,Negombo,INV-59423,410,2,,820
Direct,420,30-Sep,N N Food (Pranee Vehicle),Negombo,INV-59427,410,1,,410
Direct,421,30-Sep,Priyashanthi Hotel,Negombo,INV-59434,410,1,,410
Direct,422,30-Sep,NR Foods,Negombo,INV-59436,410,2,,820
Direct,423,30-Sep,Jenat Hotel (I.S Distributor / K.G.M),Negombo,INV-59445,410,5,,"2,050"
Direct,424,30-Sep,Zam Zam Hotel,Negombo,INV-59448,410,5,,"2,050"
Direct,425,30-Sep,Gemi Gedara,Negombo,INV-59458,410,1,,410
Direct,426,30-Sep,Hive Hotel & Resort,Negombo,INV-59466,410,2,,820
Direct,427,30-Sep,Ayu Care Medical Center,Negombo,INV-59472,410,1,,410
Direct,428,30-Sep,Teachers Choice,Negombo,INV-59475,410,6,,"2,460"
Direct,429,30-Sep,Ocean La Banquets (Kochchi Family Resturant),Negombo,INV-59487,410,2,,820
Direct,430,30-Sep,Hattiya - Kattuwa,Negombo,INV-59498,410,1,,410
Direct,431,30-Sep,Sunshine restaurant,Negombo,INV-59503,410,3,,"1,230"
Direct,432,30-Sep,Sameera Bakery,Negombo,INV-59529,410,11,,"4,510"
Direct,433,30-Sep,Dinushan Hotel & Fruit Center,Negombo,INV-59530,410,9,,"3,690"
Direct,434,30-Sep,Tango Bake House,Negombo,INV-59534,410,2,,820
Direct,435,30-Sep,Lotus Leaf (Dassanayake Hotel),Negombo,INV-59535,410,6,,"2,460"
Direct,436,30-Sep,Aurion Cabans,Negombo,INV-59537,410,1,,410
Direct,437,30-Sep,The Point Resturant - Negombo,Negombo,INV-59539,410,2,,820
Direct,1,1-Oct,Nayomie's Resturant,Negombo,AGT2405245,410,7,,"2,870"
Direct,2,1-Oct,Trust Lanka Suppliers PVT LTD,Negombo,AGT2405251,410,6,,"2,460"
Direct,3,1-Oct,Trust Lanka Suppliers PVT LTD,Negombo,AGT2405252,410,1,,410
Direct,4,1-Oct,Star Steel Limited,Negombo,AGT2405255,410,1,,410
Direct,5,1-Oct,Dinithi Baker’s,Negombo,INV-59541,410,4,,"1,640"
Direct,6,1-Oct,Raheemiya Hotel,Negombo,INV-59547,410,1,,410
Direct,7,1-Oct,St. Joseph Hotel,Negombo,INV-59549,410,1,,410
Direct,8,1-Oct,Gami Rasa,Negombo,INV-59551,410,1,,410
Direct,9,1-Oct,Onali Foods,Negombo,INV-59552,410,1,,410
Direct,10,1-Oct,Sethsawi Banquet Hall,Negombo,INV-59554,410,3,,"1,230"
Direct,11,1-Oct,Negombo Cafe,Negombo,INV-59555,410,7,,"2,870"
Direct,12,1-Oct,Rizan Tea Corner,Negombo,INV-59556,410,1,,410
Direct,13,1-Oct,Ajmeer Hotel,Negombo,INV-59559,410,2,,820
Direct,14,1-Oct,Kandy Foods,Negombo,INV-59560,410,2,,820
Direct,15,1-Oct,New Tajmahal Hotel,Negombo,INV-59564,410,2,,820
Direct,16,1-Oct,Oli Food,Negombo,INV-59565,410,3,,"1,230"
Direct,17,1-Oct,Jayalanka Hotel,Negombo,INV-59566,410,1,,410
Direct,18,1-Oct,TTJ Those,Negombo,INV-59569,410,2,,820
Direct,19,1-Oct,New Rest House,Negombo,INV-59571,410,2,,820
Direct,20,1-Oct,St. Joseph Reception Hall,Negombo,INV-59581,410,3,,"1,230"
Direct,21,1-Oct,Cafe two 88,Negombo,INV-59583,410,2,,820
Direct,22,1-Oct,Castle Family (Nirosh Resturant),Negombo,INV-59585,410,1,,410
Direct,23,1-Oct,St Anne Bakery,Negombo,INV-59596,410,1,,410
Direct,24,1-Oct,Deshaka Bakers,Negombo,INV-59599,410,1,,410
Direct,25,1-Oct,Rice Kade,Negombo,INV-59603,410,2,,820
Direct,26,1-Oct,Toro talk of the town,Negombo,INV-59619,410,10,,"4,100"
Direct,27,1-Oct,Greens Corner - Negombo (Nafan Hotel),Negombo,INV-59631,410,3,,"1,230"
Direct,28,1-Oct,Peach Net - Katunayake,Negombo,INV-59639,410,3,,"1,230"
Direct,29,1-Oct,Mas Active (Pvt) Ltd,Negombo,INV-59640,410,30,,"12,300"
Direct,30,1-Oct,Suranga Caters,Negombo,INV-59649,410,10,,"4,100"
Direct,31,1-Oct,Aradhana Food Solutions (Pvt) Ltd,Negombo,INV-59650,410,3,,"1,230"
Direct,32,1-Oct,Coronation Restaurant & Bar,Negombo,AGDPL127751,410,2,,820
Direct,33,2-Oct,Earl's Regent Negombo,Negombo,AGT2405272,410,2,,820
Direct,34,2-Oct,Livee Food,Negombo,INV-59651,410,1,,410
Direct,35,2-Oct,Hotel Blooming,Negombo,INV-59653,410,3,,"1,230"
Direct,36,2-Oct,Thilak Senanayaka Bakery,Negombo,INV-59655,410,1,,410
Direct,37,2-Oct,Barista Hotel,Negombo,INV-59668,410,2,,820
Direct,38,2-Oct,Praneetha Rasa Bojun - Kurana,Negombo,INV-59670,410,1,,410
Direct,39,2-Oct,One Bambo Hotel,Negombo,INV-59678,410,1,,410
Direct,40,2-Oct,Divashi Sinhala Hotel,Negombo,INV-59681,410,1,,410
Direct,41,2-Oct,Bismillah Hotel - Minuwangoda,Negombo,INV-59685,410,3,,"1,230"
Direct,42,2-Oct,Sisila Hotel,Negombo,INV-59686,410,1,,410
Direct,43,2-Oct,Che Resturant,Negombo,INV-59692,410,1,,410
Direct,44,2-Oct,Land of Kings Winterfell,Negombo,INV-59695,410,3,,"1,230"
Direct,45,2-Oct,Pasindu Caters,Negombo,INV-59703,410,4,,"1,640"
Direct,46,2-Oct,Isuru Caters Pvt Ltd (Leopards) - Gampaha,Negombo,INV-59705,410,3,,"1,230"
Direct,47,2-Oct,Cinnamon Resi (Zigma Distributor),Negombo,INV-59712,410,1,,410
Direct,48,2-Oct,Fresh Bakers - Gampaha,Negombo,INV-59716,410,1,,410
Direct,49,2-Oct,Gemunu Hotel,Negombo,INV-59718,410,1,,410
Direct,50,2-Oct,Siriduwa Hotel - Seeduwa,Negombo,INV-59721,410,1,,410
Direct,51,2-Oct,Golden Bird Bakers,Negombo,INV-59726,410,14,,"5,740"
Direct,52,2-Oct,Chef King Cafe & Restaurant - Minuwangoda,Negombo,INV-59742,410,3,,"1,230"
Direct,53,2-Oct,Caya Hotel,Negombo,INV-59747,410,1,,410
Direct,54,2-Oct,Pabasara Dine Family Resturant - Udugampola,Negombo,INV-59749,410,2,,820
Direct,55,2-Oct,Sundaragma,Negombo,INV-59752,410,1,,410
Direct,56,2-Oct,Wijerathna Bakery,Negombo,INV-59753,410,2,,820
Direct,57,2-Oct,Mr Mayoo,Negombo,INV-59755,410,1,,410
Direct,58,2-Oct,Mahaweli Hotel,Negombo,INV-59759,410,4,,"1,640"
Direct,59,2-Oct,Praveen Hotel,Negombo,INV-59762,410,1,,410
Direct,60,2-Oct,Happy Bright Hotel,Negombo,INV-59763,410,3,,"1,230"
Direct,61,2-Oct,Stars Hotel -Makevita,Negombo,INV-59769,410,2,,820
Direct,62,2-Oct,New Tamarind Tree,Negombo,INV-59770,410,2,,820
Direct,63,2-Oct,Cool Feel Hotel,Negombo,INV-59771,410,2,,820
Direct,64,2-Oct,Cool Feel Hotel,Negombo,INV-59772,410,1,,410
Direct,65,2-Oct,Black Nine Resturant,Negombo,INV-59773,410,1,,410
Direct,66,2-Oct,Airport City Hotel - Katunayaka,Negombo,INV-59774,410,21,,"8,610"
Direct,67,2-Oct,Nethmi Foods,Negombo,INV-59776,410,2,,820
Direct,68,3-Oct,Calton Factory Katana,Negombo,AGT2405283,410,11,,"4,510"
Direct,69,3-Oct,Nihal Hotel,Negombo,INV-59782,410,2,,820
Direct,70,3-Oct,Jenat Hotel (I.S Distributor / K.G.M),Negombo,INV-59786,410,1,,410
Direct,71,3-Oct,Divya Hotel,Negombo,INV-59789,410,1,,410
Direct,72,3-Oct,Aruna Hotel,Negombo,INV-59795,410,6,,"2,460"
Direct,73,3-Oct,Aradhana Food Solutions (Pvt) Ltd,Negombo,INV-59796,410,2,,820
Direct,74,3-Oct,Cabana Cafe & Resturant,Negombo,INV-59809,410,1,,410
Direct,75,3-Oct,Dinuka Hotel,Negombo,INV-59812,410,8,,"3,280"
Direct,76,3-Oct,Kings Kitchen Family Restaurant,Negombo,INV-59817,410,3,,"1,230"
Direct,77,3-Oct,SS Beach Cafe,Negombo,INV-59818,410,1,,410
Direct,78,3-Oct,Priyashanthi Hotel,Negombo,INV-59829,410,1,,410
Direct,79,3-Oct,Sandamali Bakers & Hotel,Negombo,INV-59830,410,8,,"3,280"
Direct,80,3-Oct,Zam Zam Hotel,Negombo,INV-59842,410,3,,"1,230"
Direct,81,3-Oct,Tanganiya Resturant,Negombo,INV-59849,410,2,,820
Direct,82,3-Oct,Gemi Gedara,Negombo,INV-59852,410,2,,820
Direct,83,3-Oct,LJ Bakery,Negombo,INV-59858,410,3,,"1,230"
Direct,84,3-Oct,Deshaka Bakers,Negombo,INV-59862,410,1,,410
Direct,85,3-Oct,La Queens Banquet,Negombo,INV-59869,410,1,,410
Direct,86,3-Oct,Prasara Washing Plant,Negombo,INV-59871,410,3,,"1,230"
Direct,87,3-Oct,Ocean La Banquets (Kochchi Family Resturant),Negombo,INV-59879,410,2,,820
Direct,88,3-Oct,Teachers Choice,Negombo,INV-59883,410,7,,"2,870"
Direct,89,3-Oct,Chinthaka Hotel,Negombo,INV-59892,410,5,,"2,050"
Direct,90,3-Oct,Rosa Food,Negombo,INV-59893,410,1,,410
Direct,91,4-Oct,Nayomie's Resturant,Negombo,AGT2405290,410,6,,"2,460"
Direct,92,4-Oct,Mathara Hotel,Negombo,INV-59896,410,1,,410
Direct,93,4-Oct,LM Luckymo,Negombo,INV-59898,410,6,,"2,460"
Direct,94,4-Oct,Kandy Food Corner,Negombo,INV-59901,410,2,,820
Direct,95,4-Oct,Bismillah Hotel - Minuwangoda,Negombo,INV-59912,410,2,,820
Direct,96,4-Oct,Ranjith Hotel,Negombo,INV-59925,410,1,,410
Direct,97,4-Oct,Gami Rasa,Negombo,INV-59929,410,1,,410
Direct,98,4-Oct,Those Kade - Ja Ela (Dosai Kade),Negombo,INV-59932,410,2,,820
Direct,99,4-Oct,Ajmeer Hotel,Negombo,INV-59937,410,2,,820
Direct,100,4-Oct,Bombe Sweet Palace,Negombo,INV-59941,410,10,,"4,100"
Direct,101,4-Oct,Paradise Hotel,Negombo,INV-59942,410,2,,820
Direct,102,4-Oct,Bread Cart Muddaragama,Negombo,INV-59946,410,10,,"4,100"
Direct,103,4-Oct,TTJ Those,Negombo,INV-59947,410,4,,"1,640"
Direct,104,4-Oct,Thissera Bakery,Negombo,INV-59948,410,4,,"1,640"
Direct,105,4-Oct,New Rest House,Negombo,INV-59950,410,1,,410
Direct,106,4-Oct,Choy's,Negombo,INV-59960,410,2,,820
Direct,107,4-Oct,St. Joseph Reception Hall,Negombo,INV-59966,410,2,,820
Direct,108,4-Oct,Jayalath Traders,Negombo,INV-59968,410,3,,"1,230"
Direct,109,4-Oct,Jega Food,Negombo,INV-59972,410,2,,820
Direct,110,4-Oct,Mathara Bath Kade - Ja Ela,Negombo,INV-59973,410,2,,820
Direct,111,4-Oct,St Anne Bakery,Negombo,INV-59976,410,2,,820
Direct,112,4-Oct,Kamilka Family Restaurant,Negombo,INV-59986,410,2,,820
Direct,113,4-Oct,The West Town,Negombo,INV-59990,410,3,,"1,230"
Direct,114,4-Oct,Brix Resturant & Cafe,Negombo,INV-59995,410,1,,410
Direct,115,4-Oct,Kavisha Bakers,Negombo,INV-59996,410,4,,"1,640"
Direct,116,4-Oct,Madara Bakery,Negombo,INV-60001,410,2,,820
Direct,117,4-Oct,Ammeehulla Resturant,Negombo,INV-60006,410,1,,410
Direct,118,4-Oct,Big Nana Biriyani House,Negombo,INV-60009,410,2,,820
Direct,119,4-Oct,New Sea Villa,Negombo,INV-60014,410,2,,820
Direct,120,4-Oct,Cafe Cassendro,Negombo,INV-60015,410,1,,410
Direct,121,4-Oct,Senuri Grand Castello,Negombo,INV-60016,410,10,,"4,100"
Direct,122,4-Oct,Waves By Tranquil Hotel Negombo,Negombo,INV-60017,410,1,,410
Direct,123,4-Oct,Saffron Resturant - Welisara,Negombo,INV-60018,410,6,,"2,460"
Direct,124,4-Oct,Roast Chicken - Kadana (Verona Resturant),Negombo,INV-60022,410,3,,"1,230"
Direct,125,4-Oct,Cabba's Kitchen - Kandana,Negombo,INV-60023,410,3,,"1,230"
Direct,126,4-Oct,St. Mary's Bakery And Grocery,Negombo,INV-60026,410,3,,"1,230"
Direct,127,4-Oct,Pathima Food,Negombo,INV-60027,410,1,,410
Direct,128,4-Oct,Pathima Food,Negombo,INV-60029,410,2,,820
Direct,129,4-Oct,New Tamarind Tree,Negombo,INV-60031,410,1,,410
Direct,130,4-Oct,Airport City Hotel - Katunayaka,Negombo,INV-60032,410,12,,"4,920"
Direct,131,4-Oct,Miracle Dome,Negombo,INV-60034,410,10,,"4,100"
Direct,132,6-Oct,Spar Seeduwa,Negombo,AGT2405302,410,1,,410
Direct,133,6-Oct,Light House,Negombo,INV-60035,410,1,,410
Direct,134,6-Oct,Athiliya,Negombo,INV-60036,410,1,,410
Direct,135,6-Oct,Divashi Sinhala Hotel,Negombo,INV-60038,410,2,,820
Direct,136,6-Oct,Ranka Take Away Food Cabin,Negombo,INV-60039,410,1,,410
Direct,137,6-Oct,Pasindu Caters,Negombo,INV-60040,410,2,,820
Direct,138,6-Oct,Cinnamon Resi (Zigma Distributor),Negombo,INV-60045,410,1,,410
Direct,139,6-Oct,Gemunu Hotel,Negombo,INV-60046,410,1,,410
Direct,140,6-Oct,Siriduwa Hotel - Seeduwa,Negombo,INV-60048,410,3,,"1,230"
Direct,141,6-Oct,Nethmi Foods,Negombo,INV-60050,410,2,,820
Direct,142,6-Oct,La Pizzaria,Negombo,INV-60051,410,2,,820
Direct,143,6-Oct,Wijerathna Bakery,Negombo,INV-60054,410,1,,410
Direct,144,6-Oct,Airport City Hotel - Katunayaka,Negombo,INV-60059,410,12,,"4,920"
Direct,145,6-Oct,Cabana Cafe & Resturant,Negombo,INV-60060,410,1,,410
Direct,146,7-Oct,Light House,Negombo,INV-60070,410,1,,410
Direct,147,7-Oct,Aradhana Food Solutions (Pvt) Ltd,Negombo,INV-60071,410,2,,820
Direct,148,7-Oct,Marshal Bakery,Negombo,INV-60073,410,1,,410
Direct,149,7-Oct,Thora House,Negombo,INV-60075,410,1,,410
Direct,150,7-Oct,Priyashanthi Hotel,Negombo,INV-60081,410,1,,410
Direct,151,7-Oct,Nihal Hotel,Negombo,INV-60090,410,3,,"1,230"
Direct,152,7-Oct,One Bambo Hotel,Negombo,INV-60091,410,3,,"1,230"
Direct,153,7-Oct,Jenat Hotel (I.S Distributor / K.G.M),Negombo,INV-60096,410,3,,"1,230"
Direct,154,7-Oct,Nimsara Hotel,Negombo,INV-60107,410,1,,410
Direct,155,7-Oct,Amoda Ranketh Hotel - Akaragama,Negombo,INV-60109,410,1,,410
Direct,156,7-Oct,Amoda Ranketh Hotel - Akaragama,Negombo,INV-60111,410,1,,410
Direct,157,7-Oct,Zam Zam Hotel,Negombo,INV-60117,410,2,,820
Direct,158,7-Oct,Negombo Hotel,Negombo,INV-60119,410,1,,410
Direct,159,7-Oct,Tanganiya Resturant,Negombo,INV-60122,410,1,,410
Direct,160,7-Oct,Gemi Gedara,Negombo,INV-60127,410,1,,410
Direct,161,7-Oct,Udaya Bakery,Negombo,INV-60131,410,4,,"1,640"
Direct,162,7-Oct,Best Bite Resturant,Negombo,INV-60135,410,4,,"1,640"
Direct,163,7-Oct,Teachers Choice,Negombo,INV-60138,410,6,,"2,460"
Direct,164,7-Oct,Sandali Bakery,Negombo,INV-60152,410,1,,410
Direct,165,7-Oct,Sisila Hotel,Negombo,INV-60154,410,1,,410
Direct,166,7-Oct,Che Resturant,Negombo,INV-60156,410,1,,410
Direct,167,7-Oct,Ocean La Banquets (Kochchi Family Resturant),Negombo,INV-60157,410,1,,410
Direct,168,7-Oct,Land of Kings Winterfell,Negombo,INV-60159,410,1,,410
Direct,169,7-Oct,Asiri Bakers,Negombo,INV-60162,410,2,,820
Direct,170,7-Oct,Asiri Bakers,Negombo,INV-60166,410,5,,"2,050"
Direct,171,7-Oct,Isuru Caters Pvt Ltd (Leopards) - Gampaha,Negombo,INV-60168,410,5,,"2,050"
Direct,172,7-Oct,Tharaka chinese restaurent and beer pub,Negombo,INV-60169,410,2,,820
Direct,173,7-Oct,Toro talk of the town,Negombo,INV-60172,410,14,,"5,740"
Direct,174,7-Oct,Rice Kade,Negombo,INV-60174,410,1,,410
Direct,175,7-Oct,Chill Bro,Negombo,INV-60175,410,4,,"1,640"
Direct,176,7-Oct,Fresh Bakers - Gampaha,Negombo,INV-60178,410,1,,410
Direct,177,7-Oct,Wasana Cake,Negombo,INV-60180,410,13,,"5,330"
Direct,178,7-Oct,N N Food (Pranee Vehicle),Negombo,INV-60185,410,1,,410
Direct,179,7-Oct,Lakshman Bakers,Negombo,INV-60187,410,1,,410
Direct,180,7-Oct,Renolika Hotel,Negombo,INV-60189,410,2,,820
Direct,181,7-Oct,Rosa Food,Negombo,INV-60192,410,1,,410
Direct,182,7-Oct,The Point Resturant - Negombo,Negombo,INV-60194,410,2,,820
Direct,183,7-Oct,Memento Guest House,Negombo,INV-60195,410,1,,410
Direct,184,7-Oct,Deshaka Bakers,Negombo,INV-60196,410,3,,"1,230"
Direct,185,7-Oct,Geethma Hotel,Negombo,INV-60197,410,2,,820
Direct,186,7-Oct,Rashanee Chinese Restaurant - Gampaha,Negombo,INV-60198,410,1,,410
Direct,187,7-Oct,Sesindu Sathsilu Product,Negombo,INV-60201,410,17,,"6,970"
Direct,188,8-Oct,Nayomie's Resturant,Negombo,AGT2405322,410,10,,"4,100"
Direct,189,8-Oct,Arie Lagoon,Negombo,AGT2405324,410,2,,820
Direct,190,8-Oct,Greens Corner - Negombo (Nafan Hotel),Negombo,INV-60211,410,4,,"1,640"
Direct,191,8-Oct,Raheemiya Hotel,Negombo,INV-60213,410,1,,410
Direct,192,8-Oct,St. Joseph Hotel,Negombo,INV-60214,410,1,,410
Direct,193,8-Oct,Gami Rasa,Negombo,INV-60217,410,1,,410
Direct,194,8-Oct,Onali Foods,Negombo,INV-60219,410,1,,410
Direct,195,8-Oct,Sisil Sewana,Negombo,INV-60220,410,1,,410
Direct,196,8-Oct,Sri Mugil Villa,Negombo,INV-60227,410,5,,"2,050"
Direct,197,8-Oct,Mathara Hotel,Negombo,INV-60228,410,1,,410
Direct,198,8-Oct,Ajmeer Hotel,Negombo,INV-60229,410,2,,820
Direct,199,8-Oct,Candenlla Foods,Negombo,INV-60231,410,1,,410
Direct,200,8-Oct,LM Luckymo,Negombo,INV-60234,410,2,,820
Direct,201,8-Oct,Negombo Cafe,Negombo,INV-60239,410,4,,"1,640"
Direct,202,8-Oct,Paradise Hotel,Negombo,INV-60243,410,1,,410
Direct,203,8-Oct,TTJ Those,Negombo,INV-60245,410,4,,"1,640"
Direct,204,8-Oct,Cafe two 88,Negombo,INV-60250,410,2,,820
Direct,205,8-Oct,Kandy Food Corner,Negombo,INV-60252,410,3,,"1,230"
Direct,206,8-Oct,New Rest House,Negombo,INV-60254,410,1,,410
Direct,207,8-Oct,Kandy Food Corner,Negombo,INV-60256,410,1,,410
Direct,208,8-Oct,Pradeep Hotel - Ekala,Negombo,INV-60259,410,1,,410
Direct,209,8-Oct,Castle Family (Nirosh Resturant),Negombo,INV-60269,410,1,,410
Direct,210,8-Oct,Oyama Catering,Negombo,INV-60280,410,3,,"1,230"
Direct,211,8-Oct,Those Kade - Ja Ela (Dosai Kade),Negombo,INV-60283,410,1,,410
Direct,212,8-Oct,Martin Restaurant & Pizza Lab,Negombo,INV-60285,410,4,,"1,640"
Direct,213,8-Oct,Sameera Bakery,Negombo,INV-60288,410,10,,"4,100"
Direct,214,8-Oct,St Anne Bakery,Negombo,INV-60289,410,1,,410
Direct,215,8-Oct,Jayalath Traders,Negombo,INV-60294,410,3,,"1,230"
Direct,216,8-Oct,Bread Cart Muddaragama,Negombo,INV-60303,410,10,,"4,100"
Direct,217,8-Oct,Madu Manjula,Negombo,INV-60304,410,4,,"1,640"
Direct,218,8-Oct,Madara Bakery,Negombo,INV-60307,410,2,,820
Direct,219,8-Oct,Game Cafe - Ragama,Negombo,INV-60313,410,1,,410
Direct,220,8-Oct,Sheen Resturant - Ragama,Negombo,INV-60319,410,1,,410
Direct,221,8-Oct,Royal Family Hub,Negombo,INV-60320,410,1,,410
Direct,222,8-Oct,Prasanna Bakery,Negombo,INV-60326,410,2,,820
Direct,223,8-Oct,Rani Beach Resort,Negombo,INV-60328,410,1,,410
Direct,224,8-Oct,Pathima Food,Negombo,INV-60332,410,1,,410
Direct,225,8-Oct,Weligampitiya Hotel,Negombo,INV-60340,410,1,,410
Direct,226,8-Oct,Bismillah Hotel - Minuwangoda,Negombo,INV-60349,410,9,,"3,690"
Direct,227,8-Oct,Nethmi Hotel & Banquet,Negombo,INV-60355,410,2,,820
Direct,228,8-Oct,Chef King - Kurana,Negombo,INV-60356,410,3,,"1,230"
Direct,229,8-Oct,Dolphin Hotel,Negombo,INV-60358,410,1,,410
Direct,230,8-Oct,Hotel Blooming,Negombo,INV-60360,410,2,,820
Direct,231,8-Oct,New Tamarind Tree,Negombo,INV-60361,410,3,,"1,230"
Direct,232,8-Oct,Livee Food,Negombo,INV-60362,410,1,,410
Direct,233,8-Oct,Airport City Hotel - Katunayaka,Negombo,INV-60363,410,12,,"4,920"
Direct,234,9-Oct,Light House,Negombo,INV-60374,410,1,,410
Direct,235,9-Oct,Aradhana Food Solutions (Pvt) Ltd,Negombo,INV-60378,410,2,,820
Direct,236,9-Oct,Bangalawatta Bakery - Kadawatha,Negombo,INV-60381,410,6,,"2,460"
Direct,237,9-Oct,La Grande - Banquet Hotel,Negombo,INV-60410,410,2,,820
Direct,238,9-Oct,Ranka Take Away Food Cabin,Negombo,INV-60422,410,1,,410
Direct,239,9-Oct,Dinithi Baker’s,Negombo,INV-60425,410,1,,410
Direct,240,9-Oct,Pasindu Caters,Negombo,INV-60429,410,2,,820
Direct,241,9-Oct,La Queens Banquet,Negombo,INV-60441,410,1,,410
Direct,242,9-Oct,Peach Net - Katunayake,Negombo,INV-60445,410,3,,"1,230"
Direct,243,9-Oct,Full Moon Restaurant - Makadura,Negombo,INV-60446,410,1,,410
Direct,244,9-Oct,Gemunu Hotel,Negombo,INV-60461,410,1,,410
Direct,245,9-Oct,Siriduwa Hotel - Seeduwa,Negombo,INV-60464,410,1,,410
Direct,246,9-Oct,Chef King Cafe & Restaurant - Minuwangoda,Negombo,INV-60491,410,2,,820
Direct,247,9-Oct,Samudra Hotel (Abishek),Negombo,INV-60494,410,1,,410
Direct,248,9-Oct,Tango Bake House,Negombo,INV-60498,410,1,,410
Direct,249,9-Oct,Star Hotel & Cool Spot,Negombo,INV-60501,410,4,,"1,640"
Direct,250,9-Oct,New Tajmahal Hotel,Negombo,INV-60503,410,6,,"2,460"
Direct,251,9-Oct,Wijerathna Bakery,Negombo,INV-60504,410,1,,410
Direct,252,9-Oct,Jayalanka Hotel,Negombo,INV-60507,410,1,,410
Direct,253,9-Oct,Dinushan Hotel & Fruit Center,Negombo,INV-60511,410,3,,"1,230"
Direct,254,9-Oct,NC Hotel,Negombo,INV-60512,410,4,,"1,640"
Direct,255,9-Oct,Lucky Stores,Negombo,INV-60514,410,1,,410
Direct,256,9-Oct,New Tamarind Tree,Negombo,INV-60517,410,1,,410
Direct,257,9-Oct,New Tamarind Tree,Negombo,INV-60519,410,3,,"1,230"
Direct,258,10-Oct,Trust Lanka Suppliers PVT LTD,Negombo,AGT2405358,410,1,,410
Direct,259,10-Oct,Damro Factory - Loluwagoda,Negombo,AGT2405361,410,3,,"1,230"
Direct,260,10-Oct,Thora House,Negombo,INV-60539,410,1,,410
Direct,261,10-Oct,Priyashanthi Hotel,Negombo,INV-60541,410,1,,410
Direct,262,10-Oct,Sisila Hotel,Negombo,INV-60555,410,1,,410
Direct,263,10-Oct,Kanchana Food Center,Negombo,INV-60556,410,7,,"2,870"
Direct,264,10-Oct,Nihal Hotel,Negombo,INV-60561,410,1,,410
Direct,265,10-Oct,Sandali Bakery,Negombo,INV-60562,410,1,,410
Direct,266,10-Oct,Che Resturant,Negombo,INV-60565,410,1,,410
Direct,267,10-Oct,Jenat Hotel (I.S Distributor / K.G.M),Negombo,INV-60568,410,4,,"1,640"
Direct,268,10-Oct,Land of Kings Winterfell,Negombo,INV-60569,410,2,,820
Direct,269,10-Oct,Gemi Gedara,Negombo,INV-60573,410,1,,410
Direct,270,10-Oct,Udaya Bakery,Negombo,INV-60576,410,3,,"1,230"
Direct,271,10-Oct,Nimsara Hotel,Negombo,INV-60581,410,1,,410
Direct,272,10-Oct,LJ Bakery,Negombo,INV-60584,410,2,,820
Direct,273,10-Oct,Amoda Ranketh Hotel - Akaragama,Negombo,INV-60586,410,1,,410
Direct,274,10-Oct,TheW Food Corner (Kusal Hotel / Roshan Food Corner),Negombo,INV-60587,410,2,,820
Direct,275,10-Oct,SS Beach Cafe,Negombo,INV-60588,410,2,,820
Direct,276,10-Oct,Teachers Choice,Negombo,INV-60589,410,3,,"1,230"
Direct,277,10-Oct,Isuru Caters Pvt Ltd (Leopards) - Gampaha,Negombo,INV-60592,410,2,,820
Direct,278,10-Oct,Lavonra Catering Service,Negombo,INV-60599,410,10,,"4,100"
Direct,279,10-Oct,Prasara Washing Plant,Negombo,INV-60609,410,2,,820
Direct,280,10-Oct,New Rest House,Negombo,INV-60619,410,2,,820
Direct,281,10-Oct,Guruge Hotel - Miriswatta,Negombo,INV-60625,410,1,,410
Direct,282,10-Oct,Rasa Bojun - Gampaha,Negombo,INV-60633,410,2,,820
Direct,283,10-Oct,Caya Hotel,Negombo,INV-60637,410,1,,410
Direct,284,10-Oct,Dinuka Hotel,Negombo,INV-60638,410,2,,820
Direct,285,10-Oct,CP Caters - Gampaha,Negombo,INV-60639,410,3,,"1,230"
Direct,286,10-Oct,Sunshine restaurant,Negombo,INV-60641,410,5,,"2,050"
Direct,287,10-Oct,Rashanee Chinese Restaurant - Gampaha,Negombo,INV-60642,410,2,,820
Direct,288,10-Oct,Aurion Cabans,Negombo,INV-60644,410,1,,410
Direct,289,10-Oct,Pabasara Dine Family Resturant - Udugampola,Negombo,INV-60646,410,1,,410
Direct,290,10-Oct,Resheen Hotel and Banquets,Negombo,INV-60647,410,3,,"1,230"
Direct,291,10-Oct,Rosa Food,Negombo,INV-60648,410,1,,410
Direct,292,10-Oct,Oven Fresh Bakery & Cafe,Negombo,INV-60655,410,1,,410
Direct,293,10-Oct,Kings Kitchen Family Restaurant,Negombo,INV-60656,410,3,,"1,230"
Direct,294,10-Oct,Optimum Restaurant,Negombo,INV-60659,410,1,,410
Direct,295,10-Oct,Priyantha Sweets,Negombo,INV-60660,410,4,,"1,640"
Direct,296,10-Oct,Tharaka chinese restaurent and beer pub,Negombo,INV-60661,410,1,,410
Direct,297,10-Oct,Happy Bright Hotel,Negombo,INV-60668,410,3,,"1,230"
Direct,298,10-Oct,Deshaka Bakers,Negombo,INV-60670,410,1,,410
Direct,299,10-Oct,Airport City Hotel - Katunayaka,Negombo,INV-60674,410,11,,"4,510"
Direct,300,10-Oct,Green Rest,Negombo,INV-60678,410,1,,410
Direct,301,10-Oct,Stars Hotel -Makevita,Negombo,INV-60680,410,1,,410
Direct,302,10-Oct,Cool Feel Hotel,Negombo,INV-60682,410,3,,"1,230"
Direct,303,10-Oct,Black Nine Resturant,Negombo,INV-60684,410,1,,410
Direct,304,10-Oct,Nugara Hotel,Negombo,INV-60685,410,4,,"1,640"
Direct,305,10-Oct,Lotus Leaf (Dassanayake Hotel),Negombo,INV-60686,410,8,,"3,280"
Direct,306,10-Oct,Chinthaka Hotel,Negombo,INV-60689,410,3,,"1,230"
Direct,307,11-Oct,Nayomie's Resturant,Negombo,AGT2405369,410,6,,"2,460"
Direct,308,11-Oct,Saminro Reception Hall - Kadawatha,Negombo,AGT2405372,410,15,,"6,150"
Direct,309,11-Oct,Sameeha Family Restaurant,Negombo,AGT2405377,410,43,,"17,630"
Direct,310,11-Oct,Ranjith Hotel,Negombo,INV-60695,410,1,,410
Direct,311,11-Oct,St. Joseph Hotel,Negombo,INV-60697,410,1,,410
Direct,312,11-Oct,Ajmeer Hotel,Negombo,INV-60702,410,2,,820
Direct,313,11-Oct,Superma Food And Bakers,Negombo,INV-60706,410,12,,"4,920"
Direct,314,11-Oct,St. Joseph Reception Hall,Negombo,INV-60711,410,6,,"2,460"
Direct,315,11-Oct,LM Luckymo,Negombo,INV-60714,410,4,,"1,640"
Direct,316,11-Oct,Thushan Cafe & Juice Bar,Negombo,INV-60715,410,2,,820
Direct,317,11-Oct,Thilak Senanayaka Bakery,Negombo,INV-60721,410,1,,410
Direct,318,11-Oct,Cafe two 88,Negombo,INV-60722,410,1,,410
Direct,319,11-Oct,Kandy Food Corner,Negombo,INV-60723,410,1,,410
Direct,320,11-Oct,Ranaveera Foods,Negombo,INV-60724,410,1,,410
Direct,321,11-Oct,Hive Hotel & Resort,Negombo,INV-60727,410,1,,410
Direct,322,11-Oct,Paradise Hotel,Negombo,INV-60729,410,1,,410
Direct,323,11-Oct,TTJ Those,Negombo,INV-60733,410,3,,"1,230"
Direct,324,11-Oct,AYOWA GRAND Hotel,Negombo,INV-60741,410,1,,410
Direct,325,11-Oct,One Bambo Hotel,Negombo,INV-60742,410,2,,820
Direct,326,11-Oct,Those Kade - Ja Ela (Dosai Kade),Negombo,INV-60758,410,1,,410
Direct,327,11-Oct,Jega Food,Negombo,INV-60760,410,1,,410
Direct,328,11-Oct,St Anne Bakery,Negombo,INV-60767,410,1,,410
Direct,329,11-Oct,Kamilka Family Restaurant,Negombo,INV-60779,410,2,,820
Direct,330,11-Oct,Madara Bakery,Negombo,INV-60784,410,1,,410
Direct,331,11-Oct,Bismillah Hotel - Minuwangoda,Negombo,INV-60790,410,7,,"2,870"
Direct,332,11-Oct,Sasha Food Court - Naiwala,Negombo,INV-60809,410,1,,410
Direct,333,11-Oct,Saffron Resturant - Welisara,Negombo,INV-60810,410,3,,"1,230"
Direct,334,11-Oct,Bread Cart Muddaragama,Negombo,INV-60819,410,9,,"3,690"
Direct,335,11-Oct,Roast Chicken - Kadana (Verona Resturant),Negombo,INV-60821,410,2,,820
Direct,336,11-Oct,Cabba's Kitchen - Kandana,Negombo,INV-60823,410,1,,410
Direct,337,11-Oct,Prasanna Bakery,Negombo,INV-60825,410,1,,410
Direct,338,11-Oct,Pathima Food,Negombo,INV-60826,410,2,,820
Direct,339,11-Oct,Bombe Sweet Palace,Negombo,INV-60830,410,5,,"2,050"
Direct,340,11-Oct,Bombe Sweet Palace,Negombo,INV-60831,410,5,,"2,050"
Direct,341,11-Oct,Kavisha Bakers,Negombo,INV-60836,410,5,,"2,050"
Direct,342,11-Oct,Royal Family Hub,Negombo,INV-60838,410,1,,410
Direct,343,11-Oct,New Sea Villa,Negombo,INV-60840,410,2,,820
Direct,344,11-Oct,Janatha Hotel,Negombo,INV-60841,410,2,,820
Direct,345,11-Oct,Hot Meal,Negombo,INV-60842,410,2,,820
Direct,346,11-Oct,Fish & Chips,Negombo,INV-60844,410,1,,410
Direct,347,11-Oct,Bhawana,Negombo,INV-60845,410,1,,410
Direct,348,11-Oct,Cafe Cassendro,Negombo,INV-60847,410,1,,410
Direct,349,13-Oct,Calton Factory Katana,Negombo,AGT2405389,410,12,,"4,920"
Direct,350,13-Oct,Nihal Hotel,Negombo,INV-60850,410,4,,"1,640"
Direct,351,13-Oct,Jenat Hotel (I.S Distributor / K.G.M),Negombo,INV-60851,410,2,,820
Direct,352,13-Oct,Amoda Ranketh Hotel - Akaragama,Negombo,INV-60855,410,1,,410
Direct,353,13-Oct,Che Resturant,Negombo,INV-60857,410,1,,410
Direct,354,13-Oct,Land of Kings Winterfell,Negombo,INV-60859,410,2,,820
Direct,355,13-Oct,Aruna Hotel,Negombo,INV-60862,410,2,,820
Direct,356,13-Oct,Dr. Food Resturant- Gampaha,Negombo,INV-60864,410,1,,410
Direct,357,13-Oct,Light House,Negombo,INV-60867,410,1,,410
Direct,358,13-Oct,Asiri Bakers,Negombo,INV-60869,410,1,,410
Direct,359,13-Oct,Isuru Caters Pvt Ltd (Leopards) - Gampaha,Negombo,INV-60874,410,2,,820
Direct,360,13-Oct,Cabana Cafe & Resturant,Negombo,INV-60876,410,1,,410
Direct,361,13-Oct,Lakshman Bakers,Negombo,INV-60883,410,2,,820
Direct,362,13-Oct,Peach Net - Katunayake,Negombo,INV-60889,410,1,,410
Direct,363,13-Oct,Airport City Hotel - Katunayaka,Negombo,INV-60896,410,18,,"7,380"
Direct,364,13-Oct,Asiri Bakers,Negombo,INV-60904,410,2,,820
Direct,365,13-Oct,Siriduwa Hotel - Seeduwa,Negombo,INV-60905,410,2,,820
Direct,366,13-Oct,Caya Hotel,Negombo,INV-60910,410,1,,410
Direct,367,13-Oct,Dinuka Hotel,Negombo,INV-60914,410,4,,"1,640"
Direct,368,13-Oct,Golden Bird Bakers,Negombo,INV-60916,410,19,,"7,790"
Direct,369,13-Oct,Sesindu Sathsilu Product,Negombo,INV-60920,410,12,,"4,920"
Direct,370,13-Oct,Sandamali Bakers & Hotel,Negombo,INV-60923,410,4,,"1,640"
Direct,371,13-Oct,Sundaragma,Negombo,INV-60927,410,1,,410
Direct,372,13-Oct,Pabasara Dine Family Resturant - Udugampola,Negombo,INV-60929,410,2,,820
Direct,373,13-Oct,Tango Bake House,Negombo,INV-60940,410,3,,"1,230"
Direct,374,13-Oct,Stars Hotel -Makevita,Negombo,INV-60942,410,1,,410
Direct,375,13-Oct,Pradeep Hotel - Ekala,Negombo,INV-60946,410,1,,410
Direct,376,13-Oct,Chamudika Hotel,Negombo,INV-60949,410,2,,820
Direct,377,13-Oct,Nimal Rathna Bojun Hala,Negombo,INV-60951,410,1,,410
Direct,378,13-Oct,One Bambo Hotel,Negombo,INV-60955,410,2,,820
Direct,379,13-Oct,Mahaweli Hotel,Negombo,INV-60956,410,4,,"1,640"
Direct,380,13-Oct,New Tamarind Tree,Negombo,INV-60968,410,5,,"2,050"
Direct,381,13-Oct,Cinnamon Resi (Zigma Distributor),Negombo,INV-60977,410,1,,410
Direct,382,13-Oct,Cinnamon Resi (Zigma Distributor),Negombo,INV-60978,410,1,,410
Direct,383,13-Oct,Gemunu Hotel,Negombo,INV-60979,410,1,,410
Direct,384,13-Oct,Chef King - Kurana,Negombo,INV-60982,410,3,,"1,230"
Direct,385,13-Oct,Divashi Sinhala Hotel,Negombo,INV-60983,410,2,,820
Direct,386,13-Oct,Nethmi Foods,Negombo,INV-60984,410,2,,820
Direct,387,14-Oct,LM Luckymo,Negombo,INV-60985,410,3,,"1,230"
Direct,388,14-Oct,Cafe two 88,Negombo,INV-60987,410,1,,410
Direct,389,14-Oct,Kandy Food Corner,Negombo,INV-60992,410,2,,820
Direct,390,14-Oct,Those Kade - Ja Ela (Dosai Kade),Negombo,INV-61009,410,1,,410
Direct,391,14-Oct,Thissera Bakery,Negombo,INV-61014,410,2,,820
Direct,392,14-Oct,Sameera Bakery,Negombo,INV-61016,410,8,,"3,280"
Direct,393,14-Oct,Pasindu Caters,Negombo,INV-61021,410,5,,"2,050"
Direct,394,14-Oct,Jayalath Traders,Negombo,INV-61024,410,3,,"1,230"
Direct,395,14-Oct,Mathara Bath Kade - Ja Ela,Negombo,INV-61027,410,1,,410
Direct,396,14-Oct,Madu Manjula,Negombo,INV-61032,410,4,,"1,640"
Direct,397,14-Oct,Kamilka Family Restaurant,Negombo,INV-61034,410,2,,820
Direct,398,14-Oct,Thora House,Negombo,INV-61045,410,2,,820
Direct,399,14-Oct,Game Cafe - Ragama,Negombo,INV-61050,410,1,,410
Direct,400,14-Oct,Saffron Resturant - Welisara,Negombo,INV-61054,410,5,,"2,050"
Direct,401,14-Oct,N N Food (Pranee Vehicle),Negombo,INV-61056,410,1,,410
Direct,402,14-Oct,Priyashanthi Hotel,Negombo,INV-61061,410,1,,410
Direct,403,14-Oct,Rich Table Family Restaurant,Negombo,INV-61063,410,3,,"1,230"
Direct,404,14-Oct,St. Mary's Bakery And Grocery,Negombo,INV-61064,410,4,,"1,640"
Direct,405,14-Oct,NR Foods,Negombo,INV-61065,410,2,,820
Direct,406,14-Oct,NR Foods,Negombo,INV-61066,410,1,,410
Direct,407,14-Oct,La Queens Banquet,Negombo,INV-61067,410,1,,410
Direct,408,14-Oct,Zam Zam Hotel,Negombo,INV-61068,410,5,,"2,050"
Direct,409,14-Oct,Weligampitiya Hotel,Negombo,INV-61069,410,1,,410
Direct,410,14-Oct,Al Reem Negombo (Pvt) Ltd,Negombo,INV-61072,410,2,,820
Direct,411,14-Oct,Sethsawi Banquet Hall,Negombo,INV-61075,410,3,,"1,230"
Direct,412,14-Oct,Tanganiya Resturant,Negombo,INV-61076,410,1,,410
Direct,413,14-Oct,Kandy Foods,Negombo,INV-61078,410,1,,410
Direct,414,14-Oct,Udaya Bakery,Negombo,INV-61080,410,1,,410
Direct,415,14-Oct,Udaya Bakery,Negombo,INV-61082,410,3,,"1,230"
Direct,416,14-Oct,Star Hotel & Cool Spot,Negombo,INV-61083,410,2,,820
Direct,417,14-Oct,New Tajmahal Hotel,Negombo,INV-61085,410,5,,"2,050"
Direct,418,14-Oct,Deshaka Bakers,Negombo,INV-61098,410,1,,410
Direct,419,14-Oct,Deshaka Bakers,Negombo,INV-61100,410,1,,410
Direct,420,14-Oct,Rice Kade,Negombo,INV-61102,410,2,,820
Direct,421,14-Oct,Ocean La Banquets (Kochchi Family Resturant),Negombo,INV-61103,410,2,,820
Direct,422,14-Oct,Wasana Cake,Negombo,INV-61106,410,6,,"2,460"
Direct,423,14-Oct,Thunhela Rasahala - Dambadeniya,Negombo,INV-61108,410,1,,410
Direct,424,14-Oct,Prasara Washing Plant,Negombo,INV-61109,410,2,,820
Direct,425,14-Oct,One Rice - Giriulla,Negombo,INV-61112,410,7,,"2,870"
Direct,426,14-Oct,Teachers Choice,Negombo,INV-61113,410,7,,"2,870"
Direct,427,14-Oct,Rosa Food,Negombo,INV-61115,410,1,,410
Direct,428,14-Oct,Aradhana Food Solutions (Pvt) Ltd,Negombo,INV-61117,410,3,,"1,230"
Direct,429,15-Oct,Nayomie's Resturant,Negombo,AGT2405408,410,9,,"3,690"
Direct,430,15-Oct,Earl's Regent Negombo,Negombo,AGT2405413,410,1,,410
Direct,431,15-Oct,OHL Restaurant,Negombo,INV-61137,410,1,,410
Direct,432,15-Oct,Hotel Blooming,Negombo,INV-61147,410,4,,"1,640"
Direct,433,15-Oct,Mas Active (Pvt) Ltd,Negombo,INV-61150,410,30,,"12,300"
Direct,434,15-Oct,Thilak Senanayaka Bakery,Negombo,INV-61154,410,1,,410
Direct,435,15-Oct,Mandakini Club House,Negombo,INV-61161,410,1,,410
Direct,436,15-Oct,Ranjith Hotel,Negombo,INV-61163,410,1,,410
Direct,437,15-Oct,Raheemiya Hotel,Negombo,INV-61165,410,1,,410
Direct,438,15-Oct,St. Joseph Hotel,Negombo,INV-61167,410,1,,410
Direct,439,15-Oct,Real Bombay Sweets,Negombo,INV-61169,410,1,,410
Direct,440,15-Oct,Gami Rasa,Negombo,INV-61174,410,1,,410
Direct,441,15-Oct,Onali Foods,Negombo,INV-61176,410,1,,410
Direct,442,15-Oct,Negombo Hotel,Negombo,INV-61179,410,3,,"1,230"
Direct,443,15-Oct,Senuri Grand Castello,Negombo,INV-61181,410,10,,"4,100"
Direct,444,15-Oct,Rizan Tea Corner,Negombo,INV-61183,410,1,,410
Direct,445,15-Oct,Ajmeer Hotel,Negombo,INV-61185,410,2,,820
Direct,446,15-Oct,Paradise Hotel,Negombo,INV-61188,410,2,,820
Direct,447,15-Oct,TTJ Those,Negombo,INV-61190,410,2,,820
Direct,448,15-Oct,Bismillah Hotel - Minuwangoda,Negombo,INV-61192,410,6,,"2,460"
Direct,449,15-Oct,New Rest House,Negombo,INV-61194,410,1,,410
Direct,450,15-Oct,New Rest House,Negombo,INV-61195,410,1,,410
Direct,451,15-Oct,Miura Dutch Edge Hotel (Pvt) Ltd,Negombo,INV-61201,410,2,,820
Direct,452,15-Oct,St. Joseph Reception Hall,Negombo,INV-61212,410,4,,"1,640"
Direct,453,15-Oct,Bread Cart Muddaragama,Negombo,INV-61219,410,10,,"4,100"
Direct,454,15-Oct,Martin Restaurant & Pizza Lab,Negombo,INV-61221,410,3,,"1,230"
Direct,455,15-Oct,The West Town,Negombo,INV-61228,410,1,,410
Direct,456,15-Oct,Toro talk of the town,Negombo,INV-61234,410,15,,"6,150"
Direct,457,15-Oct,Cafe Cassendro,Negombo,INV-61236,410,1,,410
Direct,458,15-Oct,Cafe Cassendro,Negombo,INV-61237,410,1,,410
Direct,459,15-Oct,Oyama Catering,Negombo,INV-61239,410,7,,"2,870"
Direct,460,15-Oct,The Blue Moya Resort & Resturant,Negombo,INV-61242,410,1,,410
Direct,461,15-Oct,Rani Beach Resort,Negombo,INV-61253,410,1,,410
